<?xml version="1.0" encoding="utf-8"?>
<COLLADA xmlns="http://www.collada.org/2005/11/COLLADASchema" version="1.4.1">
  <asset>
    <contributor><authoring_tool>ENIMIA URDF generator</authoring_tool></contributor>
    <created>2026-10-06T00:00:00</created><modified>2026-10-06T00:00:00</modified>
    <unit name="meter" meter="1"/>
    <up_axis>Z_UP</up_axis>
  </asset>
  <library_effects>
    <effect id="canopy-effect">
      <profile_COMMON>
        <technique sid="common">
          <phong>
            <emission><color>0 0 0 1</color></emission>
            <ambient><color>0.2000 0.3200 0.4000 1</color></ambient>
            <diffuse><color>0.2000 0.3200 0.4000 1</color></diffuse>
            <specular><color>0.6 0.6 0.6 1</color></specular>
            <shininess><float>60.0</float></shininess>
            <transparent opaque="A_ONE"><color>1 1 1 0.350</color></transparent>
            <transparency><float>1</float></transparency>
          </phong>
        </technique>
      </profile_COMMON>
    </effect>
  </library_effects>
  <library_materials>
    <material id="canopy-material" name="canopy-material"><instance_effect url="#canopy-effect"/></material>
  </library_materials>
  <library_geometries>
    <geometry id="canopy-geom" name="canopy">
      <mesh>
        <source id="canopy-pos">
          <float_array id="canopy-pos-array" count="29733">1.08496 0.08773 0.48663 1.08347 0.12762 0.47674 1.08484 -0.06110 0.49092 1.08276 0.10281 0.48460 1.08252 0.13372 0.47510 1.08424 -0.12217 0.47813 1.08491 -0.10542 0.48292 1.07753 -0.10432 0.48671 1.08509 -0.07062 0.48954 1.08224 -0.04875 0.49340 1.08506 -0.01491 0.49391 1.07921 -0.01941 0.49644 1.08138 -0.00630 0.49571 1.07841 -0.00145 0.49716 1.08520 0.00920 0.49387 1.07802 0.01608 0.49712 1.07889 0.02585 0.49634 1.08505 0.04914 0.49205 1.07810 0.05028 0.49519 1.07963 0.07475 0.49157 1.08148 0.09703 0.48650 1.07681 0.13712 0.47650 1.07765 0.15530 0.46796 1.08036 -0.15676 0.46585 1.08149 -0.13362 0.47548 1.07855 -0.11240 0.48403 1.07438 -0.10099 0.48916 1.07808 -0.09389 0.48888 1.07687 -0.08443 0.49135 1.07771 -0.06995 0.49326 1.07632 -0.06186 0.49484 1.07238 -0.05282 0.49762 1.07603 -0.03720 0.49712 1.07447 0.02946 0.49828 1.07630 0.05709 0.49544 1.07371 0.06383 0.49592 1.07185 0.07230 0.49574 1.07334 0.07944 0.49393 1.07764 0.08020 0.49171 1.07466 0.10621 0.48740 1.08100 0.11755 0.48123 1.07558 0.12841 0.48032 1.07320 0.13487 0.47921 1.07651 0.14812 0.47189 1.07148 0.17721 0.45968 1.06971 -0.17539 0.46152 1.07681 -0.16696 0.46249 1.07840 -0.14251 0.47352 1.07481 -0.13685 0.47767 1.07524 -0.12217 0.48253 1.07212 -0.10413 0.48947 1.07048 -0.09280 0.49283 1.07180 -0.08811 0.49318 1.07510 -0.07793 0.49332 1.06826 -0.07736 0.49657 1.07017 -0.04198 0.49969 1.06697 -0.03869 0.50135 1.06794 -0.02440 0.50164 1.06873 -0.00816 0.50163 1.07589 0.00521 0.49830 1.06943 0.01281 0.50119 1.06667 0.02725 0.50203 1.07709 0.03901 0.49657 1.06989 0.03702 0.50008 1.06497 0.04082 0.50215 1.07233 0.04982 0.49808 1.06806 0.05193 0.49987 1.07557 0.08836 0.49111 1.06728 0.09134 0.49441 1.06741 0.09943 0.49266 1.06452 0.11739 0.48914 1.07568 0.11887 0.48338 1.06961 0.12361 0.48469 1.06554 0.13853 0.48136 1.06987 0.15906 0.47007 1.06950 0.16645 0.46648 1.07259 0.17161 0.46214 1.06611 0.18324 0.45904 1.06378 -0.18478 0.45936 1.05787 -0.17832 0.46578 1.06729 -0.16516 0.46817 1.07181 -0.15153 0.47268 1.07284 -0.14156 0.47665 1.07105 -0.13496 0.48010 1.06695 -0.10907 0.49050 1.06832 -0.08719 0.49493 1.06709 -0.05468 0.50007 1.06128 -0.06070 0.50206 1.06671 -0.04914 0.50073 1.07146 -0.01464 0.50026 1.06742 0.00427 0.50225 1.06766 0.06482 0.49874 1.06135 0.06710 0.50134 1.06673 0.07886 0.49707 1.06443 0.10605 0.49242 1.05963 0.11366 0.49267 1.05843 0.13220 0.48717 1.06029 0.13751 0.48442 1.06765 0.14828 0.47625 1.06495 0.15711 0.47346 1.06904 0.17083 0.46444 1.06555 0.17323 0.46484 1.06502 -0.13629 0.48262 1.06743 -0.11890 0.48728 1.06947 -0.10094 0.49147 1.06560 -0.09887 0.49380 1.06415 -0.09590 0.49511 1.06284 -0.08640 0.49760 1.06070 -0.04873 0.50361 1.05752 -0.05097 0.50491 1.06821 -0.02923 0.50131 1.06000 -0.03399 0.50484 1.06251 -0.02451 0.50413 1.06256 -0.01873 0.50428 1.05866 -0.01556 0.50610 1.06527 -0.00438 0.50326 1.05980 0.00248 0.50575 1.06198 0.01389 0.50451 1.06080 0.02856 0.50473 1.05626 0.03015 0.50676 1.05615 0.04397 0.50599 1.06257 0.05754 0.50188 1.05996 0.07438 0.50097 1.06049 0.09546 0.49679 1.05517 0.10554 0.49687 1.05435 0.11703 0.49419 1.05662 0.12226 0.49151 1.05853 0.15229 0.47881 1.06129 0.15546 0.47608 1.06009 0.16736 0.47061 1.06076 0.17352 0.46703 1.05718 0.18190 0.46416 1.06168 0.19439 0.45521 1.06057 -0.19145 0.45736 1.05411 -0.18418 0.46443 1.05999 -0.15909 0.47489 1.06282 -0.14758 0.47885 1.06251 -0.13991 0.48232 1.06266 -0.13354 0.48462 1.05940 -0.10502 0.49510 1.05813 -0.09535 0.49796 1.05740 -0.08631 0.50006 1.06129 -0.07187 0.50053 1.05703 -0.05520 0.50467 1.05452 -0.04827 0.50641 1.04981 -0.04209 0.50895 1.05465 0.01688 0.50785 1.05302 0.03792 0.50787 1.05252 0.05240 0.50696 1.05658 0.05945 0.50446 1.05515 0.07071 0.50368 1.05614 0.08199 0.50138 1.05442 0.09074 0.50063 1.05049 0.09867 0.50072 1.04765 0.11632 0.49735 1.05422 0.12103 0.49312 1.05323 0.13789 0.48759 1.05476 0.14827 0.48245 1.04675 0.15887 0.48125 1.05245 0.17790 0.46862 1.05562 -0.18893 0.46115 1.04720 -0.17673 0.47175 1.05512 -0.16813 0.47262 1.05287 -0.16309 0.47637 1.05536 -0.13051 0.48910 1.05595 -0.11939 0.49253 1.04954 -0.11383 0.49719 1.05249 -0.10674 0.49791 1.05418 -0.10302 0.49808 1.04759 -0.10434 0.50064 1.05267 -0.09490 0.50056 1.05491 -0.07024 0.50380 1.04844 -0.06787 0.50704 1.05212 -0.03052 0.50850 1.04789 -0.02316 0.51071 1.05589 -0.00784 0.50749 1.05493 -0.00353 0.50801 1.05005 -0.00449 0.51013 1.04621 0.01144 0.51181 1.05131 0.02056 0.50933 1.04828 0.02512 0.51052 1.05466 0.03546 0.50724 1.04719 0.03313 0.51065 1.04877 0.06007 0.50784 1.04838 0.07037 0.50676 1.04460 0.07729 0.50734 1.04501 0.09125 0.50469 1.05375 0.09591 0.49987 1.05169 0.12262 0.49372 1.05164 0.12932 0.49144 1.04497 0.13941 0.49070 1.05516 0.14085 0.48547 1.05335 0.16366 0.47574 1.04967 0.17391 0.47210 1.04779 0.18502 0.46694 1.05253 0.19423 0.45977 1.05077 0.20410 0.45555 1.04772 -0.18679 0.46605 1.05353 -0.14557 0.48408 1.05350 -0.13825 0.48715 1.04968 -0.12990 0.49197 1.04842 -0.09365 0.50272 1.05157 -0.08446 0.50304 1.04823 -0.07905 0.50547 1.04958 -0.05843 0.50771 1.04275 -0.05742 0.51082 1.04606 -0.04901 0.51015 1.03663 -0.04964 0.51412 1.04455 -0.01703 0.51240 1.04545 0.05036 0.51028 1.04379 0.06411 0.50964 1.04579 0.10335 0.50166 1.04305 0.09821 0.50417 1.04058 0.12405 0.49818 1.03910 0.11446 0.50164 1.04588 0.12764 0.49463 1.03868 0.13243 0.49626 1.04585 0.14995 0.48590 1.04228 0.17546 0.47472 1.04278 0.19376 0.46459 1.04638 -0.19889 0.46036 1.03938 -0.18468 0.47106 1.04526 -0.16714 0.47778 1.05207 -0.15709 0.47960 1.04372 -0.14178 0.49012 1.04332 -0.12745 0.49573 1.03941 -0.10065 0.50518 1.04346 -0.09013 0.50564 1.04062 -0.08634 0.50763 1.04201 -0.07254 0.50931 1.03973 -0.06932 0.51072 1.04518 -0.06317 0.50915 1.04255 -0.01340 0.51341 1.04060 -0.01040 0.51429 1.04146 0.00119 0.51390 1.04292 0.00795 0.51333 1.04201 0.01190 0.51361 1.03768 0.01815 0.51531 1.04299 0.04052 0.51207 1.03194 0.07540 0.51310 1.03911 0.09384 0.50688 1.03730 0.10017 0.50621 1.03061 0.11381 0.50557 1.03477 0.13378 0.49758 1.03438 0.16966 0.48149 1.04242 0.16885 0.47822 1.04008 0.18580 0.47008 1.03966 0.20530 0.46011 1.04099 0.21453 0.45515 1.03855 -0.19593 0.46543 1.04030 -0.18954 0.46800 1.03683 -0.17732 0.47625 1.04066 -0.15737 0.48468 1.03896 -0.12567 0.49845 1.03593 -0.11069 0.50420 1.03726 -0.08066 0.51006 1.03338 -0.06611 0.51391 1.03553 -0.05845 0.51388 1.03997 -0.03626 0.51359 1.03610 -0.03084 0.51560 1.03477 -0.02173 0.51658 1.03691 0.03393 0.51516 1.03542 0.04600 0.51497 1.03702 0.05764 0.51326 1.03954 0.06764 0.51101 1.03401 0.09070 0.50972 1.03374 0.09550 0.50893 1.03022 0.10462 0.50828 1.03087 0.12929 0.50074 1.03417 0.13817 0.49612 1.03574 0.15205 0.48971 1.03611 0.15933 0.48606 1.03473 0.17674 0.47754 1.03320 0.18396 0.47424 1.03079 0.19979 0.46681 1.03148 0.21598 0.45866 1.03230 -0.22042 0.45641 1.03363 -0.20927 0.46095 1.02643 -0.20113 0.46809 1.03485 -0.19157 0.46940 1.03366 -0.15434 0.48941 1.02941 -0.15656 0.49039 1.03414 -0.13910 0.49567 1.03359 -0.13062 0.49912 1.03811 -0.11981 0.50059 1.03368 -0.09490 0.50893 1.02820 -0.06294 0.51650 1.02939 -0.03245 0.51850 1.03538 0.02721 0.51605 1.02920 0.06033 0.51633 1.02416 0.08583 0.51486 1.02935 0.09028 0.51189 1.02906 0.09608 0.51079 1.02622 0.12837 0.50328 1.02966 0.14967 0.49339 1.03142 0.15262 0.49149 1.03269 0.15690 0.48894 1.02929 0.16044 0.48871 1.02963 0.17758 0.47940 1.02283 0.17941 0.48137 1.02596 0.18502 0.47689 1.03469 0.20246 0.46373 1.03074 0.22494 0.45506 1.02857 -0.18775 0.47426 1.02742 -0.17914 0.47951 1.03296 -0.16988 0.48198 1.02482 -0.16370 0.48888 1.02969 -0.15131 0.49255 1.02870 -0.13818 0.49857 1.02695 -0.12801 0.50290 1.02559 -0.11980 0.50612 1.02887 -0.08461 0.51314 1.02681 -0.04680 0.51861 1.02844 -0.03786 0.51861 1.02554 -0.03123 0.52021 1.02403 -0.02559 0.52104 1.03361 -0.01390 0.51724 1.02622 -0.01344 0.52034 1.03163 -0.00445 0.51819 1.02758 -0.00085 0.51988 1.02498 0.01027 0.52095 1.02400 0.01820 0.52124 1.02029 0.02049 0.52278 1.03055 0.03157 0.51798 1.02784 0.04275 0.51854 1.02317 0.04641 0.52019 1.02304 0.05481 0.51963 1.02412 0.09368 0.51347 1.02382 0.09824 0.51261 1.02260 0.10765 0.51077 1.01526 0.11868 0.51096 1.02501 0.13025 0.50312 1.02600 0.14187 0.49820 1.02978 0.15577 0.49075 1.02685 0.16766 0.48599 1.01899 0.20975 0.46679 1.02733 0.21061 0.46293 1.02291 -0.23020 0.45607 1.02548 -0.22055 0.45914 1.01864 -0.20960 0.46701 1.01849 -0.19589 0.47419 1.02317 -0.17499 0.48366 1.01897 -0.16651 0.49023 1.01732 -0.15742 0.49524 1.02458 -0.14550 0.49739 1.02830 -0.10871 0.50808 1.01986 -0.11299 0.51065 1.02492 -0.09253 0.51328 1.02519 -0.08671 0.51435 1.02781 -0.07914 0.51443 1.02464 -0.07243 0.51680 1.02611 -0.05322 0.51844 1.02349 -0.05415 0.51949 1.01762 -0.03602 0.52330 1.02091 0.02606 0.52237 1.02380 0.03516 0.52068 1.02000 0.05272 0.52113 1.01833 0.05932 0.52109 1.01587 0.07791 0.51971 1.01883 0.09611 0.51514 1.01705 0.10411 0.51414 1.01503 0.10972 0.51358 1.01509 0.12448 0.50933 1.02094 0.12570 0.50629 1.01994 0.13797 0.50235 1.02143 0.16233 0.49111 1.01179 0.19616 0.47676 1.02282 0.19657 0.47192 1.01814 0.21715 0.46361 1.02008 0.22454 0.45959 1.01675 0.23205 0.45774 1.01999 0.23544 0.45517 1.01728 -0.22789 0.45918 1.01577 -0.20564 0.47015 1.01297 -0.19499 0.47698 1.01668 -0.16939 0.48968 1.01525 -0.16661 0.49174 1.02191 -0.13843 0.50136 1.02164 -0.11617 0.50901 1.02238 -0.10419 0.51176 1.01919 -0.09550 0.51518 1.01913 -0.09097 0.51608 1.01960 -0.07122 0.51912 1.01339 -0.07469 0.52127 1.01849 -0.06185 0.52074 1.01199 -0.05517 0.52416 1.02178 -0.04075 0.52125 1.01781 -0.03125 0.52348 1.01197 -0.03208 0.52575 1.01333 -0.01838 0.52569 1.01547 -0.00964 0.52501 1.01598 -0.00358 0.52486 1.01872 0.00950 0.52367 1.01277 0.01724 0.52604 1.01111 0.02778 0.52632 1.01411 0.04998 0.52379 1.01820 0.07180 0.51959 1.01268 0.09337 0.51832 1.01076 0.13750 0.50658 1.01131 0.16593 0.49374 1.01635 0.17505 0.48666 1.01277 0.18572 0.48224 1.01309 0.20194 0.47312 1.01891 -0.21739 0.46319 1.01512 -0.18724 0.48034 1.01520 -0.17583 0.48672 1.01587 -0.14893 0.49974 1.01378 -0.13359 0.50658 1.01440 -0.11238 0.51308 1.01336 -0.10276 0.51593 1.01358 -0.08375 0.51967 1.01248 -0.06131 0.52341 1.01465 -0.04469 0.52399 1.01360 0.00132 0.52587 1.01532 0.02459 0.52477 1.01196 0.05365 0.52440 1.00265 0.05113 0.52835 1.01152 0.06324 0.52349 1.01411 0.08538 0.51917 1.01159 0.10181 0.51692 1.00786 0.11426 0.51533 0.99964 0.12173 0.51666 1.00678 0.12886 0.51135 1.00312 0.13946 0.50918 1.00198 0.14601 0.50707 1.01587 0.15362 0.49758 1.00816 0.16264 0.49678 1.01395 0.16998 0.49051 1.00781 0.18398 0.48537 1.00872 0.20477 0.47339 1.00903 0.21105 0.47007 1.00429 0.21921 0.46789 1.00735 0.22485 0.46425 1.01079 0.23658 0.45813 1.01185 -0.23919 0.45662 1.00989 -0.22363 0.46375 1.01067 -0.21672 0.46664 1.00706 -0.21201 0.47033 1.00913 -0.20275 0.47432 1.00886 -0.17419 0.49042 1.00931 -0.14636 0.50360 1.01281 -0.12229 0.51086 1.00446 -0.10323 0.51963 1.01000 -0.09597 0.51890 1.00924 -0.07396 0.52313 1.00868 -0.07076 0.52380 1.00828 -0.06637 0.52452 1.00898 -0.00684 0.52778 1.00156 -0.00886 0.53074 1.01101 0.00760 0.52687 1.00773 0.01760 0.52812 1.00147 0.02391 0.53049 1.00665 0.03632 0.52776 1.00163 0.06053 0.52789 1.00610 0.07106 0.52467 1.00625 0.09083 0.52142 1.00350 0.09606 0.52163 1.00319 0.10290 0.52018 0.99423 0.10936 0.52229 1.00084 0.11356 0.51853 1.00822 0.14831 0.50329 1.00324 0.16063 0.49986 1.00225 0.17050 0.49528 1.00693 0.17637 0.49005 1.00197 0.19466 0.48166 1.00104 0.23363 0.46263 1.00195 0.23987 0.45984 1.00514 0.24209 0.45792 1.00317 0.24991 0.45566 1.00611 -0.23374 0.46075 1.00312 -0.22789 0.46427 1.00742 -0.19698 0.47813 1.00454 -0.16821 0.49542 1.00661 -0.15704 0.50006 1.00260 -0.12783 0.51343 1.00229 -0.11038 0.51873 1.00723 -0.08058 0.52296 0.99972 -0.07957 0.52615 1.00035 -0.06828 0.52751 1.00882 -0.04606 0.52624 0.99828 -0.04936 0.53022 1.00571 -0.02936 0.52853 1.00151 -0.02758 0.53035 1.00538 -0.01582 0.52910 0.99937 0.01305 0.53160 1.00206 0.02864 0.53012 0.99867 0.03733 0.53103 0.99825 0.04222 0.53092 0.99500 0.06019 0.53066 0.99719 0.08286 0.52657 1.00051 0.09488 0.52308 0.99818 0.10099 0.52275 0.99617 0.11767 0.51931 0.99973 0.13845 0.51099 0.99319 0.14762 0.51009 0.99748 0.14944 0.50759 0.99543 0.15557 0.50563 0.99648 0.16926 0.49845 0.99431 0.16517 0.50149 0.99788 0.18846 0.48695 0.99443 0.19660 0.48362 0.99721 0.22257 0.46881 0.99513 0.24950 0.45825 0.99994 0.24642 0.45794 1.00133 -0.24764 0.45692 0.99904 -0.21328 0.47271 0.99969 -0.20480 0.47691 0.99865 -0.19767 0.48126 1.00196 -0.18548 0.48692 0.99888 -0.17870 0.49215 0.99326 -0.16562 0.50154 0.99936 -0.15462 0.50428 0.99685 -0.14193 0.51087 1.00057 -0.13592 0.51149 1.00334 -0.11915 0.51577 1.00022 -0.09844 0.52234 1.00181 -0.08813 0.52381 0.99966 -0.05898 0.52882 0.99648 -0.03930 0.53175 0.99566 -0.02778 0.53273 0.99741 0.02662 0.53205 0.99137 0.03675 0.53398 0.99214 0.05128 0.53270 0.99076 0.06589 0.53176 0.99587 0.07032 0.52908 0.99299 0.09592 0.52593 0.98589 0.10388 0.52708 0.99546 0.12983 0.51581 0.99246 0.15322 0.50806 0.98436 0.16876 0.50375 0.99116 0.17782 0.49598 0.99741 0.18041 0.49185 0.99013 0.20477 0.48060 0.99475 0.20789 0.47710 1.00129 0.21054 0.47324 0.99411 0.23727 0.46334 0.99597 -0.24542 0.45937 0.99777 -0.22423 0.46779 0.99299 -0.20596 0.47884 0.99063 -0.17668 0.49681 0.98947 -0.15706 0.50727 0.99864 -0.14566 0.50848 0.99513 -0.13787 0.51314 0.99417 -0.12528 0.51777 0.99330 -0.11854 0.52014 0.99717 -0.10852 0.52130 0.99152 -0.08244 0.52912 0.99326 -0.07730 0.52921 0.99391 -0.03442 0.53318 0.98697 -0.03719 0.53576 0.99225 -0.02386 0.53419 0.98608 -0.01892 0.53680 0.99552 -0.00442 0.53324 1.00117 0.00755 0.53096 0.99586 0.00593 0.53316 0.98839 -0.00144 0.53611 0.99195 0.01323 0.53457 0.98670 0.01758 0.53658 0.99207 0.02899 0.53412 0.98354 0.04149 0.53681 0.98853 0.09286 0.52845 0.98820 0.09661 0.52783 0.98494 0.11300 0.52519 0.98170 0.11956 0.52464 0.98709 0.12493 0.52071 0.98808 0.13537 0.51688 0.99019 0.14384 0.51293 0.98740 0.15691 0.50845 0.98988 0.17199 0.49980 0.99031 0.20857 0.47840 0.98769 0.22080 0.47296 0.98916 0.21416 0.47583 0.99000 0.22530 0.46995 0.98349 0.24290 0.46413 0.98817 0.24292 0.46276 0.98645 0.24903 0.46088 0.99027 -0.24219 0.46235 0.98321 -0.23468 0.46771 0.98273 -0.22901 0.47054 0.98870 -0.22345 0.47127 0.98951 -0.21364 0.47600 0.98279 -0.21548 0.47745 0.98859 -0.19634 0.48608 0.98730 -0.18813 0.49150 0.98435 -0.17806 0.49881 0.98958 -0.15041 0.51031 0.99216 -0.14320 0.51225 0.99349 -0.13381 0.51517 0.98607 -0.11265 0.52456 0.98863 -0.08799 0.52924 0.98422 -0.08396 0.53174 0.99021 -0.07194 0.53115 0.98868 -0.06396 0.53267 0.98383 -0.05670 0.53532 0.98724 -0.04467 0.53516 0.99080 -0.03921 0.53418 0.98755 -0.01025 0.53643 0.98297 0.02375 0.53788 0.98613 0.05220 0.53501 0.98230 0.06106 0.53559 0.98874 0.07340 0.53150 0.97689 0.07716 0.53559 0.98749 0.08563 0.53010 0.98376 0.09385 0.53009 0.98430 0.10868 0.52666 0.97569 0.12506 0.52527 0.98030 0.13854 0.51881 0.99397 0.13843 0.51338 0.98341 0.14557 0.51491 0.97877 0.16540 0.50788 0.98676 0.16158 0.50648 0.98159 0.18473 0.49598 0.98749 0.18852 0.49124 0.98540 0.19923 0.48568 0.98648 0.21312 0.47736 0.98686 0.23172 0.46802 0.97745 0.25267 0.46189 0.98496 -0.25197 0.46001 0.98229 -0.19615 0.48873 0.97861 -0.19066 0.49356 0.98151 -0.17841 0.49981 0.98418 -0.17442 0.50085 0.98644 -0.14322 0.51454 0.98707 -0.12977 0.51918 0.99009 -0.09609 0.52692 0.98385 -0.07263 0.53359 0.98235 -0.01436 0.53842 0.98041 -0.00596 0.53926 0.97441 -0.01652 0.54142 0.97828 -0.00041 0.54006 0.97476 0.00943 0.54139 0.98175 0.08603 0.53234 0.97788 0.08964 0.53314 0.98157 0.10902 0.52761 0.97745 0.11503 0.52759 0.97257 0.14817 0.51818 0.97389 0.15375 0.51540 0.97631 0.15828 0.51229 0.98183 0.17888 0.49928 0.97905 0.18325 0.49795 0.98136 0.19556 0.48950 0.97585 0.19374 0.49278 0.97600 0.20128 0.48812 0.97737 0.20571 0.48496 0.97951 0.22118 0.47556 0.97984 0.23902 0.46687 0.97805 -0.25548 0.46042 0.97596 -0.24771 0.46407 0.98013 -0.23121 0.47031 0.97851 -0.22430 0.47430 0.96725 -0.22525 0.47749 0.97912 -0.21582 0.47857 0.98380 -0.20794 0.48122 0.97739 -0.20244 0.48686 0.97987 -0.18366 0.49730 0.97688 -0.17850 0.50155 0.97995 -0.15363 0.51267 0.98220 -0.14072 0.51718 0.97757 -0.13529 0.52106 0.98323 -0.12502 0.52220 0.97383 -0.11867 0.52785 0.97727 -0.10809 0.52933 0.97901 -0.08480 0.53370 0.98079 -0.07985 0.53375 0.97114 -0.06970 0.53882 0.97854 -0.05018 0.53812 0.97899 -0.04257 0.53856 0.97008 -0.04906 0.54146 0.97967 -0.03455 0.53872 0.97583 -0.02966 0.54049 0.97728 -0.02240 0.54021 0.97820 0.03436 0.53938 0.97641 0.02798 0.54028 0.97184 0.03774 0.54163 0.97660 0.04740 0.53913 0.97166 0.06253 0.53959 0.96401 0.06823 0.54183 0.97146 0.08946 0.53569 0.97468 0.10383 0.53140 0.96896 0.16992 0.50946 0.97376 0.16940 0.50793 0.97274 0.17953 0.50256 0.97353 0.17242 0.50631 0.97391 0.18635 0.49811 0.97633 0.21429 0.48039 0.97861 0.22663 0.47306 0.97874 0.23305 0.46997 0.97174 0.24797 0.46536 0.97292 0.25435 0.46243 0.97331 -0.24131 0.46761 0.97622 -0.23424 0.47005 0.97148 -0.21539 0.48150 0.97434 -0.20838 0.48449 0.97620 -0.19736 0.49039 0.97076 -0.17909 0.50363 0.97775 -0.16992 0.50568 0.97125 -0.14746 0.51886 0.96590 -0.12668 0.52856 0.97782 -0.09644 0.53185 0.97266 -0.09601 0.53405 0.97332 -0.06146 0.53905 0.96861 -0.02011 0.54361 0.96979 -0.00135 0.54338 0.96365 0.08305 0.53986 0.96764 0.09662 0.53581 0.96874 0.10285 0.53404 0.97365 0.11328 0.52952 0.96837 0.11940 0.52978 0.96653 0.13167 0.52672 0.97043 0.13881 0.52258 0.96796 0.15695 0.51634 0.97126 0.15784 0.51471 0.97148 0.20872 0.48536 0.97120 0.23164 0.47300 0.96629 0.25387 0.46418 0.96695 0.25563 0.46336 0.97270 -0.20254 0.48858 0.96706 -0.18641 0.50079 0.96685 -0.16809 0.51103 0.96695 -0.15915 0.51553 0.96266 -0.16105 0.51647 0.97065 -0.13948 0.52226 0.97225 -0.12997 0.52486 0.96468 -0.11878 0.53146 0.96914 -0.10759 0.53269 0.96826 -0.10113 0.53457 0.97505 -0.07601 0.53639 0.96752 -0.06030 0.54142 0.96803 -0.04035 0.54288 0.96919 -0.02974 0.54303 0.96900 -0.02515 0.54332 0.96389 -0.02743 0.54512 0.96719 -0.01577 0.54420 0.96866 -0.00717 0.54378 0.95778 -0.01353 0.54775 0.96679 0.00032 0.54452 0.96247 0.00244 0.54612 0.97208 0.01607 0.54230 0.97292 0.03214 0.54150 0.96465 0.04042 0.54420 0.97045 0.05220 0.54112 0.96710 0.08927 0.53753 0.96518 0.09029 0.53807 0.96194 0.09425 0.53846 0.96334 0.10713 0.53500 0.95201 0.11423 0.53763 0.95845 0.14113 0.52658 0.96098 0.15430 0.52009 0.96907 0.16004 0.51453 0.96262 0.18099 0.50576 0.96660 0.19476 0.49584 0.96359 0.21785 0.48275 0.96088 0.23878 0.47235 0.96420 0.24461 0.46881 0.96102 0.25774 0.46395 0.96534 -0.26002 0.46176 0.95346 -0.26247 0.46343 0.96479 -0.25037 0.46589 0.96603 -0.23710 0.47172 0.96025 -0.22995 0.47709 0.95493 -0.22961 0.47882 0.96511 -0.21415 0.48441 0.96601 -0.20721 0.48825 0.97074 -0.19390 0.49469 0.95701 -0.19080 0.50207 0.96199 -0.18617 0.50302 0.96062 -0.15787 0.51862 0.97203 -0.09088 0.53521 0.96042 -0.09221 0.53934 0.95788 -0.08432 0.54167 0.95619 -0.05517 0.54615 0.95689 -0.04283 0.54692 0.96050 0.01140 0.54675 0.96441 0.02229 0.54507 0.96362 0.04746 0.54415 0.95574 0.04178 0.54748 0.96215 0.05476 0.54405 0.95333 0.05942 0.54688 0.95598 0.08899 0.54178 0.95475 0.10036 0.53992 0.95699 0.13352 0.52980 0.95572 0.13922 0.52841 0.96026 0.14645 0.52374 0.96298 0.16463 0.51456 0.95546 0.17649 0.51121 0.96086 0.18990 0.50111 0.95764 0.18723 0.50406 0.95956 0.19859 0.49615 0.96407 0.20555 0.49002 0.95713 0.21714 0.48535 0.96286 0.22857 0.47700 0.95852 0.22679 0.47927 0.95741 0.23670 0.47429 0.95759 0.24832 0.46873 0.95860 -0.21988 0.48326 0.95752 -0.21326 0.48757 0.95703 -0.19857 0.49707 0.95362 -0.19559 0.50037 0.96164 -0.18158 0.50576 0.95494 -0.17648 0.51135 0.95940 -0.16601 0.51523 0.96181 -0.14609 0.52306 0.95890 -0.12954 0.53040 0.95768 -0.12067 0.53370 0.96144 -0.10213 0.53692 0.96088 -0.09782 0.53809 0.96351 -0.07079 0.54166 0.95975 -0.06129 0.54422 0.96063 0.02725 0.54633 0.95548 0.08159 0.54326 0.94666 0.10517 0.54187 0.94865 0.11197 0.53956 0.95216 0.12044 0.53591 0.95337 0.14527 0.52701 0.95284 0.16654 0.51757 0.95536 0.17064 0.51456 0.95430 0.19295 0.50180 0.95214 0.21439 0.48876 0.95490 0.20508 0.49373 0.95068 0.22341 0.48370 0.95457 0.22593 0.48097 0.95322 0.23539 0.47614 0.95338 0.24427 0.47161 0.95046 -0.25903 0.46549 0.95357 -0.25137 0.46822 0.94251 -0.24794 0.47238 0.95219 -0.23870 0.47468 0.94878 -0.24012 0.47474 0.95312 -0.16511 0.51817 0.95709 -0.13899 0.52770 0.95419 -0.12264 0.53443 0.95612 -0.11509 0.53569 0.95242 -0.09798 0.54126 0.95409 -0.09343 0.54157 0.95111 -0.07968 0.54503 0.95779 -0.06915 0.54407 0.94636 -0.06352 0.54900 0.94864 -0.04032 0.55017 0.95725 -0.02588 0.54764 0.94798 -0.01831 0.55138 0.95271 -0.01364 0.54977 0.95099 -0.01092 0.55041 0.95145 -0.00267 0.55024 0.94706 0.01784 0.55165 0.95243 0.02956 0.54932 0.94709 0.03149 0.55126 0.95231 0.04899 0.54824 0.95331 0.07262 0.54532 0.94888 0.08288 0.54548 0.95076 0.09272 0.54306 0.94941 0.09802 0.54250 0.94852 0.11788 0.53805 0.94654 0.12303 0.53721 0.95504 0.12250 0.53404 0.94979 0.14391 0.52885 0.93629 0.15050 0.53114 0.94844 0.14857 0.52758 0.95205 0.15951 0.52128 0.95177 0.17295 0.51474 0.94844 0.18259 0.51048 0.95003 0.19082 0.50472 0.95309 0.19816 0.49889 0.94747 0.20070 0.49933 0.94626 0.21687 0.48920 0.94389 0.23572 0.47855 0.94274 0.24943 0.47164 0.94939 0.25755 0.46651 0.94365 -0.26245 0.46549 0.94569 -0.23957 0.47589 0.94725 -0.22173 0.48578 0.94850 -0.21281 0.49098 0.94661 -0.20456 0.49709 0.94626 -0.19781 0.50170 0.95075 -0.19002 0.50500 0.94879 -0.17305 0.51571 0.94297 -0.17141 0.51877 0.94823 -0.16772 0.51876 0.95292 -0.14915 0.52534 0.94832 -0.14347 0.52952 0.95078 -0.13710 0.53094 0.95438 -0.12747 0.53285 0.94788 -0.12812 0.53500 0.94474 -0.11891 0.53882 0.94985 -0.10710 0.53998 0.94466 -0.10056 0.54349 0.94704 -0.04834 0.55026 0.94974 0.01102 0.55076 0.94389 0.07257 0.54885 0.94391 0.09230 0.54561 0.94438 0.11517 0.54026 0.94442 0.15082 0.52810 0.95090 0.15151 0.52528 0.94479 0.16509 0.52138 0.93886 0.17909 0.51632 0.93956 0.19768 0.50429 0.94691 0.20899 0.49409 0.94100 0.21207 0.49415 0.94503 0.22407 0.48509 0.94064 0.22604 0.48521 0.93348 -0.25763 0.46960 0.94756 -0.24173 0.47422 0.94175 -0.23652 0.47859 0.94705 -0.23072 0.48048 0.94229 -0.22004 0.48840 0.94172 -0.20416 0.49917 0.94772 -0.18596 0.50867 0.94449 -0.18175 0.51243 0.94789 -0.16024 0.52233 0.94553 -0.15027 0.52776 0.94575 -0.13606 0.53319 0.94546 -0.07316 0.54801 0.93753 -0.06966 0.55149 0.94405 -0.05716 0.55055 0.94813 -0.03162 0.55075 0.94461 -0.01739 0.55269 0.93726 0.01882 0.55521 0.94265 0.02915 0.55302 0.93956 0.02845 0.55416 0.94444 0.03727 0.55194 0.94313 0.04792 0.55170 0.94193 0.06057 0.55095 0.93682 0.08816 0.54896 0.93982 0.10827 0.54365 0.93822 0.13014 0.53807 0.94018 0.13723 0.53480 0.93738 0.16893 0.52235 0.94472 0.17630 0.51556 0.94068 0.17165 0.51971 0.93539 0.18434 0.51445 0.93800 0.19249 0.50830 0.94341 0.18549 0.51069 0.94051 0.20457 0.49932 0.93387 0.20850 0.49910 0.94097 0.21938 0.48936 0.93592 0.22199 0.48929 0.93989 0.23096 0.48241 0.94050 0.24432 0.47470 0.94164 0.25988 0.46701 0.93573 0.26398 0.46630 0.93556 -0.25089 0.47242 0.93908 -0.24120 0.47671 0.93942 -0.22594 0.48562 0.93683 -0.21389 0.49431 0.93907 -0.20905 0.49682 0.94195 -0.19286 0.50660 0.93746 -0.18024 0.51594 0.93974 -0.15221 0.52921 0.94121 -0.14632 0.53103 0.94125 -0.12748 0.53758 0.93179 -0.12773 0.54083 0.93541 -0.11472 0.54333 0.93560 -0.10304 0.54636 0.94007 -0.08634 0.54804 0.92887 -0.08213 0.55281 0.93327 -0.06596 0.55354 0.94103 -0.04633 0.55263 0.93733 -0.04522 0.55394 0.93891 -0.03255 0.55402 0.94055 -0.02341 0.55396 0.93850 -0.01718 0.55483 0.94468 -0.00206 0.55271 0.93903 0.03870 0.55385 0.93196 0.02798 0.55686 0.93516 0.03960 0.55518 0.92852 0.05605 0.55623 0.93114 0.06393 0.55458 0.93567 0.06695 0.55256 0.93828 0.07927 0.54990 0.93483 0.09810 0.54767 0.93077 0.11400 0.54539 0.93564 0.12474 0.54067 0.93081 0.14014 0.53731 0.93159 0.14691 0.53439 0.92576 0.15379 0.53363 0.93667 0.16075 0.52651 0.93624 0.17615 0.51894 0.92721 0.18117 0.51942 0.92761 0.20924 0.50078 0.93553 0.21504 0.49406 0.93063 0.21768 0.49391 0.93609 0.22818 0.48526 0.93067 0.23308 0.48373 0.93317 0.23865 0.47965 0.93525 0.24706 0.47446 0.93308 0.25660 0.47014 0.93561 -0.23518 0.48108 0.93386 -0.21994 0.49124 0.93471 -0.20474 0.50134 0.93315 -0.19844 0.50622 0.93200 -0.17394 0.52144 0.92380 -0.17207 0.52564 0.93401 -0.15844 0.52841 0.93343 -0.14959 0.53258 0.93630 -0.14007 0.53519 0.92894 -0.11246 0.54639 0.94028 -0.09380 0.54658 0.93462 -0.09261 0.54898 0.92877 -0.09178 0.55107 0.93486 -0.06040 0.55362 0.93795 -0.05266 0.55321 0.93193 -0.03088 0.55676 0.93646 -0.00327 0.55570 0.92735 0.03513 0.55818 0.93285 0.04649 0.55549 0.92786 0.06873 0.55511 0.92593 0.07502 0.55501 0.92955 0.08212 0.55255 0.92553 0.10300 0.54999 0.92044 0.12149 0.54712 0.92855 0.13620 0.53955 0.92253 0.14792 0.53723 0.92927 0.17168 0.52391 0.91912 0.17900 0.52365 0.92401 0.18991 0.51530 0.92938 0.19357 0.51086 0.92894 0.20392 0.50396 0.92937 0.21225 0.49808 0.92654 0.21476 0.49728 0.93082 0.22467 0.48914 0.92578 0.22692 0.48915 0.92792 0.23827 0.48123 0.92898 0.24718 0.47580 0.92525 0.25632 0.47181 0.92628 -0.26506 0.46740 0.91977 -0.26113 0.47037 0.92913 -0.25940 0.46943 0.92674 -0.25674 0.47124 0.93060 -0.24705 0.47561 0.93052 -0.22863 0.48660 0.92532 -0.21939 0.49444 0.92581 -0.21341 0.49848 0.92161 -0.19862 0.51039 0.93354 -0.19044 0.51128 0.92442 -0.17675 0.52299 0.92426 -0.15173 0.53496 0.93221 -0.13594 0.53817 0.93013 -0.09778 0.54953 0.92491 -0.07715 0.55499 0.92470 -0.06633 0.55649 0.92763 -0.05651 0.55653 0.92102 -0.03933 0.56022 0.92641 -0.02985 0.55880 0.93288 -0.01263 0.55693 0.93413 0.00305 0.55652 0.92342 -0.00688 0.56037 0.92192 -0.00016 0.56091 0.92799 0.00989 0.55874 0.92320 0.01109 0.56041 0.92163 0.01804 0.56085 0.91952 0.07338 0.55741 0.92192 0.09056 0.55376 0.91757 0.11155 0.55083 0.91660 0.12760 0.54670 0.92212 0.13046 0.54373 0.92377 0.13511 0.54174 0.92105 0.14279 0.53991 0.92767 0.16632 0.52727 0.92451 0.16275 0.53000 0.91654 0.20658 0.50652 0.91735 0.21269 0.50179 0.92345 0.21457 0.49841 0.92622 0.21982 0.49387 0.92149 0.22193 0.49387 0.92513 0.23422 0.48455 0.92257 0.24620 0.47784 0.92060 -0.25212 0.47491 0.92125 -0.24572 0.47845 0.92206 -0.23709 0.48363 0.92216 -0.22526 0.49141 0.91963 -0.21617 0.49861 0.92304 -0.20501 0.50543 0.92140 -0.19419 0.51343 0.92245 -0.18812 0.51683 0.92073 -0.18208 0.52125 0.91969 -0.16593 0.53021 0.91470 -0.16258 0.53374 0.92897 -0.14261 0.53699 0.92106 -0.11446 0.54879 0.92706 -0.10605 0.54873 0.92165 -0.08722 0.55462 0.92254 -0.08426 0.55480 0.92538 -0.04177 0.55844 0.91354 -0.05057 0.56196 0.91607 -0.03651 0.56208 0.92442 -0.02421 0.55967 0.91617 0.02231 0.56258 0.91725 0.04699 0.56101 0.91911 0.05667 0.55954 0.91969 0.06431 0.55855 0.91923 0.10098 0.55275 0.91975 0.13925 0.54167 0.91333 0.16261 0.53405 0.92206 0.17095 0.52694 0.91907 0.18636 0.51939 0.92012 0.19344 0.51452 0.91617 0.21845 0.49802 0.92058 0.22933 0.48905 0.91689 0.24070 0.48253 0.91383 -0.23076 0.49013 0.91027 -0.22261 0.49706 0.91945 -0.21884 0.49677 0.91398 -0.21643 0.50036 0.91210 -0.20422 0.50998 0.91107 -0.19025 0.51977 0.91907 -0.17858 0.52397 0.92632 -0.14075 0.53854 0.92024 -0.13490 0.54276 0.92113 -0.12711 0.54491 0.91593 -0.12256 0.54824 0.92075 -0.09158 0.55402 0.91995 -0.06293 0.55856 0.90806 0.04621 0.56425 0.90583 0.07126 0.56258 0.91167 0.09655 0.55628 0.91599 0.10367 0.55335 0.91251 0.10603 0.55403 0.91037 0.11109 0.55355 0.91066 0.12555 0.54935 0.90915 0.14326 0.54384 0.91322 0.14765 0.54077 0.91088 0.15787 0.53724 0.91200 0.17590 0.52784 0.91406 0.18059 0.52460 0.91582 0.18862 0.51923 0.91712 0.19171 0.51673 0.91925 0.19788 0.51173 0.90640 0.20728 0.50954 0.90938 0.21424 0.50334 0.91502 0.22625 0.49279 0.91056 0.23396 0.48862 0.91239 0.23694 0.48610 0.91067 0.24430 0.48170 0.90894 0.25377 0.47635 0.91430 0.26089 0.47143 0.91311 0.26647 0.46878 0.91273 -0.26541 0.46951 0.91355 -0.25596 0.47422 0.90543 -0.25744 0.47508 0.91040 -0.25339 0.47623 0.91072 -0.23796 0.48603 0.90864 -0.21820 0.50087 0.91315 -0.21051 0.50503 0.91407 -0.19261 0.51717 0.91321 -0.18354 0.52321 0.90990 -0.16467 0.53455 0.91828 -0.14388 0.54020 0.92138 -0.10377 0.55123 0.91247 -0.08191 0.55859 0.90535 -0.08509 0.56056 0.91998 -0.05506 0.55921 0.92271 -0.01501 0.56046 0.90665 -0.02662 0.56575 0.91487 -0.01434 0.56327 0.90818 -0.01343 0.56559 0.91408 -0.00561 0.56368 0.91151 -0.00248 0.56456 0.91630 0.00617 0.56292 0.91295 0.00929 0.56401 0.91054 0.01391 0.56479 0.91924 0.03852 0.56078 0.90926 0.03838 0.56432 0.89833 0.03549 0.56817 0.90795 0.06752 0.56225 0.90930 0.07912 0.56014 0.90073 0.08771 0.56170 0.90407 0.09749 0.55876 0.90266 0.10704 0.55716 0.90490 0.11902 0.55326 0.91018 0.13442 0.54667 0.90880 0.15520 0.53918 0.89909 0.17556 0.53269 0.91243 0.18678 0.52146 0.91048 0.19676 0.51568 0.90441 0.23142 0.49217 0.90634 0.23445 0.48946 0.90827 0.23801 0.48643 0.90576 0.26643 0.47001 0.91292 -0.24763 0.47923 0.90359 -0.23189 0.49228 0.90400 -0.20851 0.50976 0.91121 -0.17753 0.52735 0.90832 -0.17578 0.52949 0.90897 -0.17093 0.53173 0.90541 -0.16594 0.53548 0.91050 -0.15759 0.53751 0.90582 -0.15688 0.53957 0.91174 -0.14100 0.54362 0.91240 -0.11703 0.55099 0.91067 -0.10551 0.55437 0.91458 -0.09071 0.55630 0.90677 -0.08694 0.55980 0.91092 -0.04600 0.56328 0.90039 -0.05685 0.56592 0.90121 -0.04665 0.56646 0.91129 -0.03182 0.56390 0.90695 -0.02098 0.56588 0.90069 0.00797 0.56816 0.91052 0.05851 0.56230 0.90016 0.06585 0.56516 0.89749 0.07314 0.56507 0.89681 0.09876 0.56099 0.90030 0.10364 0.55884 0.89948 0.12984 0.55194 0.90255 0.18020 0.52897 0.90383 0.18570 0.52521 0.90358 0.19493 0.51942 0.90462 0.20081 0.51501 0.89401 0.21575 0.50739 0.90766 0.22426 0.49645 0.90077 0.23351 0.49165 0.90244 0.23507 0.49006 0.90164 0.26458 0.47163 0.90061 -0.24373 0.48476 0.89616 -0.22974 0.49605 0.89868 -0.22453 0.49930 0.90271 -0.21611 0.50446 0.90546 -0.20422 0.51239 0.90898 -0.19834 0.51514 0.90295 -0.18742 0.52447 0.89878 -0.18224 0.52911 0.90479 -0.17677 0.53016 0.90753 -0.15192 0.54096 0.90790 -0.12734 0.54961 0.90197 -0.09421 0.55992 0.90887 -0.07378 0.56099 0.90686 -0.06722 0.56256 0.90103 0.02390 0.56766 0.90161 0.04239 0.56676 0.90370 0.07242 0.56315 0.89709 0.09130 0.56238 0.89840 0.10448 0.55929 0.89619 0.11151 0.55830 0.89466 0.12821 0.55410 0.90014 0.13629 0.54952 0.89996 0.14409 0.54678 0.89961 0.14957 0.54479 0.89906 0.15589 0.54226 0.89975 0.16494 0.53790 0.89536 0.18475 0.52885 0.89759 0.19256 0.52317 0.89836 0.19763 0.51953 0.89745 0.22439 0.49950 0.89961 0.23017 0.49447 0.89182 0.24140 0.48833 0.89850 0.24126 0.48670 0.90401 0.24572 0.48240 0.89588 0.26321 0.47340 0.89750 -0.25921 0.47534 0.89139 -0.24076 0.48912 0.89303 -0.23486 0.49309 0.89121 -0.21969 0.50553 0.89544 -0.21085 0.51099 0.90007 -0.20565 0.51324 0.89702 -0.17400 0.53427 0.90135 -0.16043 0.53942 0.90132 -0.15065 0.54356 0.90499 -0.13728 0.54722 0.90188 -0.10398 0.55779 0.89771 -0.08117 0.56380 0.89725 -0.07572 0.56473 0.90090 -0.06453 0.56488 0.89726 -0.06267 0.56644 0.89921 -0.02654 0.56828 0.90370 -0.01228 0.56715 0.90203 -0.01069 0.56773 0.89976 -0.00604 0.56848 0.88902 -0.00728 0.57207 0.89358 0.00100 0.57064 0.88883 -0.00016 0.57219 0.88873 0.00801 0.57213 0.88507 0.01331 0.57325 0.88608 0.02161 0.57274 0.89672 0.04466 0.56815 0.89094 0.08822 0.56493 0.89091 0.10169 0.56239 0.88994 0.10758 0.56135 0.89297 0.11870 0.55742 0.89469 0.13200 0.55294 0.88949 0.14630 0.54950 0.88980 0.17347 0.53710 0.89378 0.18088 0.53173 0.89370 0.19931 0.52001 0.89768 0.20397 0.51517 0.88687 0.21193 0.51292 0.89099 0.22870 0.49816 0.89379 0.24524 0.48507 0.89235 0.25206 0.48083 0.88923 -0.25970 0.47658 0.89662 -0.25322 0.47925 0.88826 -0.24754 0.48497 0.88694 -0.23290 0.49631 0.88794 -0.22762 0.50026 0.89336 -0.21505 0.50848 0.89489 -0.19701 0.52107 0.88947 -0.17914 0.53426 0.89126 -0.16618 0.54013 0.89552 -0.15813 0.54246 0.89534 -0.14232 0.54882 0.89962 -0.13244 0.55079 0.89240 -0.13443 0.55263 0.89800 -0.12435 0.55377 0.89255 -0.10894 0.55981 0.89609 -0.08921 0.56287 0.88457 -0.05341 0.57150 0.89736 -0.03915 0.56827 0.89666 -0.03360 0.56886 0.89976 0.05735 0.56614 0.89452 0.05850 0.56785 0.89066 0.06146 0.56878 0.88384 0.06736 0.57032 0.88335 0.09886 0.56542 0.88648 0.10388 0.56341 0.89049 0.15339 0.54634 0.88592 0.16171 0.54423 0.89199 0.16903 0.53872 0.88883 0.18827 0.52904 0.88994 0.19386 0.52502 0.88441 0.19751 0.52453 0.89135 0.20465 0.51699 0.88577 0.22124 0.50583 0.88727 0.22792 0.49992 0.88742 0.23516 0.49416 0.88336 0.24462 0.48802 0.88678 0.26514 0.47365 0.88336 -0.26695 0.47297 0.88118 -0.23681 0.49494 0.88390 -0.23150 0.49835 0.87967 -0.22128 0.50807 0.88678 -0.21409 0.51143 0.88845 -0.19099 0.52737 0.88859 -0.18315 0.53221 0.88665 -0.18090 0.53429 0.88439 -0.09729 0.56521 0.88788 -0.08678 0.56613 0.88942 -0.06671 0.56850 0.89419 -0.02079 0.57011 0.88123 0.02800 0.57410 0.88784 0.05025 0.57074 0.88011 0.05445 0.57288 0.89120 0.07847 0.56641 0.88045 0.07730 0.57014 0.88188 0.08725 0.56809 0.88402 0.10489 0.56398 0.88238 0.11176 0.56285 0.88363 0.12471 0.55887 0.88404 0.13108 0.55674 0.88924 0.13728 0.55288 0.88273 0.15333 0.54900 0.88788 0.16798 0.54054 0.88681 0.18325 0.53272 0.88013 0.18920 0.53147 0.88324 0.19232 0.52838 0.88565 0.20330 0.51996 0.87681 0.20810 0.51949 0.87579 0.21586 0.51360 0.87897 0.22205 0.50742 0.88152 0.24182 0.49057 0.88677 0.25239 0.48169 0.88465 0.25931 0.47757 0.87759 -0.26688 0.47384 0.87861 -0.25373 0.48255 0.86912 -0.24052 0.49514 0.87842 -0.22805 0.50291 0.88196 -0.22561 0.50379 0.89110 -0.20612 0.51596 0.88069 -0.19945 0.52447 0.87660 -0.19573 0.52845 0.88297 -0.18283 0.53441 0.88542 -0.17713 0.53670 0.88971 -0.15416 0.54599 0.88661 -0.15111 0.54852 0.88840 -0.14459 0.55035 0.88437 -0.13722 0.55423 0.88999 -0.12053 0.55749 0.88492 -0.10771 0.56258 0.87610 -0.09753 0.56789 0.88066 -0.08833 0.56828 0.88653 -0.06043 0.57019 0.88254 -0.05972 0.57166 0.88565 -0.03869 0.57217 0.88650 -0.02413 0.57261 0.87953 -0.03120 0.57458 0.88761 -0.01860 0.57236 0.87843 -0.02031 0.57529 0.88214 -0.01302 0.57430 0.87832 -0.01205 0.57549 0.87933 -0.00310 0.57524 0.87290 0.00781 0.57726 0.88273 0.03841 0.57316 0.87765 0.04114 0.57468 0.87067 0.08567 0.57195 0.87574 0.10228 0.56724 0.87362 0.10880 0.56637 0.88160 0.11798 0.56141 0.87620 0.14084 0.55604 0.87406 0.15211 0.55228 0.87730 0.16066 0.54758 0.87646 0.16944 0.54367 0.87508 0.17994 0.53852 0.87401 0.19507 0.52973 0.87844 0.20089 0.52421 0.88167 0.20982 0.51647 0.87946 0.23013 0.50054 0.88199 0.23207 0.49819 0.87912 0.23820 0.49406 0.88028 0.25536 0.48107 0.87815 -0.26198 0.47692 0.87583 -0.24552 0.48931 0.87194 -0.24386 0.49155 0.87015 -0.22969 0.50414 0.87409 -0.21177 0.51756 0.88255 -0.20414 0.52044 0.87697 -0.18885 0.53275 0.87907 -0.17784 0.53850 0.87995 -0.17118 0.54148 0.87407 -0.16314 0.54727 0.88308 -0.15316 0.54880 0.87870 -0.15060 0.55123 0.87937 -0.12644 0.55947 0.88395 -0.11826 0.56031 0.87464 -0.10824 0.56590 0.87664 -0.09059 0.56912 0.87988 -0.08225 0.56937 0.87876 -0.03851 0.57452 0.87264 -0.04371 0.57614 0.87892 0.04703 0.57391 0.86992 0.05857 0.57571 0.87622 0.06932 0.57263 0.87588 0.07255 0.57237 0.86884 0.09942 0.57006 0.87133 0.10427 0.56828 0.87087 0.12237 0.56366 0.87548 0.13656 0.55785 0.87409 0.13031 0.56026 0.87362 0.13948 0.55749 0.86405 0.18166 0.54136 0.87677 0.18762 0.53354 0.86941 0.19554 0.53104 0.87441 0.20551 0.52234 0.87164 0.23068 0.50249 0.87674 0.24852 0.48668 0.87372 0.26473 0.47601 0.86896 -0.24511 0.49127 0.87044 -0.23528 0.49926 0.87268 -0.22738 0.50529 0.87414 -0.20519 0.52264 0.86842 -0.20204 0.52691 0.87775 -0.18218 0.53654 0.86968 -0.18492 0.53758 0.87437 -0.17916 0.53932 0.87360 -0.14778 0.55401 0.86790 -0.09840 0.57016 0.86396 -0.08636 0.57387 0.87550 -0.05948 0.57397 0.87289 -0.05424 0.57523 0.86771 -0.03971 0.57796 0.87471 0.01654 0.57657 0.87144 0.01754 0.57761 0.86878 0.04213 0.57738 0.87097 0.07163 0.57397 0.86660 0.09175 0.57227 0.87089 0.10439 0.56841 0.85856 0.12470 0.56686 0.86949 0.14085 0.55829 0.86772 0.14719 0.55647 0.86661 0.16348 0.54980 0.86684 0.17017 0.54651 0.86783 0.17619 0.54310 0.85909 0.18886 0.53868 0.86821 0.19223 0.53354 0.86526 0.19988 0.52939 0.86977 0.20462 0.52448 0.86503 0.20482 0.52595 0.86813 0.21271 0.51873 0.87234 0.20789 0.52125 0.86337 0.22352 0.51118 0.87128 0.22426 0.50808 0.87023 0.23950 0.49545 0.86877 0.24951 0.48776 0.86943 -0.26859 0.47429 0.86885 -0.25823 0.48130 0.86857 -0.25054 0.48707 0.86129 -0.24658 0.49206 0.86424 -0.24311 0.49420 0.86032 -0.23340 0.50388 0.87087 -0.22454 0.50827 0.86890 -0.21916 0.51339 0.86426 -0.21612 0.51743 0.86902 -0.19591 0.53093 0.86754 -0.17767 0.54223 0.87052 -0.15663 0.55145 0.86977 -0.13430 0.56025 0.87387 -0.12660 0.56123 0.86780 -0.12864 0.56270 0.87064 -0.12051 0.56402 0.86904 -0.10855 0.56765 0.86328 -0.10985 0.56909 0.87055 -0.07320 0.57381 0.87762 -0.06260 0.57294 0.86923 -0.06431 0.57544 0.86431 -0.02736 0.57950 0.87438 0.00110 0.57682 0.86890 0.00080 0.57861 0.86117 0.00546 0.58099 0.86838 0.01877 0.57854 0.86757 0.02757 0.57847 0.86060 0.03043 0.58057 0.85254 0.03116 0.58300 0.85989 0.04510 0.57996 0.86209 0.09650 0.57283 0.86922 0.10470 0.56886 0.86498 0.12972 0.56340 0.86167 0.13834 0.56158 0.86620 0.14538 0.55773 0.85975 0.16253 0.55248 0.86038 0.18355 0.54152 0.86476 0.19603 0.53229 0.85792 0.21934 0.51653 0.85526 0.23360 0.50477 0.85482 0.24215 0.49730 0.86391 0.23147 0.50415 0.86402 0.23840 0.49811 0.86864 0.26036 0.47977 0.86291 0.26289 0.47886 0.86021 -0.26623 0.47716 0.86158 -0.26180 0.48008 0.85634 -0.25400 0.48719 0.85772 -0.21115 0.52361 0.86694 -0.20752 0.52338 0.86278 -0.20656 0.52554 0.86458 -0.19225 0.53477 0.86211 -0.17311 0.54642 0.86270 -0.16516 0.55014 0.86436 -0.15507 0.55404 0.87133 -0.13870 0.55801 0.86061 -0.12192 0.56671 0.85386 -0.08650 0.57704 0.86409 -0.05377 0.57807 0.85186 -0.06036 0.58114 0.86247 -0.04801 0.57903 0.86897 -0.03245 0.57790 0.85209 0.01997 0.58351 0.84959 0.03920 0.58352 0.85694 0.05347 0.58024 0.86213 0.06443 0.57759 0.86048 0.08162 0.57590 0.85813 0.09929 0.57346 0.86333 0.10540 0.57053 0.85553 0.10534 0.57297 0.85487 0.11234 0.57144 0.85891 0.13263 0.56440 0.86252 0.14646 0.55843 0.85770 0.18023 0.54419 0.86018 0.19642 0.53349 0.85699 0.19467 0.53573 0.85928 0.21005 0.52378 0.85801 0.25009 0.48975 0.86026 0.26019 0.48136 0.85223 -0.24618 0.49480 0.85619 -0.23991 0.49930 0.85618 -0.23614 0.50264 0.84953 -0.22786 0.51221 0.85830 -0.22191 0.51456 0.84851 -0.21588 0.52289 0.85985 -0.20489 0.52774 0.85987 -0.19949 0.53156 0.85977 -0.18754 0.53921 0.86169 -0.14383 0.55944 0.86570 -0.13575 0.56106 0.86224 -0.13139 0.56351 0.86058 -0.09705 0.57275 0.86139 -0.07014 0.57722 0.86158 -0.06264 0.57800 0.85288 -0.07188 0.57957 0.86584 -0.01424 0.57938 0.86061 -0.00615 0.58115 0.85986 0.01361 0.58130 0.86172 0.07395 0.57657 0.85501 0.07658 0.57830 0.85539 0.08237 0.57736 0.86003 0.09024 0.57457 0.84940 0.13758 0.56570 0.85223 0.14947 0.56036 0.85945 0.15468 0.55604 0.85267 0.16290 0.55462 0.85756 0.17077 0.54922 0.85060 0.18875 0.54155 0.85358 0.18987 0.53999 0.85445 0.20501 0.52929 0.85072 0.20380 0.53149 0.85393 0.20968 0.52596 0.84951 0.22072 0.51814 0.84999 0.25781 0.48502 0.85098 0.26250 0.48123 0.84703 -0.26635 0.47925 0.85387 -0.26293 0.48068 0.84200 -0.24793 0.49592 0.84471 -0.24163 0.50100 0.85183 -0.23419 0.50575 0.83778 -0.22515 0.51844 0.84460 -0.22116 0.51976 0.85038 -0.21960 0.51921 0.84984 -0.21211 0.52553 0.85289 -0.20014 0.53344 0.85495 -0.19543 0.53588 0.84942 -0.19152 0.54010 0.85531 -0.18219 0.54375 0.85154 -0.17530 0.54871 0.85389 -0.16481 0.55319 0.85259 -0.16206 0.55497 0.85521 -0.15465 0.55717 0.85707 -0.14302 0.56117 0.85584 -0.11865 0.56924 0.84647 -0.10646 0.57524 0.85415 -0.09457 0.57546 0.85653 -0.07710 0.57776 0.85712 -0.04360 0.58094 0.85701 -0.00342 0.58235 0.85189 -0.00731 0.58388 0.85005 -0.00362 0.58447 0.84860 0.00175 0.58487 0.85347 0.01338 0.58325 0.85162 0.06430 0.58075 0.85257 0.09352 0.57623 0.84758 0.11091 0.57410 0.84735 0.11505 0.57315 0.84790 0.13100 0.56837 0.84578 0.13463 0.56792 0.84305 0.14841 0.56364 0.84967 0.15920 0.55718 0.85171 0.16870 0.55215 0.84602 0.17783 0.54914 0.84859 0.18418 0.54488 0.85158 0.19248 0.53893 0.85152 0.19888 0.53463 0.84080 0.20466 0.53406 0.84178 0.22787 0.51432 0.84787 0.23076 0.50952 0.84344 0.24408 0.49843 0.85185 0.24940 0.49171 0.84921 0.25473 0.48774 0.85257 0.26900 0.47624 0.83223 -0.25012 0.49630 0.84445 -0.23579 0.50655 0.84385 -0.23080 0.51135 0.85287 -0.20439 0.53037 0.84919 -0.16408 0.55509 0.85401 -0.13763 0.56392 0.85093 -0.12569 0.56871 0.83962 -0.11252 0.57603 0.84672 -0.08295 0.57984 0.84750 -0.04823 0.58359 0.84996 -0.03972 0.58335 0.85435 -0.02798 0.58259 0.85305 -0.02120 0.58321 0.84786 0.03215 0.58446 0.84012 0.02624 0.58693 0.83927 0.03758 0.58666 0.84785 0.04905 0.58336 0.84084 0.05153 0.58524 0.84189 0.06448 0.58367 0.84638 0.08124 0.58008 0.84627 0.10198 0.57642 0.84012 0.10628 0.57744 0.84082 0.11213 0.57582 0.84486 0.12275 0.57173 0.84314 0.13862 0.56739 0.84538 0.16748 0.55467 0.84399 0.19661 0.53862 0.84592 0.20704 0.53062 0.84700 0.21388 0.52480 0.84143 0.22280 0.51907 0.84413 0.25319 0.49014 0.83652 -0.26742 0.48001 0.84194 -0.25760 0.48730 0.83528 -0.25504 0.49084 0.83595 -0.24722 0.49807 0.83846 -0.24248 0.50197 0.83543 -0.23113 0.51369 0.83978 -0.22228 0.52041 0.83585 -0.21616 0.52675 0.84659 -0.20027 0.53528 0.84297 -0.18610 0.54543 0.84208 -0.17975 0.54939 0.84199 -0.15737 0.56030 0.84719 -0.15082 0.56123 0.84529 -0.13907 0.56604 0.84514 -0.13040 0.56902 0.84786 -0.11849 0.57147 0.84115 -0.11560 0.57467 0.83383 -0.11831 0.57620 0.84336 -0.09950 0.57776 0.84172 -0.09317 0.57954 0.83856 -0.07080 0.58400 0.84214 -0.06166 0.58401 0.84697 -0.05392 0.58329 0.84164 -0.03459 0.58612 0.84667 -0.01885 0.58524 0.83624 0.06894 0.58489 0.83260 0.10414 0.58008 0.83449 0.14341 0.56824 0.84041 0.14263 0.56673 0.83948 0.16046 0.55966 0.83396 0.17460 0.55459 0.83401 0.18550 0.54858 0.84101 0.18985 0.54380 0.83892 0.20140 0.53707 0.83679 0.20351 0.53627 0.83579 0.21294 0.52925 0.84078 0.20852 0.53122 0.83334 0.22186 0.52254 0.83370 0.22932 0.51558 0.84056 0.26606 0.48015 0.82871 -0.26317 0.48472 0.82998 -0.25747 0.48980 0.83235 -0.24332 0.50289 0.83505 -0.23715 0.50808 0.83716 -0.22097 0.52237 0.84394 -0.20919 0.52963 0.83930 -0.19596 0.54048 0.84235 -0.17240 0.55316 0.84281 -0.16232 0.55784 0.83744 -0.16974 0.55610 0.83641 -0.15718 0.56194 0.83348 -0.14845 0.56635 0.83433 -0.09162 0.58200 0.84150 -0.07744 0.58221 0.83412 -0.07840 0.58433 0.83572 -0.06700 0.58527 0.83694 -0.05576 0.58600 0.83025 -0.04753 0.58878 0.83205 0.05481 0.58762 0.82555 0.05539 0.58958 0.82948 0.07632 0.58594 0.83322 0.09044 0.58254 0.83296 0.11268 0.57805 0.83284 0.12088 0.57590 0.83578 0.12825 0.57291 0.83879 0.13571 0.56964 0.83112 0.16826 0.55870 0.82581 0.18393 0.55212 0.83436 0.20041 0.53913 0.83016 0.19986 0.54088 0.83355 0.20669 0.53490 0.82487 0.23757 0.51027 0.83460 0.23589 0.50886 0.83353 0.24413 0.50098 0.83533 0.25535 0.49004 0.82544 -0.24810 0.50000 0.81918 -0.24358 0.50633 0.82890 -0.23224 0.51466 0.82418 -0.22736 0.52068 0.83677 -0.20329 0.53628 0.82936 -0.20029 0.54071 0.83202 -0.19226 0.54516 0.83145 -0.12583 0.57458 0.83008 -0.11009 0.57953 0.83064 -0.08581 0.58416 0.82789 -0.03723 0.59012 0.83670 -0.02616 0.58803 0.82913 -0.02524 0.59028 0.84016 -0.01313 0.58732 0.83766 -0.00625 0.58813 0.83908 0.00344 0.58768 0.83424 0.00470 0.58917 0.83853 0.01321 0.58773 0.82556 0.00898 0.59156 0.82562 -0.00247 0.59165 0.82427 0.02104 0.59169 0.81630 0.02444 0.59393 0.82998 0.03868 0.58931 0.82528 0.04999 0.59011 0.82774 0.06407 0.58803 0.82076 0.07530 0.58872 0.82372 0.12336 0.57790 0.83051 0.13740 0.57159 0.82640 0.14279 0.57085 0.83200 0.15208 0.56556 0.82384 0.15906 0.56518 0.82639 0.16418 0.56207 0.82306 0.17408 0.55827 0.82626 0.19103 0.54771 0.83030 0.19564 0.54353 0.83126 0.21894 0.52583 0.82321 0.22987 0.51836 0.82271 0.24639 0.50184 0.81977 0.25524 0.49349 0.82948 0.25435 0.49216 0.82658 0.26256 0.48523 0.83139 0.26533 0.48205 0.82719 -0.26669 0.48185 0.82065 -0.26194 0.48742 0.82315 -0.23506 0.51366 0.82873 -0.22092 0.52504 0.82369 -0.21634 0.53048 0.82670 -0.19028 0.54810 0.83211 -0.18317 0.55058 0.82866 -0.17996 0.55353 0.83145 -0.17511 0.55519 0.83425 -0.16724 0.55822 0.82673 -0.14821 0.56851 0.83660 -0.13791 0.56910 0.82142 -0.14234 0.57203 0.83183 -0.11286 0.57822 0.82825 -0.11172 0.57965 0.82931 -0.10650 0.58039 0.82714 -0.09356 0.58382 0.82056 -0.09493 0.58532 0.82516 -0.05859 0.58931 0.82426 -0.05305 0.59015 0.82325 -0.04841 0.59079 0.82384 -0.01609 0.59200 0.82243 0.04101 0.59147 0.82093 0.05780 0.59067 0.82468 0.11340 0.58025 0.81772 0.13853 0.57490 0.82349 0.13845 0.57331 0.82043 0.15471 0.56799 0.82481 0.17968 0.55485 0.82278 0.18242 0.55401 0.82028 0.19088 0.54962 0.82591 0.20310 0.53988 0.82107 0.20354 0.54109 0.82549 0.21091 0.53412 0.82953 0.20565 0.53695 0.82731 0.22449 0.52220 0.81883 0.24336 0.50622 0.81821 -0.25459 0.49523 0.82334 -0.25037 0.49827 0.81633 -0.23024 0.52043 0.82647 -0.20915 0.53520 0.82171 -0.19585 0.54607 0.82364 -0.18071 0.55456 0.81507 -0.18022 0.55733 0.82362 -0.17044 0.55978 0.81704 -0.16785 0.56307 0.82312 -0.15899 0.56524 0.82021 -0.13467 0.57520 0.82017 -0.12701 0.57769 0.82393 -0.07954 0.58693 0.81898 -0.07522 0.58911 0.82467 -0.06761 0.58843 0.81999 -0.01171 0.59325 0.81579 0.03808 0.59361 0.81987 0.08238 0.58789 0.82238 0.09341 0.58523 0.81829 0.10211 0.58466 0.81507 0.11144 0.58350 0.81640 0.12098 0.58066 0.82720 0.13294 0.57399 0.81414 0.14908 0.57207 0.81614 0.16409 0.56522 0.81671 0.18437 0.55457 0.82033 0.19922 0.54420 0.80989 0.20518 0.54320 0.82423 0.22114 0.52608 0.81913 0.25214 0.49690 0.81541 0.26750 0.48262 0.81015 -0.25686 0.49484 0.81105 -0.25248 0.49919 0.81259 -0.24796 0.50359 0.81366 -0.24487 0.50654 0.80957 -0.23963 0.51320 0.80950 -0.23366 0.51915 0.81704 -0.22079 0.52879 0.81062 -0.20837 0.54070 0.82007 -0.20319 0.54159 0.82135 -0.18857 0.55075 0.81324 -0.16617 0.56500 0.81952 -0.15322 0.56872 0.82230 -0.12097 0.57895 0.82200 -0.10255 0.58334 0.81486 -0.08472 0.58884 0.80937 -0.08416 0.59034 0.80841 -0.03229 0.59590 0.81138 -0.02329 0.59544 0.81305 -0.00644 0.59521 0.80975 0.01042 0.59607 0.81771 0.01904 0.59373 0.81362 0.03139 0.59452 0.80581 0.03151 0.59669 0.81727 0.06557 0.59085 0.81381 0.07341 0.59096 0.80770 0.11807 0.58389 0.81849 0.12948 0.57761 0.80671 0.14334 0.57637 0.81729 0.17030 0.56195 0.80934 0.17723 0.56070 0.80285 0.19170 0.55431 0.81154 0.19620 0.54884 0.81763 0.20757 0.53911 0.80860 0.21274 0.53790 0.81096 0.22428 0.52754 0.81567 0.22812 0.52253 0.81214 0.24160 0.51001 0.81279 0.24892 0.50199 0.80852 -0.26492 0.48698 0.81171 -0.20078 0.54583 0.81510 -0.18624 0.55400 0.80677 -0.17619 0.56187 0.81440 -0.16043 0.56727 0.81238 -0.15619 0.56953 0.80755 -0.14299 0.57600 0.81848 -0.12374 0.57932 0.82142 -0.11786 0.58000 0.81005 -0.10899 0.58527 0.80976 -0.09095 0.58906 0.81627 -0.06972 0.59061 0.81260 -0.06811 0.59189 0.81568 -0.05996 0.59188 0.80828 -0.05821 0.59414 0.81555 -0.04697 0.59305 0.80795 -0.04265 0.59549 0.81867 -0.03308 0.59297 0.81725 0.04652 0.59263 0.81294 0.05326 0.59330 0.80164 0.04028 0.59731 0.80355 0.06561 0.59469 0.80928 0.07207 0.59244 0.80977 0.07650 0.59167 0.80634 0.08673 0.59095 0.79948 0.09677 0.59109 0.80731 0.10467 0.58722 0.80323 0.11233 0.58665 0.80857 0.13203 0.57962 0.80561 0.13866 0.57838 0.81017 0.15892 0.56923 0.80309 0.16107 0.57037 0.81145 0.17041 0.56363 0.80145 0.20127 0.54850 0.80691 0.20197 0.54645 0.80307 0.20606 0.54467 0.81442 0.21655 0.53303 0.81018 0.23463 0.51785 0.81339 0.25487 0.49543 0.79922 -0.26204 0.49172 0.80317 -0.24438 0.51008 0.80958 -0.24310 0.50959 0.80119 -0.23854 0.51678 0.80149 -0.22601 0.52886 0.81156 -0.22613 0.52571 0.80612 -0.22019 0.53265 0.81389 -0.21493 0.53464 0.80131 -0.20386 0.54676 0.80570 -0.19864 0.54910 0.81061 -0.19345 0.55098 0.81397 -0.12554 0.57999 0.80954 -0.12049 0.58242 0.80705 -0.10108 0.58779 0.80675 -0.06495 0.59387 0.80533 -0.05314 0.59540 0.80428 0.07669 0.59317 0.80298 0.07938 0.59316 0.79744 0.12023 0.58619 0.80352 0.12590 0.58293 0.80088 0.14019 0.57916 0.80324 0.15428 0.57319 0.79456 0.16198 0.57235 0.80336 0.16825 0.56694 0.80769 0.18444 0.55726 0.79447 0.19438 0.55520 0.80083 0.21253 0.54042 0.80785 0.23009 0.52314 0.80582 0.24319 0.51036 0.80440 0.25015 0.50298 0.80413 0.24562 0.50815 0.79880 -0.26623 0.48734 0.79846 -0.25665 0.49792 0.80270 -0.25004 0.50408 0.79703 -0.23158 0.52501 0.80398 -0.21475 0.53780 0.80522 -0.19242 0.55324 0.80660 -0.18758 0.55565 0.79560 -0.18816 0.55842 0.80064 -0.17442 0.56470 0.80441 -0.16721 0.56701 0.80287 -0.15723 0.57181 0.79117 -0.16389 0.57235 0.80836 -0.14871 0.57372 0.80235 -0.15160 0.57436 0.80319 -0.11837 0.58495 0.80553 -0.07395 0.59300 0.79640 -0.06890 0.59613 0.80177 -0.04201 0.59725 0.80324 0.02002 0.59777 0.79925 0.02204 0.59888 0.79473 0.02835 0.59985 0.80395 0.05310 0.59576 0.79857 0.10694 0.58919 0.78969 0.11022 0.59089 0.79860 0.13266 0.58223 0.79694 0.15521 0.57466 0.79734 0.16719 0.56925 0.80140 0.18461 0.55898 0.79409 0.20473 0.54827 0.79484 0.21001 0.54413 0.79971 0.22517 0.53030 0.79907 0.23514 0.52081 0.80141 0.22777 0.52734 0.79984 0.24296 0.51229 0.79624 0.25653 0.49791 0.79616 0.25113 0.50413 0.80222 0.25825 0.49452 0.80133 0.26879 0.48353 0.79120 -0.26684 0.48810 0.79018 -0.26032 0.49566 0.79172 -0.24921 0.50802 0.79209 -0.24256 0.51523 0.79067 -0.23576 0.52278 0.79322 -0.22623 0.53121 0.79394 -0.21942 0.53690 0.79803 -0.21111 0.54239 0.79373 -0.20788 0.54611 0.79972 -0.19586 0.55257 0.79270 -0.16934 0.56931 0.79445 -0.08245 0.59483 0.78643 -0.08883 0.59588 0.80275 -0.02889 0.59761 0.81126 -0.01683 0.59559 0.80402 -0.01667 0.59760 0.80125 -0.01370 0.59838 0.80941 0.00050 0.59618 0.80051 -0.00203 0.59871 0.79325 -0.00257 0.60070 0.80274 0.01130 0.59803 0.79182 0.01384 0.60105 0.79364 0.02134 0.60041 0.78833 0.04039 0.60088 0.79651 0.05222 0.59791 0.79792 0.07376 0.59527 0.79206 0.07881 0.59617 0.79166 0.08801 0.59484 0.79006 0.13196 0.58481 0.79610 0.14948 0.57714 0.79394 0.15514 0.57553 0.79320 0.17073 0.56866 0.79356 0.17989 0.56376 0.78077 0.18181 0.56640 0.79273 0.19000 0.55831 0.79066 0.19427 0.55638 0.78987 0.19727 0.55467 0.78529 0.20844 0.54808 0.79207 0.21868 0.53800 0.79588 0.21377 0.54098 0.80180 0.22101 0.53320 0.79588 0.22653 0.53017 0.79362 0.23148 0.52612 0.79246 0.24056 0.51726 0.78933 0.24430 0.51409 0.79183 0.26274 0.49184 0.79316 0.26690 0.48691 0.78516 -0.25677 0.50099 0.78469 -0.25297 0.50563 0.78056 -0.24427 0.51673 0.79037 -0.20409 0.54973 0.79319 -0.18135 0.56307 0.79837 -0.17729 0.56389 0.79481 -0.14590 0.57858 0.80480 -0.13448 0.57967 0.78766 -0.14097 0.58215 0.79673 -0.12584 0.58460 0.79684 -0.11739 0.58695 0.79072 -0.11788 0.58864 0.79459 -0.11184 0.58900 0.79181 -0.09242 0.59371 0.79112 -0.08800 0.59490 0.77979 -0.08505 0.59834 0.79095 -0.06326 0.59838 0.79717 -0.05289 0.59764 0.79280 -0.04324 0.59952 0.79052 -0.02996 0.60085 0.78925 0.00421 0.60178 0.78808 0.05052 0.60034 0.79074 0.06157 0.59863 0.79053 0.09844 0.59322 0.78055 0.10089 0.59543 0.79078 0.11836 0.58862 0.78349 0.11812 0.59062 0.78906 0.12418 0.58747 0.77982 0.13087 0.58791 0.78395 0.13791 0.58458 0.78920 0.14396 0.58101 0.79086 0.14923 0.57872 0.78290 0.17052 0.57162 0.78601 0.17613 0.56799 0.78375 0.19674 0.55665 0.79314 0.20019 0.55171 0.78809 0.20349 0.55093 0.79364 0.22395 0.53310 0.78556 0.22954 0.53025 0.78722 0.24197 0.51735 0.78276 -0.26413 0.49293 0.77677 -0.25283 0.50796 0.77766 -0.23670 0.52562 0.78707 -0.23031 0.52922 0.78618 -0.22478 0.53462 0.77973 -0.21631 0.54369 0.78582 -0.21265 0.54473 0.77533 -0.21539 0.54562 0.79465 -0.17540 0.56586 0.78253 -0.17950 0.56696 0.78666 -0.16436 0.57344 0.79203 -0.15636 0.57530 0.78812 -0.12979 0.58582 0.78554 -0.12466 0.58810 0.78533 -0.07177 0.59889 0.78319 -0.06268 0.60047 0.78211 -0.03889 0.60276 0.78544 0.01957 0.60262 0.78245 0.02511 0.60314 0.78305 0.06711 0.60009 0.77880 0.08932 0.59808 0.78888 0.15393 0.57734 0.78107 0.16279 0.57566 0.77978 0.18986 0.56192 0.78518 0.20230 0.55258 0.78472 0.21540 0.54287 0.78150 0.21403 0.54493 0.78663 0.23794 0.52170 0.77929 0.25727 0.50162 0.78006 0.25447 0.50489 0.78481 0.25112 0.50744 0.78395 0.26117 0.49549 0.77831 -0.26713 0.49037 0.77735 -0.22776 0.53446 0.78452 -0.19795 0.55553 0.78392 -0.18885 0.56134 0.78186 -0.16520 0.57430 0.78631 -0.15179 0.57872 0.78745 -0.11744 0.58954 0.79185 -0.10629 0.59076 0.77929 -0.10168 0.59532 0.77912 -0.07949 0.59950 0.77793 -0.07522 0.60041 0.78160 -0.04370 0.60257 0.78937 -0.01600 0.60157 0.78302 0.00488 0.60348 0.78086 0.00922 0.60401 0.77983 0.04576 0.60299 0.77777 0.05178 0.60302 0.77822 0.07880 0.59990 0.77447 0.08337 0.60027 0.78109 0.10921 0.59350 0.77597 0.11294 0.59398 0.77655 0.14406 0.58437 0.77866 0.15441 0.57980 0.77527 0.16892 0.57446 0.77848 0.17771 0.56928 0.77575 0.18144 0.56806 0.76903 0.18507 0.56772 0.77174 0.20024 0.55761 0.78022 0.20642 0.55108 0.77581 0.21036 0.54932 0.77461 0.21831 0.54332 0.78003 0.22323 0.53764 0.77614 0.23039 0.53224 0.77571 0.23543 0.52743 0.77892 0.23760 0.52432 0.77454 0.24895 0.51303 0.77543 0.26205 0.49662 0.77966 -0.25700 0.50215 0.77559 -0.25424 0.50659 0.77582 -0.24067 0.52212 0.76792 -0.23133 0.53379 0.77498 -0.22479 0.53793 0.77850 -0.22059 0.54048 0.77816 -0.20638 0.55155 0.77976 -0.20203 0.55426 0.77705 -0.20140 0.55541 0.77694 -0.18801 0.56378 0.78362 -0.16974 0.57170 0.78002 -0.15990 0.57709 0.78105 -0.15297 0.57967 0.77627 -0.13735 0.58657 0.77442 -0.08871 0.59929 0.76921 -0.08819 0.60059 0.78047 -0.03528 0.60339 0.77843 -0.03165 0.60406 0.77532 -0.02598 0.60512 0.77821 -0.02032 0.60456 0.78157 -0.01461 0.60376 0.78041 -0.00909 0.60411 0.77511 0.03850 0.60457 0.77536 0.04381 0.60430 0.76099 0.04792 0.60765 0.77095 0.05833 0.60424 0.76708 0.09500 0.60013 0.76658 0.13203 0.59108 0.77279 0.13749 0.58770 0.76759 0.14413 0.58673 0.76998 0.14951 0.58414 0.76643 0.16652 0.57781 0.77117 0.15420 0.58191 0.77365 0.18018 0.56929 0.77504 0.20482 0.55360 0.77156 0.20356 0.55552 0.77548 0.22297 0.53925 0.78150 0.24430 0.51639 0.77880 0.24102 0.52083 0.77225 0.26671 0.49143 0.77244 0.25995 0.50010 0.77108 -0.26156 0.49881 0.77308 -0.24756 0.51520 0.76808 -0.24455 0.52015 0.77055 -0.24200 0.52219 0.76958 -0.21939 0.54401 0.77411 -0.21869 0.54339 0.77038 -0.20420 0.55525 0.77285 -0.19582 0.56011 0.77282 -0.15710 0.58016 0.77600 -0.11962 0.59181 0.77175 -0.10987 0.59553 0.77094 -0.09412 0.59910 0.77336 -0.06613 0.60276 0.77593 -0.05649 0.60302 0.77332 -0.05075 0.60424 0.77408 -0.04233 0.60462 0.76848 0.00058 0.60729 0.77248 0.01006 0.60618 0.76804 0.06702 0.60408 0.77266 0.10523 0.59663 0.77272 0.12113 0.59265 0.75938 0.12168 0.59598 0.76278 0.12758 0.59351 0.76147 0.14167 0.58923 0.76461 0.15531 0.58322 0.77120 0.17550 0.57230 0.76285 0.19105 0.56594 0.76825 0.20569 0.55485 0.76465 0.21376 0.54973 0.76420 0.22070 0.54429 0.77199 0.24254 0.52104 0.77289 0.25501 0.50621 0.76199 -0.26444 0.49743 0.77004 -0.25308 0.50950 0.76045 -0.25123 0.51448 0.76100 -0.24515 0.52140 0.75957 -0.23736 0.53013 0.76904 -0.22529 0.53910 0.76301 -0.21255 0.55115 0.76054 -0.20427 0.55786 0.77024 -0.18620 0.56657 0.76980 -0.17263 0.57387 0.76138 -0.17547 0.57487 0.76294 -0.16304 0.58032 0.76670 -0.15914 0.58112 0.77218 -0.14869 0.58369 0.76636 -0.13809 0.58898 0.77718 -0.12560 0.58990 0.76191 -0.13205 0.59194 0.77608 -0.11220 0.59365 0.76878 -0.10426 0.59751 0.76846 -0.07638 0.60270 0.76412 -0.06988 0.60469 0.76122 -0.06014 0.60644 0.76458 -0.03625 0.60745 0.76995 -0.02237 0.60660 0.76575 0.04029 0.60694 0.75569 0.06149 0.60783 0.76719 0.07470 0.60338 0.76425 0.08205 0.60307 0.76214 0.10348 0.59973 0.76718 0.11236 0.59639 0.76002 0.15017 0.58649 0.75907 0.16268 0.58161 0.76549 0.17412 0.57449 0.75753 0.18898 0.56851 0.76222 0.18475 0.56976 0.76495 0.19516 0.56273 0.75697 0.21818 0.54847 0.76349 0.22632 0.53955 0.76288 0.23294 0.53356 0.77159 0.22730 0.53640 0.75764 0.24002 0.52789 0.76808 0.23623 0.52879 0.76130 0.24356 0.52304 0.76151 0.25025 0.51523 0.76593 0.26004 0.50175 0.75755 0.26259 0.50061 0.76481 0.26539 0.49496 0.76043 -0.25919 0.50456 0.76283 -0.25578 0.50822 0.75604 -0.24916 0.51824 0.75585 -0.24090 0.52760 0.75907 -0.22198 0.54467 0.75627 -0.20959 0.55530 0.76018 -0.20887 0.55478 0.75973 -0.19418 0.56468 0.75472 -0.18998 0.56867 0.76125 -0.18509 0.56968 0.76545 -0.15633 0.58260 0.75864 -0.14312 0.58935 0.76208 -0.10697 0.59882 0.75642 -0.08897 0.60373 0.76122 -0.08173 0.60384 0.75812 -0.07516 0.60561 0.77047 -0.00792 0.60666 0.76424 0.00082 0.60840 0.76096 0.00153 0.60921 0.76355 0.01002 0.60840 0.76635 0.02254 0.60736 0.75766 0.02706 0.60949 0.75957 0.05682 0.60731 0.75203 0.08948 0.60497 0.75767 0.09711 0.60218 0.75800 0.11139 0.59899 0.75128 0.11358 0.60017 0.75670 0.11566 0.59832 0.75972 0.12986 0.59359 0.75356 0.14683 0.58936 0.75777 0.15782 0.58403 0.76070 0.17946 0.57294 0.75938 0.19374 0.56520 0.75858 0.20609 0.55708 0.75458 0.22362 0.54443 0.75708 0.24374 0.52416 0.75948 0.25724 0.50713 0.75372 -0.25994 0.50538 0.75300 -0.25392 0.51328 0.74980 -0.24741 0.52203 0.74631 -0.24097 0.53017 0.75232 -0.21890 0.54913 0.74778 -0.21450 0.55386 0.75586 -0.18599 0.57072 0.75760 -0.18037 0.57327 0.75668 -0.17296 0.57727 0.75974 -0.15831 0.58325 0.76076 -0.15011 0.58618 0.76175 -0.12027 0.59542 0.75809 -0.11131 0.59877 0.75755 -0.10636 0.59988 0.74975 -0.10303 0.60250 0.75760 -0.08019 0.60494 0.76055 -0.03151 0.60874 0.75579 -0.03633 0.60974 0.75608 -0.01819 0.61020 0.75542 -0.00960 0.61052 0.75107 0.03186 0.61102 0.75647 0.03996 0.60934 0.74496 0.04782 0.61164 0.75096 0.05589 0.60956 0.74935 0.10206 0.60322 0.75740 0.13689 0.59192 0.74839 0.13251 0.59554 0.75384 0.15529 0.58605 0.75640 0.16713 0.58028 0.75191 0.19876 0.56386 0.75252 0.20455 0.55985 0.75137 0.21225 0.55455 0.75458 0.21554 0.55119 0.75423 0.21950 0.54818 0.75348 0.23364 0.53543 0.75226 0.24666 0.52214 0.75425 0.26730 0.49498 0.75086 0.26036 0.50540 0.75268 -0.26480 0.49921 0.74619 -0.26016 0.50712 0.74886 -0.25732 0.51015 0.74250 -0.25083 0.52007 0.74106 -0.23399 0.53862 0.75671 -0.22922 0.53887 0.74670 -0.21948 0.55022 0.75129 -0.20132 0.56236 0.74617 -0.19600 0.56710 0.75416 -0.14865 0.58855 0.75266 -0.14526 0.59008 0.75076 -0.12718 0.59642 0.75409 -0.11958 0.59763 0.73071 -0.12514 0.60163 0.75618 -0.05090 0.60857 0.75044 -0.04433 0.61056 0.75133 -0.03799 0.61076 0.75443 -0.02916 0.61029 0.74523 0.01054 0.61295 0.74044 0.05545 0.61201 0.75579 0.07016 0.60679 0.75236 0.07646 0.60690 0.74748 0.08460 0.60699 0.74545 0.10859 0.60283 0.74249 0.11295 0.60252 0.74393 0.12173 0.59986 0.75098 0.14061 0.59226 0.74257 0.14730 0.59186 0.74634 0.15740 0.58696 0.75162 0.16378 0.58298 0.75094 0.17338 0.57856 0.74671 0.18527 0.57337 0.74842 0.19215 0.56898 0.74055 0.20328 0.56385 0.74691 0.20871 0.55830 0.75124 0.22020 0.54839 0.75336 0.25085 0.51691 0.74275 -0.26453 0.50209 0.74347 -0.25575 0.51367 0.73930 -0.24578 0.52686 0.73929 -0.23884 0.53440 0.74144 -0.21937 0.55170 0.74881 -0.20758 0.55872 0.75001 -0.18770 0.57118 0.74794 -0.18150 0.57511 0.74524 -0.17393 0.57970 0.75177 -0.16284 0.58326 0.74551 -0.16160 0.58548 0.74665 -0.15538 0.58774 0.74904 -0.13400 0.59472 0.73865 -0.13328 0.59756 0.75141 -0.07621 0.60706 0.74880 -0.07049 0.60850 0.74487 -0.06514 0.61003 0.74574 -0.02519 0.61256 0.74748 -0.01184 0.61249 0.73811 0.01603 0.61460 0.74480 0.03784 0.61230 0.73981 0.07194 0.61044 0.74947 0.08129 0.60695 0.74249 0.08352 0.60830 0.73647 0.10518 0.60574 0.74319 0.12764 0.59841 0.74011 0.17029 0.58278 0.73939 0.17901 0.57867 0.73791 0.19543 0.56964 0.73749 0.20953 0.56022 0.74578 0.21859 0.55102 0.74298 0.22763 0.54393 0.74833 0.22280 0.54693 0.74016 0.23825 0.53445 0.74766 0.23106 0.53953 0.74858 0.24140 0.52901 0.74569 0.24500 0.52598 0.74161 0.26181 0.50588 0.74232 0.25854 0.51025 0.74633 0.25480 0.51391 0.74041 -0.26963 0.49557 0.73711 -0.25920 0.51085 0.73407 -0.25382 0.51874 0.73889 -0.24006 0.53330 0.74441 -0.22443 0.54657 0.73119 -0.22192 0.55221 0.73652 -0.21136 0.55920 0.74008 -0.20467 0.56300 0.74477 -0.14592 0.59173 0.73831 -0.14286 0.59446 0.74585 -0.12063 0.59938 0.73693 -0.11052 0.60413 0.74474 -0.10017 0.60455 0.74048 -0.08378 0.60860 0.74439 -0.07817 0.60863 0.74608 -0.07538 0.60862 0.74626 -0.04044 0.61183 0.74906 -0.00547 0.61213 0.74398 -0.00500 0.61340 0.74865 0.00284 0.61219 0.73688 -0.00323 0.61507 0.72935 -0.00351 0.61686 0.73932 0.02683 0.61409 0.74017 0.05026 0.61265 0.73923 0.09893 0.60639 0.73233 0.11454 0.60455 0.73580 0.12870 0.59986 0.73742 0.13945 0.59601 0.73547 0.14661 0.59399 0.73648 0.16101 0.58787 0.73230 0.17029 0.58476 0.73622 0.17659 0.58076 0.73478 0.18736 0.57528 0.73619 0.20129 0.56639 0.73728 0.21606 0.55525 0.73519 0.22423 0.54901 0.74325 0.24328 0.52850 0.73923 0.24776 0.52447 0.73771 0.25278 0.51896 0.73139 0.25654 0.51585 0.74790 0.26550 0.49907 0.73809 0.25924 0.51042 0.73612 0.26994 0.49556 0.72712 -0.25755 0.51578 0.73466 -0.24933 0.52410 0.73046 -0.24639 0.52861 0.73095 -0.23117 0.54415 0.73591 -0.22845 0.54534 0.73509 -0.22547 0.54824 0.73648 -0.21638 0.55538 0.72924 -0.20928 0.56254 0.73641 -0.19067 0.57281 0.73936 -0.18206 0.57700 0.73487 -0.17742 0.58056 0.73982 -0.16630 0.58472 0.72989 -0.16484 0.58776 0.73796 -0.16066 0.58775 0.73752 -0.15621 0.58967 0.73539 -0.12904 0.59972 0.73842 -0.10399 0.60533 0.74091 -0.09408 0.60658 0.74009 -0.07734 0.60969 0.74209 -0.05643 0.61162 0.73807 -0.03956 0.61379 0.73899 -0.01991 0.61435 0.73532 0.00670 0.61545 0.73986 0.04073 0.61337 0.73411 0.04534 0.61437 0.72506 0.06842 0.61438 0.74015 0.09204 0.60741 0.72808 0.08187 0.61188 0.73434 0.12150 0.60230 0.73123 0.14466 0.59573 0.72866 0.15478 0.59244 0.73334 0.19176 0.57313 0.73333 0.20083 0.56740 0.73259 0.20561 0.56429 0.73349 0.25206 0.52104 0.73008 -0.26381 0.50637 0.72682 -0.25408 0.52044 0.72585 -0.25037 0.52525 0.72994 -0.21193 0.56051 0.73314 -0.13296 0.59920 0.72993 -0.13337 0.59972 0.72535 -0.09324 0.61048 0.73432 -0.06629 0.61250 0.73833 -0.04964 0.61309 0.72523 -0.05374 0.61580 0.73340 -0.03305 0.61525 0.73532 -0.01278 0.61539 0.72811 -0.02040 0.61703 0.73270 0.02807 0.61564 0.71072 0.05005 0.61949 0.71398 0.05920 0.61793 0.73039 0.09661 0.60890 0.72927 0.10229 0.60810 0.72030 0.10456 0.60961 0.72216 0.11434 0.60701 0.72415 0.12127 0.60478 0.72837 0.13718 0.59897 0.72362 0.14557 0.59719 0.72216 0.16414 0.59008 0.72769 0.16647 0.58765 0.72655 0.17408 0.58438 0.73043 0.17982 0.58047 0.72946 0.18669 0.57704 0.72732 0.19186 0.57449 0.73020 0.21339 0.55915 0.72839 0.22106 0.55348 0.72495 0.25139 0.52413 0.72269 0.26067 0.51277 0.72739 0.26514 0.50495 0.72021 -0.26598 0.50589 0.71922 -0.25443 0.52196 0.72127 -0.24623 0.53121 0.73134 -0.24057 0.53466 0.72706 -0.23497 0.54150 0.72382 -0.23108 0.54606 0.72883 -0.22744 0.54811 0.72630 -0.21491 0.55908 0.72895 -0.20187 0.56762 0.73002 -0.18548 0.57752 0.72579 -0.18535 0.57871 0.72938 -0.17363 0.58378 0.73089 -0.15395 0.59209 0.72988 -0.14584 0.59543 0.73047 -0.13589 0.59886 0.72650 -0.11920 0.60451 0.73071 -0.10994 0.60580 0.72989 -0.07696 0.61214 0.72575 -0.07187 0.61388 0.72760 -0.06298 0.61441 0.72166 -0.03426 0.61796 0.72861 0.03419 0.61631 0.72326 0.05562 0.61602 0.72029 0.15292 0.59525 0.72359 0.15968 0.59176 0.72335 0.17896 0.58266 0.72607 0.18653 0.57794 0.72638 0.20119 0.56877 0.72392 0.20988 0.56331 0.71656 0.21460 0.56154 0.72173 0.21796 0.55765 0.71786 0.23435 0.54426 0.72636 0.22793 0.54807 0.72105 0.23904 0.53887 0.73028 0.23319 0.54213 0.71831 0.24471 0.53361 0.72782 0.24007 0.53603 0.72870 0.24501 0.53048 0.71872 0.26389 0.50934 0.71496 -0.25997 0.51573 0.71775 -0.24998 0.52783 0.72156 -0.24885 0.52824 0.72121 -0.23781 0.54021 0.71743 -0.23439 0.54450 0.71677 -0.22705 0.55139 0.72019 -0.22070 0.55599 0.72514 -0.19053 0.57581 0.72503 -0.18249 0.58033 0.72052 -0.15459 0.59433 0.72232 -0.14315 0.59813 0.71608 -0.10671 0.61005 0.71994 -0.07933 0.61422 0.72728 -0.02390 0.61710 0.72576 0.00070 0.61772 0.72183 0.02085 0.61838 0.71492 0.03516 0.61927 0.71617 0.07032 0.61626 0.71822 0.09036 0.61284 0.71160 0.11754 0.60860 0.72411 0.12949 0.60242 0.71569 0.13696 0.60199 0.71423 0.14869 0.59823 0.71905 0.16010 0.59262 0.71403 0.16865 0.58997 0.71850 0.17489 0.58583 0.71780 0.18672 0.57969 0.71931 0.22617 0.55137 0.72056 0.24808 0.52926 0.71845 0.25708 0.51876 0.71532 0.26150 0.51365 0.71762 0.26997 0.50037 0.71384 -0.25582 0.52159 0.70606 -0.25305 0.52696 0.70208 -0.22254 0.55875 0.71331 -0.22206 0.55656 0.71323 -0.20318 0.57065 0.72052 -0.19627 0.57338 0.71005 -0.19741 0.57519 0.72380 -0.18718 0.57813 0.71842 -0.17692 0.58468 0.71757 -0.16593 0.59018 0.70863 -0.16242 0.59396 0.71451 -0.15432 0.59591 0.71410 -0.14172 0.60054 0.70591 -0.13942 0.60325 0.71532 -0.12781 0.60475 0.71983 -0.11915 0.60611 0.70641 -0.12513 0.60756 0.72172 -0.10928 0.60800 0.71053 -0.08543 0.61538 0.72332 -0.04440 0.61697 0.72030 -0.02919 0.61856 0.72391 -0.02296 0.61791 0.72502 -0.01569 0.61773 0.71399 -0.01877 0.62020 0.72024 -0.00820 0.61898 0.71856 0.00301 0.61937 0.72782 0.01766 0.61707 0.71600 0.00973 0.61993 0.71789 0.02278 0.61923 0.71283 0.02344 0.62031 0.71908 0.03177 0.61864 0.71157 0.04409 0.61968 0.71204 0.08718 0.61486 0.70872 0.10919 0.61132 0.71697 0.12101 0.60657 0.70490 0.14519 0.60166 0.71372 0.15642 0.59539 0.71589 0.20758 0.56687 0.71371 0.19778 0.57400 0.71181 0.22292 0.55597 0.70944 0.24673 0.53369 0.71619 0.25383 0.52357 0.70914 0.25139 0.52832 0.71672 0.26705 0.50515 0.70927 0.26573 0.50912 0.70943 -0.26604 0.50868 0.70413 -0.26373 0.51354 0.70727 -0.26258 0.51431 0.71163 -0.24697 0.53279 0.70706 -0.22850 0.55251 0.71337 -0.21724 0.56039 0.71679 -0.20980 0.56516 0.71493 -0.19528 0.57541 0.71549 -0.18984 0.57844 0.70127 -0.19332 0.57973 0.70638 -0.17107 0.59053 0.71111 -0.14817 0.59908 0.71046 -0.11102 0.61045 0.71653 -0.08834 0.61352 0.71569 -0.07553 0.61567 0.71351 -0.03868 0.61963 0.71189 -0.03280 0.62024 0.70726 0.00986 0.62185 0.70288 0.04225 0.62184 0.70536 0.06135 0.61971 0.70845 0.06948 0.61817 0.71045 0.07948 0.61636 0.69895 0.07572 0.61952 0.70598 0.09120 0.61549 0.70590 0.10338 0.61320 0.71612 0.12558 0.60543 0.70663 0.13751 0.60395 0.70423 0.15699 0.59725 0.70931 0.16388 0.59322 0.70569 0.17143 0.59060 0.70865 0.17571 0.58781 0.70649 0.18312 0.58436 0.71149 0.19271 0.57776 0.70515 0.20776 0.56933 0.70842 0.21567 0.56262 0.71081 0.25577 0.52252 0.70061 -0.26077 0.51849 0.71192 -0.24039 0.53983 0.70714 -0.23343 0.54795 0.70161 -0.22969 0.55277 0.70697 -0.20743 0.56924 0.70896 -0.17577 0.58759 0.70504 -0.16088 0.59554 0.70688 -0.15565 0.59718 0.70298 -0.14997 0.60025 0.71193 -0.11407 0.60930 0.70813 -0.10640 0.61197 0.71119 -0.09777 0.61308 0.71019 -0.06870 0.61777 0.70019 -0.07254 0.61959 0.70399 -0.06790 0.61938 0.70640 -0.06479 0.61917 0.71223 -0.05736 0.61850 0.70862 -0.04724 0.62011 0.71113 -0.01120 0.62100 0.70168 0.03430 0.62244 0.70252 0.08186 0.61786 0.69634 0.10010 0.61602 0.69943 0.13912 0.60504 0.69818 0.16860 0.59360 0.70328 0.19349 0.57916 0.69806 0.21011 0.56942 0.69764 0.21680 0.56436 0.70101 0.22506 0.55676 0.69827 0.23399 0.54942 0.70520 0.22870 0.55265 0.70121 0.23833 0.54457 0.70889 0.23207 0.54864 0.70037 0.24298 0.54005 0.70773 0.23834 0.54297 0.71058 0.24226 0.53821 0.70397 0.25616 0.52376 0.70098 0.26550 0.51171 0.70448 0.26059 0.51772 0.69941 -0.26551 0.51214 0.68932 -0.25671 0.52676 0.69902 -0.23979 0.54368 0.70255 -0.23730 0.54537 0.69479 -0.23425 0.55014 0.69573 -0.22823 0.55548 0.69002 -0.21226 0.56974 0.70164 -0.21229 0.56692 0.69525 -0.18880 0.58385 0.70450 -0.18437 0.58413 0.69069 -0.15208 0.60223 0.70598 -0.13328 0.60534 0.70387 -0.11675 0.61047 0.70470 -0.10256 0.61366 0.70100 -0.09857 0.61517 0.69818 -0.06574 0.62076 0.69869 -0.03855 0.62295 0.70171 -0.03207 0.62257 0.69875 -0.02625 0.62341 0.69836 0.04143 0.62291 0.69236 0.08128 0.62017 0.69711 0.11096 0.61348 0.69500 0.12260 0.61095 0.70520 0.13009 0.60655 0.69718 0.14539 0.60339 0.69266 0.16346 0.59717 0.68924 0.16992 0.59509 0.69763 0.17821 0.58904 0.69196 0.18796 0.58505 0.70274 0.20128 0.57441 0.69186 0.22491 0.55915 0.69767 0.26391 0.51495 0.69096 -0.26379 0.51683 0.69158 -0.26075 0.52093 0.69405 -0.25253 0.53077 0.70136 -0.24500 0.53749 0.69005 -0.22467 0.55987 0.69321 -0.20867 0.57161 0.69630 -0.18475 0.58592 0.69858 -0.17886 0.58847 0.69846 -0.17067 0.59255 0.69996 -0.16339 0.59557 0.69956 -0.13635 0.60583 0.69948 -0.07758 0.61902 0.68809 -0.08271 0.62059 0.69627 -0.04615 0.62295 0.69483 -0.01780 0.62451 0.70700 -0.00778 0.62200 0.70539 -0.00246 0.62236 0.69135 0.00027 0.62542 0.70236 0.01208 0.62293 0.69847 0.01391 0.62365 0.69174 0.01593 0.62507 0.69858 0.02659 0.62337 0.69412 0.03555 0.62407 0.69310 0.05594 0.62292 0.69812 0.06691 0.62077 0.69146 0.09153 0.61870 0.69172 0.13319 0.60860 0.68874 0.14410 0.60567 0.69308 0.15337 0.60124 0.68619 0.16198 0.59928 0.69402 0.20217 0.57585 0.69752 0.20601 0.57249 0.69400 0.20583 0.57345 0.68862 0.22014 0.56386 0.69334 0.22066 0.56243 0.69345 0.24637 0.53805 0.70005 0.24780 0.53483 0.69571 0.25194 0.53107 0.68805 0.26328 0.51821 0.69373 0.26675 0.51180 0.69171 0.26874 0.50935 0.68453 -0.26160 0.52153 0.68423 -0.25203 0.53379 0.69243 -0.24824 0.53608 0.68777 -0.22930 0.55637 0.69438 -0.21625 0.56566 0.69751 -0.20308 0.57438 0.68789 -0.19480 0.58187 0.69275 -0.15949 0.59884 0.68859 -0.15737 0.60071 0.69006 -0.13609 0.60797 0.69971 -0.10670 0.61386 0.69461 -0.10813 0.61464 0.69918 -0.08600 0.61771 0.68559 -0.07536 0.62226 0.69104 -0.00899 0.62546 0.69624 0.04600 0.62297 0.67778 0.04589 0.62694 0.68942 0.09790 0.61802 0.68587 0.10432 0.61743 0.68668 0.11719 0.61424 0.68294 0.13719 0.60927 0.68588 0.17186 0.59496 0.68672 0.17487 0.59323 0.68515 0.18277 0.58950 0.68248 0.20402 0.57718 0.69038 0.21024 0.57104 0.68098 0.21729 0.56791 0.68139 0.22275 0.56340 0.69043 0.25687 0.52621 0.68488 0.26059 0.52279 0.68429 0.26899 0.51082 0.69080 -0.26776 0.51096 0.68436 -0.25463 0.53072 0.67719 -0.24546 0.54282 0.68734 -0.24067 0.54549 0.67793 -0.23375 0.55450 0.68356 -0.21749 0.56713 0.68849 -0.18588 0.58697 0.68848 -0.17723 0.59155 0.68969 -0.16884 0.59537 0.69330 -0.14292 0.60502 0.69419 -0.12531 0.61031 0.69310 -0.11567 0.61313 0.68790 -0.10971 0.61568 0.68815 -0.10132 0.61735 0.69337 -0.05713 0.62268 0.68019 -0.05929 0.62523 0.68546 -0.04208 0.62556 0.68551 -0.03249 0.62610 0.68524 0.02050 0.62645 0.69072 0.06538 0.62261 0.68457 0.06067 0.62433 0.68852 0.07028 0.62247 0.68324 0.07653 0.62281 0.68529 0.08034 0.62190 0.68201 0.09472 0.62017 0.68076 0.14283 0.60788 0.68501 0.15169 0.60372 0.68089 0.16438 0.59943 0.68138 0.18799 0.58748 0.68147 0.19221 0.58497 0.67813 0.21522 0.57025 0.68120 0.22893 0.55804 0.68329 0.23534 0.55169 0.68699 0.23042 0.55550 0.69165 0.23153 0.55334 0.67895 0.24337 0.54454 0.68850 0.23770 0.54819 0.69168 0.24234 0.54270 0.68297 0.25492 0.53061 0.67883 -0.26562 0.51714 0.67978 -0.26244 0.52155 0.67579 -0.25999 0.52582 0.67775 -0.25539 0.53134 0.67612 -0.23930 0.54959 0.68028 -0.23806 0.54988 0.67886 -0.22556 0.56161 0.68380 -0.21176 0.57154 0.68546 -0.20754 0.57419 0.67913 -0.18335 0.59035 0.68378 -0.16578 0.59809 0.68472 -0.15976 0.60053 0.67716 -0.14172 0.60888 0.68078 -0.12927 0.61209 0.68119 -0.09872 0.61928 0.68311 -0.06947 0.62351 0.68165 -0.03834 0.62669 0.68096 0.03852 0.62674 0.67063 0.09993 0.62152 0.68663 0.11169 0.61565 0.67800 0.12642 0.61353 0.67573 0.15054 0.60610 0.68115 0.17523 0.59430 0.67815 0.18548 0.58958 0.68803 0.19626 0.58099 0.67785 0.21196 0.57267 0.67402 0.21755 0.56928 0.67300 0.22531 0.56308 0.68451 0.25082 0.53505 0.67553 0.25636 0.53060 0.67058 -0.26681 0.51750 0.67323 -0.25721 0.53017 0.66849 -0.25121 0.53843 0.66777 -0.22764 0.56233 0.67790 -0.21010 0.57402 0.67806 -0.20602 0.57690 0.68214 -0.20224 0.57849 0.67826 -0.19837 0.58180 0.67534 -0.19255 0.58594 0.67942 -0.15730 0.60260 0.68349 -0.14744 0.60553 0.68109 -0.11926 0.61482 0.67391 -0.11424 0.61756 0.66689 -0.07795 0.62572 0.67899 -0.02795 0.62766 0.68412 -0.01937 0.62683 0.68373 -0.00994 0.62707 0.67734 0.02792 0.62792 0.67084 0.03354 0.62911 0.67210 0.09015 0.62304 0.67973 0.08303 0.62257 0.67695 0.11290 0.61734 0.67374 0.13999 0.61028 0.66816 0.14809 0.60869 0.68052 0.15889 0.60179 0.67502 0.16651 0.59967 0.68194 0.17034 0.59645 0.67670 0.17983 0.59284 0.67121 0.18996 0.58843 0.67566 0.19814 0.58251 0.66928 0.20680 0.57818 0.66415 0.22261 0.56732 0.67371 0.23806 0.55120 0.67426 0.25362 0.53435 0.66738 0.25197 0.53777 0.67073 0.25472 0.53387 0.67577 0.26157 0.52365 0.66537 -0.26459 0.52193 0.66623 -0.25694 0.53209 0.66803 -0.23645 0.55429 0.66061 -0.23229 0.55983 0.66507 -0.22069 0.56871 0.66949 -0.20493 0.57935 0.66900 -0.19158 0.58794 0.66585 -0.18687 0.59122 0.67723 -0.17398 0.59553 0.67828 -0.16480 0.59968 0.67335 -0.15303 0.60552 0.67373 -0.13078 0.61325 0.67342 -0.12638 0.61453 0.67053 -0.10833 0.61966 0.67110 -0.08646 0.62352 0.66900 -0.05751 0.62783 0.67408 -0.03947 0.62817 0.67442 -0.01926 0.62882 0.68120 -0.00894 0.62760 0.67869 -0.00382 0.62804 0.67488 0.00394 0.62886 0.67259 0.00815 0.62937 0.66886 0.01165 0.63009 0.66122 0.01418 0.63167 0.65794 0.02153 0.63217 0.67161 0.05471 0.62758 0.66937 0.06767 0.62670 0.66590 0.09116 0.62416 0.66901 0.11830 0.61768 0.66072 0.11076 0.62123 0.66528 0.13306 0.61430 0.67006 0.15103 0.60723 0.66645 0.16399 0.60247 0.66691 0.17483 0.59733 0.66737 0.18341 0.59287 0.66352 0.19283 0.58836 0.66410 0.20521 0.58041 0.66770 0.21480 0.57276 0.66378 0.22909 0.56186 0.66613 0.25646 0.53273 0.66201 0.26052 0.52840 0.67011 0.26769 0.51638 0.66926 0.26949 0.51400 0.66649 -0.26038 0.52756 0.66171 -0.24522 0.54668 0.66639 -0.24058 0.55053 0.65939 -0.23637 0.55631 0.66974 -0.21294 0.57367 0.66551 -0.21045 0.57644 0.66546 -0.19623 0.58580 0.65578 -0.19730 0.58719 0.66996 -0.16571 0.60089 0.66864 -0.14752 0.60861 0.66863 -0.13636 0.61250 0.66572 -0.12767 0.61576 0.66781 -0.11339 0.61918 0.66272 -0.11497 0.61973 0.66827 -0.10196 0.62124 0.66211 -0.08797 0.62524 0.66329 -0.06934 0.62772 0.66768 -0.04999 0.62876 0.66450 -0.03516 0.63034 0.65870 0.03213 0.63166 0.66207 0.04440 0.63030 0.64610 0.03157 0.63413 0.66065 0.07271 0.62796 0.65931 0.12274 0.61849 0.65830 0.13034 0.61660 0.65945 0.15029 0.60962 0.66577 0.15424 0.60679 0.66176 0.17112 0.60026 0.65677 0.18872 0.59208 0.65263 0.20629 0.58201 0.65974 0.20909 0.57859 0.66340 0.21229 0.57556 0.65761 0.22394 0.56770 0.65967 0.23621 0.55617 0.66658 0.23124 0.55935 0.66433 0.23989 0.55155 0.66971 0.23358 0.55644 0.66580 0.24494 0.54597 0.66013 0.26518 0.52241 0.65859 -0.26087 0.52877 0.65527 -0.24004 0.55355 0.65653 -0.23436 0.55890 0.66121 -0.20767 0.57933 0.66267 -0.18241 0.59444 0.66476 -0.17765 0.59637 0.66248 -0.15872 0.60544 0.65502 -0.15681 0.60788 0.66090 -0.14841 0.60990 0.66184 -0.13431 0.61463 0.66611 -0.11623 0.61884 0.66118 -0.06423 0.62886 0.65303 -0.06318 0.63054 0.65645 -0.04873 0.63116 0.65400 -0.03262 0.63256 0.66154 0.05364 0.62973 0.64933 0.05395 0.63210 0.65225 0.06862 0.63012 0.65876 0.09285 0.62531 0.65827 0.10087 0.62392 0.65694 0.13661 0.61492 0.66334 0.14211 0.61179 0.65429 0.16082 0.60635 0.66264 0.19964 0.58427 0.65509 0.22974 0.56311 0.65516 0.25835 0.53281 0.65488 0.26100 0.52946 0.65344 -0.26877 0.51863 0.65246 -0.25807 0.53381 0.65638 -0.25407 0.53785 0.65146 -0.24953 0.54420 0.64878 -0.24372 0.55115 0.65663 -0.22612 0.56613 0.65696 -0.20509 0.58190 0.65147 -0.18708 0.59423 0.65695 -0.18356 0.59497 0.65107 -0.16578 0.60481 0.65753 -0.14058 0.61341 0.65653 -0.13170 0.61645 0.66278 -0.12172 0.61804 0.65659 -0.09589 0.62492 0.65650 -0.06894 0.62928 0.64850 -0.05772 0.63204 0.65462 0.01318 0.63306 0.65277 0.04519 0.63212 0.65992 0.08051 0.62701 0.64933 0.12936 0.61865 0.65546 0.14431 0.61263 0.64917 0.15143 0.61123 0.64466 0.16880 0.60485 0.65318 0.17405 0.60053 0.64812 0.19022 0.59317 0.65011 0.19915 0.58723 0.65039 0.19365 0.59068 0.65687 0.21872 0.57202 0.65432 0.22471 0.56775 0.65447 0.24021 0.55346 0.65736 0.24988 0.54248 0.65120 0.25726 0.53516 0.65607 0.26920 0.51749 0.65152 -0.26454 0.52534 0.64964 -0.26155 0.52995 0.63868 -0.24656 0.55028 0.64463 -0.22360 0.57075 0.65430 -0.22265 0.56957 0.65326 -0.21957 0.57222 0.65843 -0.21256 0.57637 0.65020 -0.19179 0.59171 0.65562 -0.17410 0.59995 0.65577 -0.12386 0.61884 0.65134 -0.11934 0.62069 0.65167 -0.08414 0.62795 0.65011 -0.07237 0.63014 0.64501 -0.07318 0.63100 0.65277 -0.04168 0.63241 0.66134 -0.01988 0.63145 0.66104 -0.01178 0.63165 0.66056 -0.00294 0.63185 0.65036 0.02507 0.63363 0.64453 0.05988 0.63261 0.65152 0.07468 0.62958 0.64454 0.08678 0.62912 0.64798 0.10385 0.62538 0.64785 0.11133 0.62376 0.65198 0.11574 0.62185 0.63967 0.13305 0.61945 0.64730 0.14097 0.61538 0.64014 0.16203 0.60869 0.64992 0.19178 0.59193 0.64164 0.20842 0.58281 0.64872 0.21450 0.57695 0.64884 0.22035 0.57245 0.65058 0.23884 0.55554 0.65370 0.25479 0.53758 0.64895 0.26048 0.53146 0.64780 0.26394 0.52696 0.65183 0.26723 0.52142 0.63845 -0.26745 0.52408 0.64358 -0.26371 0.52835 0.64175 -0.25046 0.54531 0.64538 -0.23911 0.55659 0.64999 -0.23468 0.55990 0.64999 -0.22945 0.56466 0.64715 -0.21745 0.57513 0.64793 -0.20407 0.58451 0.64637 -0.19975 0.58767 0.64645 -0.18559 0.59599 0.64676 -0.17975 0.59906 0.64103 -0.16172 0.60872 0.64705 -0.16020 0.60813 0.65068 -0.15080 0.61112 0.64320 -0.15698 0.61026 0.64649 -0.14144 0.61525 0.64871 -0.13056 0.61826 0.65302 -0.10627 0.62343 0.64961 -0.09441 0.62653 0.65105 -0.07733 0.62922 0.64128 -0.08053 0.63068 0.64687 -0.04903 0.63308 0.65110 -0.01546 0.63362 0.64161 -0.01623 0.63544 0.65430 0.00155 0.63313 0.65172 0.00685 0.63369 0.64113 -0.00414 0.63570 0.65202 0.02399 0.63333 0.64036 0.01548 0.63574 0.64928 0.02664 0.63377 0.64234 0.04009 0.63445 0.65020 0.09632 0.62642 0.64110 0.12608 0.62127 0.63979 0.14007 0.61719 0.64461 0.14798 0.61350 0.64387 0.17366 0.60277 0.64203 0.17774 0.60109 0.64171 0.18628 0.59657 0.64430 0.19463 0.59132 0.64178 0.20136 0.58761 0.63965 0.21632 0.57744 0.64220 0.22176 0.57261 0.63577 0.23087 0.56609 0.65331 0.24444 0.54926 0.64301 0.24900 0.54657 0.64428 0.25913 0.53419 0.63511 0.26479 0.52862 0.64594 0.26959 0.51919 0.63632 -0.26361 0.53005 0.64254 -0.26049 0.53288 0.64203 -0.25492 0.53992 0.63963 -0.24134 0.55555 0.63446 -0.23563 0.56212 0.63378 -0.22002 0.57580 0.64121 -0.21848 0.57555 0.63927 -0.16854 0.60592 0.64178 -0.11325 0.62424 0.64354 -0.10664 0.62534 0.64539 -0.05521 0.63287 0.63591 -0.05715 0.63441 0.64382 -0.04430 0.63396 0.64270 -0.03852 0.63449 0.64246 -0.02883 0.63489 0.64625 0.00838 0.63472 0.63369 0.04175 0.63602 0.63650 0.05343 0.63471 0.63963 0.06327 0.63323 0.64280 0.07367 0.63138 0.63923 0.09660 0.62849 0.64124 0.15256 0.61241 0.64000 0.16824 0.60606 0.63390 0.17421 0.60436 0.63637 0.18100 0.60052 0.63785 0.19926 0.58979 0.63201 0.22195 0.57446 0.64792 0.22608 0.56782 0.63262 0.23906 0.55910 0.64255 0.23534 0.56057 0.64556 0.25265 0.54184 0.63283 0.26914 0.52282 0.63247 -0.26019 0.53537 0.63474 -0.25045 0.54677 0.63364 -0.24801 0.54980 0.63241 -0.24191 0.55639 0.64118 -0.23018 0.56580 0.64163 -0.21223 0.58008 0.63873 -0.20528 0.58560 0.63799 -0.19949 0.58952 0.63816 -0.19370 0.59301 0.63978 -0.18284 0.59883 0.64406 -0.17564 0.60162 0.63378 -0.16109 0.61030 0.64203 -0.15165 0.61251 0.63767 -0.12210 0.62271 0.62575 -0.11261 0.62734 0.63929 -0.06443 0.63312 0.63050 -0.04901 0.63604 0.62156 -0.04584 0.63801 0.63652 -0.02559 0.63624 0.62788 0.05808 0.63594 0.63445 0.06596 0.63395 0.63302 0.07858 0.63259 0.63815 0.10270 0.62756 0.63832 0.10813 0.62634 0.63520 0.12629 0.62237 0.63030 0.14139 0.61849 0.63954 0.14620 0.61511 0.63143 0.15414 0.61361 0.62064 0.18284 0.60256 0.63503 0.19533 0.59270 0.63288 0.19022 0.59616 0.63383 0.20056 0.58974 0.63557 0.20399 0.58714 0.63174 0.20926 0.58423 0.63383 0.21429 0.58014 0.63707 0.23547 0.56171 0.63836 0.24496 0.55183 0.63415 0.25242 0.54455 0.63231 0.25760 0.53872 0.63824 0.26620 0.52600 0.62742 -0.26848 0.52505 0.62595 -0.26478 0.53060 0.62499 -0.25528 0.54297 0.62765 -0.24708 0.55189 0.63012 -0.22705 0.57073 0.63019 -0.20962 0.58431 0.62977 -0.20488 0.58766 0.63107 -0.19009 0.59648 0.63013 -0.18165 0.60125 0.62758 -0.16669 0.60911 0.63469 -0.14919 0.61477 0.62383 -0.14914 0.61684 0.63600 -0.13596 0.61897 0.62608 -0.13370 0.62168 0.63510 -0.09516 0.62953 0.63903 -0.08954 0.62968 0.62317 -0.05054 0.63743 0.63141 -0.00317 0.63759 0.63141 0.01782 0.63742 0.62103 0.03204 0.63890 0.62905 0.06899 0.63459 0.62572 0.10219 0.62993 0.63048 0.11066 0.62725 0.63856 0.11868 0.62372 0.62495 0.12532 0.62457 0.63098 0.13162 0.62158 0.62281 0.15869 0.61350 0.62345 0.16585 0.61028 0.61713 0.17668 0.60635 0.62742 0.18668 0.59914 0.62813 0.19447 0.59451 0.62805 0.20361 0.58873 0.62795 0.20924 0.58496 0.62696 0.22934 0.56930 0.62146 0.23144 0.56858 0.62338 0.23627 0.56370 0.62969 0.26215 0.53339 0.62468 -0.26060 0.53648 0.61611 -0.24442 0.55705 0.62353 -0.23964 0.56040 0.61709 -0.23139 0.56947 0.61903 -0.22547 0.57430 0.62347 -0.22191 0.57635 0.62412 -0.18909 0.59843 0.62105 -0.18785 0.59969 0.62580 -0.17285 0.60651 0.63275 -0.11761 0.62494 0.63617 -0.09723 0.62877 0.63129 -0.09666 0.62993 0.62569 -0.09356 0.63140 0.62229 -0.08905 0.63292 0.63310 -0.07789 0.63257 0.63057 -0.07221 0.63390 0.62859 -0.06856 0.63466 0.62222 -0.02063 0.63904 0.62522 -0.00179 0.63878 0.62156 0.00531 0.63941 0.63109 0.01288 0.63761 0.62325 0.04475 0.63784 0.61739 0.04920 0.63861 0.62268 0.07503 0.63498 0.62672 0.08718 0.63242 0.61961 0.11450 0.62837 0.62526 0.11941 0.62614 0.61982 0.12026 0.62694 0.62353 0.13413 0.62220 0.61891 0.15226 0.61672 0.61290 0.17209 0.60942 0.62089 0.18609 0.60082 0.61894 0.20705 0.58815 0.62424 0.21412 0.58203 0.61954 0.22631 0.57331 0.61351 0.23425 0.56749 0.61880 0.26141 0.53668 0.62273 0.25657 0.54205 0.62343 0.26975 0.52403 0.61816 -0.26905 0.52612 0.61634 -0.26129 0.53727 0.60832 -0.24120 0.56191 0.61443 -0.23820 0.56365 0.62442 -0.21552 0.58110 0.62486 -0.19973 0.59190 0.61947 -0.17780 0.60536 0.62129 -0.16681 0.61022 0.62563 -0.15715 0.61347 0.62178 -0.14193 0.61983 0.62386 -0.12766 0.62391 0.62345 -0.12205 0.62555 0.62154 -0.07826 0.63467 0.62579 -0.03085 0.63805 0.61946 -0.02926 0.63935 0.62549 -0.00579 0.63877 0.62029 -0.01098 0.63964 0.62054 0.01422 0.63952 0.62848 0.02740 0.63768 0.62038 0.02537 0.63930 0.61059 0.01696 0.64123 0.61528 0.06200 0.63783 0.61076 0.09263 0.63446 0.61602 0.13125 0.62447 0.61392 0.14120 0.62165 0.61003 0.14975 0.61939 0.61485 0.16276 0.61331 0.61840 0.16525 0.61164 0.61464 0.18951 0.60000 0.61744 0.19840 0.59407 0.60728 0.20360 0.59280 0.61266 0.20599 0.59015 0.61067 0.21308 0.58548 0.60577 0.22949 0.57318 0.62663 0.24547 0.55381 0.62313 0.24238 0.55779 0.62262 0.25158 0.54786 0.61995 0.26706 0.52864 0.61188 0.26450 0.53399 0.61712 -0.26523 0.53187 0.60521 -0.25589 0.54622 0.61700 -0.25050 0.55021 0.60933 -0.24896 0.55352 0.60953 -0.24518 0.55763 0.61393 -0.22595 0.57489 0.61489 -0.21413 0.58398 0.61980 -0.20863 0.58697 0.61324 -0.20345 0.59170 0.61717 -0.19972 0.59344 0.61543 -0.18408 0.60276 0.61352 -0.16060 0.61426 0.61078 -0.12928 0.62578 0.62179 -0.10495 0.62991 0.60306 -0.11175 0.63177 0.61693 -0.08822 0.63404 0.61483 -0.05758 0.63829 0.61449 -0.05259 0.63889 0.61072 -0.03465 0.64069 0.60554 -0.02993 0.64185 0.61650 0.04349 0.63921 0.60759 0.03680 0.64110 0.61165 0.05026 0.63955 0.61317 0.10100 0.63253 0.61131 0.11709 0.62929 0.61549 0.16724 0.61127 0.60987 0.18489 0.60347 0.60697 0.20812 0.58983 0.61348 0.22080 0.57898 0.61365 0.22984 0.57150 0.61448 0.23967 0.56225 0.61727 0.24213 0.55925 0.61578 0.25595 0.54423 0.60811 -0.26107 0.53927 0.60618 -0.23484 0.56841 0.61477 -0.19532 0.59650 0.61589 -0.17596 0.60695 0.60726 -0.17544 0.60880 0.61395 -0.17194 0.60931 0.61138 -0.16917 0.61102 0.61220 -0.15051 0.61851 0.61197 -0.14012 0.62224 0.59756 -0.14788 0.62224 0.61246 -0.09691 0.63329 0.61479 -0.07145 0.63662 0.61168 -0.04303 0.64004 0.61245 -0.00973 0.64107 0.60901 0.07724 0.63716 0.60164 0.10265 0.63422 0.61291 0.10686 0.63135 0.60459 0.11459 0.63106 0.61198 0.12247 0.62772 0.60575 0.14616 0.62153 0.60399 0.15049 0.62027 0.60620 0.16458 0.61412 0.60155 0.18026 0.60736 0.60424 0.22071 0.58086 0.60789 0.24121 0.56192 0.61109 0.24379 0.55875 0.61525 0.24728 0.55414 0.60389 0.26219 0.53866 0.61302 0.25861 0.54151 0.60561 0.26699 0.53175 0.60509 -0.26932 0.52838 0.60910 -0.26486 0.53398 0.60324 -0.25065 0.55283 0.60170 -0.24560 0.55862 0.60906 -0.22621 0.57558 0.59542 -0.21184 0.58925 0.60685 -0.21151 0.58734 0.59994 -0.20483 0.59321 0.60455 -0.19273 0.59996 0.60666 -0.18150 0.60583 0.61094 -0.11485 0.62970 0.60729 -0.09552 0.63456 0.60499 -0.05498 0.64035 0.59239 -0.06583 0.64151 0.59719 -0.03809 0.64296 0.60158 0.02821 0.64262 0.60403 0.05217 0.64076 0.59792 0.07286 0.63981 0.60004 0.08510 0.63770 0.59824 0.12419 0.62969 0.60561 0.13228 0.62602 0.60115 0.14725 0.62198 0.60608 0.16997 0.61168 0.60124 0.18891 0.60279 0.60618 0.19044 0.60107 0.60129 0.20502 0.59296 0.60373 0.20693 0.59128 0.59953 0.21101 0.58912 0.59332 0.21860 0.58452 0.60223 0.21603 0.58494 0.59685 0.22567 0.57819 0.59494 0.23600 0.56941 0.59731 -0.26536 0.53563 0.60156 -0.26176 0.53965 0.59466 -0.24208 0.56357 0.60473 -0.22932 0.57370 0.59933 -0.22353 0.57956 0.61169 -0.22028 0.57986 0.60017 -0.18843 0.60320 0.60387 -0.15046 0.62010 0.59833 -0.15358 0.61997 0.58693 -0.13781 0.62740 0.60351 -0.11844 0.63022 0.59961 -0.10253 0.63447 0.60359 -0.09697 0.63495 0.60437 -0.09180 0.63555 0.59741 -0.08056 0.63866 0.60342 -0.07148 0.63881 0.59923 -0.06733 0.64008 0.60588 -0.02156 0.64204 0.60147 -0.01721 0.64293 0.60152 -0.00898 0.64300 0.61101 0.00506 0.64135 0.59841 0.02038 0.64338 0.59633 0.07831 0.63938 0.58560 0.07196 0.64206 0.59697 0.14134 0.62467 0.59639 0.15054 0.62156 0.59404 0.15751 0.61923 0.60404 0.15790 0.61727 0.59945 0.16670 0.61435 0.59049 0.19029 0.60388 0.60082 0.19769 0.59763 0.59609 0.20573 0.59337 0.60035 0.25986 0.54239 0.60436 0.25598 0.54627 0.59867 0.26989 0.52895 0.59532 -0.25074 0.55420 0.59868 -0.23874 0.56608 0.59203 -0.23005 0.57527 0.59858 -0.21710 0.58479 0.59974 -0.19847 0.59738 0.58641 -0.18455 0.60772 0.59596 -0.18174 0.60753 0.60188 -0.17086 0.61183 0.59868 -0.16094 0.61679 0.58874 -0.16254 0.61800 0.59942 -0.13998 0.62460 0.60343 -0.12350 0.62879 0.59932 -0.12081 0.63033 0.59324 -0.03303 0.64388 0.60243 0.00078 0.64291 0.59710 0.00152 0.64382 0.59602 0.00744 0.64397 0.59228 0.04415 0.64341 0.59487 0.05419 0.64226 0.59781 0.06385 0.64081 0.59502 0.09274 0.63731 0.58976 0.11134 0.63440 0.58674 0.12909 0.63021 0.59678 0.13190 0.62772 0.59421 0.14622 0.62355 0.58542 0.15618 0.62124 0.58888 0.16478 0.61703 0.59203 0.17447 0.61200 0.58489 0.18331 0.60873 0.59204 0.20376 0.59538 0.58850 0.21047 0.59138 0.59364 0.21363 0.58828 0.59218 0.23184 0.57373 0.60191 0.24754 0.55632 0.59871 0.24016 0.56458 0.59543 0.26374 0.53834 0.59371 0.26172 0.54125 0.59183 0.26454 0.53794 0.59297 -0.26926 0.53088 0.58698 -0.26539 0.53763 0.58816 -0.26122 0.54294 0.58744 -0.25517 0.55055 0.58294 -0.24994 0.55736 0.59027 -0.24526 0.56106 0.58595 -0.23787 0.56920 0.58804 -0.22153 0.58316 0.59315 -0.21952 0.58394 0.58894 -0.21582 0.58748 0.58814 -0.20222 0.59700 0.59502 -0.19535 0.60013 0.58912 -0.16740 0.61575 0.59210 -0.15581 0.62020 0.58289 -0.12133 0.63302 0.58889 -0.11263 0.63415 0.57983 -0.07357 0.64266 0.59447 -0.04843 0.64274 0.58790 -0.02604 0.64500 0.59350 -0.00716 0.64446 0.58848 0.00704 0.64528 0.58638 0.01731 0.64554 0.59441 0.02147 0.64412 0.59701 0.02622 0.64350 0.59103 0.03133 0.64431 0.57577 0.02474 0.64715 0.58465 0.03581 0.64522 0.58741 0.06397 0.64267 0.58624 0.08413 0.64028 0.58464 0.09194 0.63928 0.59505 0.11769 0.63201 0.58926 0.12003 0.63237 0.58912 0.14721 0.62403 0.58563 0.16140 0.61913 0.58519 0.17816 0.61143 0.58448 0.18859 0.60599 0.58728 0.22713 0.57869 0.58629 0.23799 0.56913 0.58360 0.24420 0.56339 0.59095 0.23979 0.56656 0.59098 0.25901 0.54515 0.59432 0.26701 0.53393 0.57993 -0.26843 0.53455 0.58466 -0.26364 0.54053 0.57847 -0.24370 0.56475 0.57826 -0.23027 0.57756 0.58400 -0.22848 0.57819 0.58714 -0.20978 0.59213 0.58624 -0.19268 0.60312 0.58636 -0.17631 0.61195 0.58702 -0.15181 0.62264 0.58926 -0.14564 0.62448 0.58981 -0.12658 0.63035 0.59214 -0.09065 0.63789 0.58700 -0.07479 0.64128 0.58385 -0.04453 0.64486 0.58087 -0.03813 0.64574 0.57750 0.03982 0.64617 0.58176 0.05531 0.64438 0.58131 0.06420 0.64369 0.58196 0.16249 0.61928 0.57897 0.17565 0.61367 0.57968 0.20326 0.59796 0.57719 0.20709 0.59569 0.58388 0.21782 0.58682 0.58340 0.22296 0.58287 0.58135 0.23383 0.57384 0.58961 0.24781 0.55835 0.58629 0.25539 0.55032 0.58629 0.26614 0.53664 0.57815 -0.25789 0.54902 0.57265 -0.23636 0.57300 0.57922 -0.23497 0.57322 0.58136 -0.22477 0.58167 0.57653 -0.21500 0.59010 0.58055 -0.20801 0.59447 0.57810 -0.18609 0.60831 0.58132 -0.18139 0.61037 0.57940 -0.18069 0.61106 0.57188 -0.17773 0.61376 0.58079 -0.16907 0.61644 0.58035 -0.15935 0.62077 0.57525 -0.15691 0.62268 0.58119 -0.13439 0.62961 0.57477 -0.13246 0.63127 0.58127 -0.11616 0.63466 0.57503 -0.12019 0.63466 0.57922 -0.10951 0.63633 0.57847 -0.09913 0.63879 0.58441 -0.09293 0.63905 0.58825 -0.08788 0.63923 0.58193 -0.05814 0.64415 0.58011 -0.05400 0.64479 0.58642 -0.01651 0.64551 0.58223 -0.00822 0.64631 0.57771 0.01633 0.64708 0.56941 0.01563 0.64846 0.56795 0.06474 0.64582 0.57752 0.10738 0.63739 0.58414 0.09959 0.63789 0.57879 0.14139 0.62769 0.58244 0.14884 0.62456 0.57586 0.15160 0.62461 0.57210 0.16094 0.62153 0.57703 0.16789 0.61772 0.58412 0.20080 0.59866 0.57839 0.20274 0.59852 0.57889 0.21471 0.58998 0.56956 0.21657 0.59009 0.57640 0.22148 0.58519 0.57742 0.22831 0.57939 0.57486 0.24090 0.56827 0.57791 0.24752 0.56099 0.57636 0.25103 0.55727 0.57726 0.26861 0.53476 0.58020 -0.26402 0.54077 0.57562 -0.26099 0.54556 0.57643 -0.25408 0.55384 0.56786 -0.24212 0.56827 0.57498 -0.17164 0.61628 0.57393 -0.13877 0.62942 0.58184 -0.09222 0.63959 0.58792 -0.08222 0.64006 0.58659 -0.06178 0.64295 0.57811 -0.06359 0.64426 0.57228 -0.04688 0.64661 0.56724 -0.04232 0.64769 0.57262 0.01438 0.64796 0.56359 0.02976 0.64895 0.57945 0.07875 0.64226 0.57106 0.07616 0.64398 0.56834 0.10016 0.64043 0.56907 0.10932 0.63835 0.57809 0.11719 0.63493 0.57000 0.12754 0.63343 0.56685 0.14859 0.62720 0.56873 0.15457 0.62469 0.57182 0.17248 0.61650 0.56930 0.18563 0.61008 0.57901 0.19196 0.60491 0.57343 0.20085 0.60045 0.57114 0.23496 0.57453 0.57329 0.24690 0.56243 0.56327 0.25100 0.55962 0.57296 0.26080 0.54624 0.56580 0.26127 0.54693 0.57983 0.26314 0.54183 0.56912 -0.26408 0.54257 0.56609 -0.25742 0.55159 0.56867 -0.24900 0.56086 0.56760 -0.22995 0.57969 0.56925 -0.22662 0.58230 0.57116 -0.22291 0.58496 0.57526 -0.20383 0.59809 0.57475 -0.19585 0.60326 0.56967 -0.19370 0.60547 0.56677 -0.18855 0.60889 0.57181 -0.16823 0.61835 0.57566 -0.15215 0.62435 0.56971 -0.12773 0.63352 0.57359 -0.09622 0.64012 0.57296 -0.07106 0.64415 0.56949 -0.05652 0.64627 0.57630 -0.00010 0.64740 0.56908 0.00039 0.64864 0.57423 0.08272 0.64255 0.56608 0.11623 0.63715 0.56083 0.13026 0.63421 0.56850 0.16918 0.61856 0.56337 0.17616 0.61604 0.55783 0.19283 0.60791 0.56818 0.19441 0.60528 0.56609 0.20866 0.59642 0.56156 0.22123 0.58789 0.56664 0.22746 0.58185 0.55864 0.23222 0.57917 0.56373 0.24549 0.56552 0.57291 0.25724 0.55064 0.56619 0.26434 0.54282 0.56690 -0.26988 0.53479 0.56103 -0.26183 0.54697 0.55950 -0.25231 0.55876 0.55502 -0.24631 0.56609 0.56168 -0.24421 0.56726 0.56447 -0.23798 0.57294 0.55519 -0.18570 0.61240 0.56104 -0.18461 0.61201 0.56453 -0.17294 0.61737 0.56998 -0.16031 0.62211 0.56004 -0.14791 0.62843 0.56711 -0.13931 0.63037 0.56336 -0.10911 0.63917 0.56044 -0.10305 0.64093 0.57244 -0.08743 0.64177 0.56499 -0.08346 0.64367 0.57131 -0.06447 0.64520 0.55863 -0.06427 0.64721 0.57447 0.00851 0.64772 0.56353 0.00562 0.64951 0.55901 0.00886 0.65024 0.56327 0.01536 0.64945 0.56550 0.02348 0.64891 0.54929 0.02724 0.65127 0.56331 0.04409 0.64824 0.56743 0.05525 0.64684 0.56118 0.05694 0.64774 0.55639 0.07488 0.64648 0.57239 0.09119 0.64145 0.56262 0.08366 0.64427 0.56506 0.09474 0.64206 0.55293 0.13419 0.63432 0.55592 0.14839 0.62906 0.55987 0.15718 0.62505 0.55387 0.18507 0.61295 0.56188 0.20137 0.60197 0.56029 0.21548 0.59255 0.55677 0.22669 0.58424 0.56534 0.24042 0.57040 0.56197 0.25723 0.55250 0.56786 0.26238 0.54522 0.56793 0.26844 0.53673 0.55804 -0.26533 0.54278 0.55710 -0.25563 0.55533 0.55952 -0.23996 0.57186 0.55691 -0.23290 0.57884 0.56000 -0.22400 0.58594 0.56410 -0.21754 0.59035 0.56479 -0.20030 0.60222 0.56332 -0.19507 0.60575 0.55947 -0.16833 0.62031 0.55687 -0.14373 0.63055 0.56007 -0.13701 0.63223 0.56400 -0.13000 0.63381 0.56316 -0.12609 0.63495 0.55501 -0.11093 0.64022 0.55651 -0.08097 0.64534 0.55873 -0.05645 0.64798 0.56100 -0.04942 0.64829 0.56991 -0.02799 0.64789 0.56164 -0.02110 0.64951 0.57043 -0.01063 0.64832 0.56208 -0.00882 0.64968 0.54910 0.00431 0.65178 0.55653 0.01886 0.65043 0.56148 0.05225 0.64808 0.55666 0.09365 0.64353 0.55750 0.10703 0.64066 0.55645 0.12147 0.63734 0.56213 0.13876 0.63136 0.55656 0.13835 0.63250 0.54967 0.16322 0.62420 0.55304 0.17452 0.61856 0.55404 0.17862 0.61638 0.55288 0.19022 0.61029 0.55610 0.21552 0.59325 0.55444 0.21947 0.59045 0.55560 0.23658 0.57572 0.55553 0.24185 0.57057 0.56210 0.23611 0.57502 0.55479 -0.26971 0.53716 0.55275 -0.25974 0.55095 0.55010 -0.25267 0.55986 0.55639 -0.24255 0.56984 0.54876 -0.23925 0.57422 0.55477 -0.21666 0.59256 0.56091 -0.20986 0.59641 0.55896 -0.19796 0.60470 0.55657 -0.19232 0.60841 0.55495 -0.17883 0.61602 0.55266 -0.15617 0.62654 0.54657 -0.11200 0.64122 0.56029 -0.06851 0.64646 0.55544 -0.05170 0.64898 0.55517 -0.03338 0.65014 0.54853 -0.03112 0.65132 0.55306 0.04992 0.64954 0.55500 0.05901 0.64851 0.54497 0.12098 0.63936 0.55055 0.12642 0.63702 0.55359 0.14164 0.63186 0.54779 0.15561 0.62760 0.55853 0.16759 0.62085 0.54804 0.20229 0.60378 0.54548 0.20542 0.60203 0.55365 0.21109 0.59672 0.55176 0.23248 0.58004 0.55338 0.25485 0.55684 0.54746 0.26026 0.55123 0.55877 0.26820 0.53873 0.55412 0.26452 0.54453 0.54941 -0.24384 0.56962 0.55015 -0.23425 0.57877 0.55036 -0.23011 0.58249 0.54947 -0.22699 0.58527 0.54769 -0.22051 0.59076 0.54268 -0.21250 0.59749 0.55157 -0.20207 0.60320 0.54768 -0.19533 0.60807 0.54792 -0.18743 0.61262 0.54872 -0.18284 0.61501 0.55154 -0.17264 0.61964 0.55765 -0.15915 0.62452 0.53980 -0.15393 0.62942 0.55102 -0.14550 0.63086 0.54832 -0.14170 0.63263 0.54082 -0.14329 0.63324 0.54686 -0.13585 0.63468 0.55486 -0.09012 0.64425 0.55068 -0.05857 0.64915 0.54107 -0.06166 0.65023 0.54987 -0.04573 0.65020 0.53134 -0.04995 0.65278 0.55317 0.02265 0.65087 0.54931 0.06549 0.64871 0.54347 0.09092 0.64609 0.54238 0.09959 0.64460 0.54659 0.17908 0.61730 0.55162 0.20094 0.60396 0.54631 0.20069 0.60503 0.54943 0.23797 0.57534 0.54150 0.23387 0.58025 0.55116 0.24952 0.56319 0.54180 0.26235 0.54958 0.54205 0.26458 0.54650 0.54340 0.26865 0.54060 0.54456 -0.26577 0.54440 0.54130 -0.25692 0.55632 0.53912 -0.25160 0.56286 0.54437 -0.23089 0.58268 0.54521 -0.22735 0.58570 0.54166 -0.20555 0.60254 0.54321 -0.18648 0.61396 0.54584 -0.17599 0.61892 0.54603 -0.16913 0.62208 0.54128 -0.16109 0.62629 0.55094 -0.11572 0.63973 0.55412 -0.09791 0.64291 0.54511 -0.07703 0.64764 0.54452 -0.06704 0.64917 0.54469 -0.03957 0.65150 0.54397 -0.02284 0.65225 0.55096 -0.00722 0.65145 0.54851 0.03796 0.65095 0.54051 0.07464 0.64895 0.54774 0.08407 0.64653 0.54641 0.11154 0.64144 0.54057 0.11437 0.64175 0.53872 0.12739 0.63853 0.54579 0.12961 0.63683 0.54731 0.14139 0.63295 0.54425 0.14295 0.63291 0.54630 0.14653 0.63128 0.54102 0.18582 0.61456 0.54684 0.19357 0.60922 0.53871 0.20167 0.60547 0.54114 0.21293 0.59735 0.54593 0.21879 0.59225 0.54742 0.22595 0.58627 0.54141 0.24347 0.57105 0.54344 0.25617 0.55687 0.53418 -0.26870 0.54206 0.53376 -0.26573 0.54631 0.53134 -0.26117 0.55262 0.54309 -0.26109 0.55089 0.53902 -0.23585 0.57904 0.54233 -0.22492 0.58812 0.53250 -0.20685 0.60305 0.54196 -0.19365 0.61002 0.53852 -0.18939 0.61303 0.54274 -0.18302 0.61584 0.53390 -0.17063 0.62326 0.54186 -0.14713 0.63173 0.52940 -0.13897 0.63635 0.54825 -0.12330 0.63802 0.54304 -0.11911 0.64010 0.53768 -0.09510 0.64590 0.53605 -0.03757 0.65293 0.53846 0.00275 0.65348 0.53698 0.03976 0.65261 0.54233 0.05468 0.65080 0.52701 0.07277 0.65126 0.53623 0.10861 0.64371 0.53984 0.13926 0.63470 0.53684 0.15251 0.63046 0.52720 0.16119 0.62848 0.53886 0.16313 0.62591 0.53548 0.16914 0.62383 0.54326 0.17139 0.62154 0.53552 0.18000 0.61849 0.53872 0.20771 0.60150 0.52925 0.23465 0.58146 0.53770 0.25247 0.56200 0.53450 0.25793 0.55619 0.53104 0.26884 0.54225 0.54374 -0.24596 0.56825 0.53131 -0.23324 0.58261 0.53031 -0.22555 0.58937 0.53859 -0.22003 0.59256 0.53951 -0.20010 0.60642 0.53510 -0.19542 0.61002 0.52983 -0.19315 0.61216 0.53413 -0.17807 0.61967 0.53427 -0.15979 0.62798 0.53588 -0.14227 0.63434 0.54530 -0.09705 0.64447 0.53582 -0.07704 0.64931 0.53672 0.02645 0.65327 0.52841 0.02610 0.65456 0.53020 0.08733 0.64862 0.52830 0.12953 0.63946 0.53047 0.14652 0.63368 0.52713 0.15298 0.63180 0.53079 0.16745 0.62528 0.52843 0.17463 0.62223 0.53231 0.19318 0.61165 0.53089 0.20147 0.60680 0.53059 0.20990 0.60108 0.53415 0.22306 0.59055 0.53542 0.23867 0.57680 0.53647 0.26212 0.55061 0.52228 -0.26601 0.54769 0.52576 -0.25806 0.55745 0.52823 -0.25473 0.56098 0.53048 -0.24791 0.56824 0.53164 -0.24020 0.57597 0.52226 -0.23543 0.58205 0.53127 -0.21819 0.59508 0.52933 -0.18206 0.61842 0.52907 -0.15050 0.63237 0.53081 -0.14417 0.63448 0.53165 -0.12986 0.63883 0.52809 -0.12290 0.64127 0.53816 -0.10898 0.64316 0.53313 -0.10569 0.64465 0.52042 -0.10943 0.64565 0.52531 -0.09774 0.64732 0.53233 -0.07429 0.65018 0.52986 -0.06120 0.65195 0.53716 -0.01334 0.65350 0.53067 -0.00639 0.65459 0.53327 0.00170 0.65427 0.54214 0.01172 0.65278 0.53039 0.02256 0.65440 0.52341 0.01365 0.65559 0.51937 0.03050 0.65569 0.52485 0.04786 0.65391 0.53264 0.06309 0.65150 0.51708 0.07778 0.65209 0.52957 0.10072 0.64634 0.52717 0.11570 0.64347 0.52466 0.10987 0.64516 0.53324 0.11804 0.64191 0.52723 0.13969 0.63648 0.53257 0.18565 0.61596 0.52314 0.18473 0.61777 0.52613 0.19943 0.60883 0.52689 0.20377 0.60594 0.51892 0.21520 0.59899 0.52657 0.21786 0.59590 0.52293 0.22972 0.58687 0.52878 0.24264 0.57394 0.52213 0.24780 0.56968 0.52963 0.24955 0.56650 0.52965 0.26095 0.55320 0.52297 0.26543 0.54831 0.52139 -0.26224 0.55286 0.52099 -0.25027 0.56718 0.51889 -0.22027 0.59533 0.52629 -0.21350 0.59933 0.52535 -0.20023 0.60845 0.52273 -0.19059 0.61475 0.52811 -0.18671 0.61607 0.52617 -0.18157 0.61913 0.52813 -0.16859 0.62508 0.51663 -0.16035 0.63033 0.52755 -0.14545 0.63451 0.52638 -0.08736 0.64912 0.52920 -0.08064 0.64985 0.52125 -0.08441 0.65039 0.52667 -0.04033 0.65422 0.52972 -0.03444 0.65402 0.52632 -0.02806 0.65474 0.53505 0.01562 0.65378 0.51901 0.05954 0.65392 0.52400 0.06579 0.65259 0.52241 0.11958 0.64312 0.51912 0.12748 0.64146 0.51622 0.13560 0.63940 0.52093 0.14729 0.63480 0.52189 0.17877 0.62116 0.52082 0.19515 0.61218 0.52035 0.20444 0.60635 0.52186 0.22316 0.59247 0.52048 0.23514 0.58244 0.52103 0.24022 0.57752 0.52167 0.24421 0.57354 0.52308 0.26852 0.54410 0.51478 -0.26265 0.55334 0.51632 -0.25736 0.55966 0.51801 -0.25349 0.56405 0.51878 -0.23888 0.57926 0.51850 -0.23380 0.58416 0.52053 -0.23134 0.58598 0.51988 -0.20853 0.60380 0.52241 -0.19345 0.61308 0.51861 -0.19074 0.61521 0.52225 -0.17672 0.62211 0.52214 -0.17060 0.62506 0.52419 -0.16368 0.62778 0.51717 -0.14529 0.63606 0.52183 -0.13389 0.63910 0.50855 -0.13585 0.64039 0.52629 -0.11408 0.64383 0.51898 -0.07671 0.65168 0.52507 -0.04556 0.65410 0.51421 -0.04512 0.65560 0.52301 -0.02012 0.65549 0.51762 0.01886 0.65638 0.50653 0.02416 0.65781 0.51209 0.04928 0.65572 0.51679 0.06740 0.65346 0.51072 0.08627 0.65174 0.51469 0.09967 0.64873 0.50869 0.12560 0.64345 0.51488 0.15225 0.63389 0.51892 0.15640 0.63167 0.51301 0.16568 0.62859 0.52302 0.16922 0.62558 0.51541 0.19151 0.61513 0.51726 0.23333 0.58457 0.51147 0.23913 0.57984 0.51475 0.24622 0.57235 0.51574 0.25117 0.56693 0.52434 0.25797 0.55759 0.52105 0.25269 0.56441 0.51195 0.26206 0.55442 0.51790 0.26326 0.55199 0.51706 0.26787 0.54596 0.50945 -0.26466 0.55149 0.51465 -0.25393 0.56403 0.51844 -0.24457 0.57357 0.51353 -0.22993 0.58826 0.51637 -0.22644 0.59077 0.51038 -0.20968 0.60441 0.51160 -0.19772 0.61199 0.51110 -0.18990 0.61669 0.51831 -0.18429 0.61881 0.51604 -0.18115 0.62081 0.50887 -0.18205 0.62125 0.51638 -0.17318 0.62464 0.51303 -0.16550 0.62867 0.52034 -0.14817 0.63455 0.51243 -0.14220 0.63779 0.51486 -0.12028 0.64391 0.51955 -0.10551 0.64672 0.51393 -0.10031 0.64862 0.51832 -0.06991 0.65276 0.51525 -0.05614 0.65462 0.50781 0.05926 0.65553 0.51445 0.06247 0.65436 0.50858 0.07890 0.65320 0.50546 0.09262 0.65146 0.51800 0.10683 0.64684 0.51354 0.11170 0.64633 0.50992 0.13243 0.64136 0.50420 0.13634 0.64094 0.51518 0.17721 0.62283 0.50979 0.18794 0.61791 0.50922 0.19870 0.61161 0.50303 0.20704 0.60711 0.50775 0.21883 0.59788 0.51346 0.22324 0.59360 0.51323 0.23049 0.58760 0.50764 0.23173 0.58737 0.50822 0.25213 0.56685 0.51172 0.25649 0.56133 0.51276 0.26671 0.54817 0.50850 -0.26807 0.54687 0.50604 -0.25381 0.56533 0.50976 -0.25014 0.56890 0.50898 -0.24447 0.57506 0.50814 -0.23941 0.58021 0.51311 -0.23379 0.58485 0.50486 -0.21974 0.59771 0.51344 -0.21437 0.60059 0.51385 -0.20480 0.60719 0.51241 -0.15666 0.63241 0.50417 -0.14233 0.63896 0.51267 -0.09509 0.64985 0.51577 -0.06532 0.65365 0.50912 -0.03387 0.65697 0.51235 -0.01849 0.65706 0.52406 0.00013 0.65557 0.51331 0.01045 0.65717 0.51052 0.01236 0.65755 0.50763 0.07160 0.65426 0.50243 0.11517 0.64711 0.50823 0.15767 0.63269 0.50966 0.14669 0.63663 0.50708 0.16324 0.63058 0.50395 0.17350 0.62625 0.51058 0.20935 0.60441 0.50382 0.26103 0.55692 0.50126 0.26594 0.55085 0.49438 -0.29879 0.49083 0.49530 -0.29115 0.50886 0.50505 -0.26062 0.55733 0.50388 -0.25616 0.56289 0.50117 -0.24803 0.57242 0.49957 -0.24350 0.57729 0.49858 -0.23231 0.58808 0.50649 -0.22722 0.59147 0.51117 -0.22360 0.59385 0.50480 -0.20579 0.60780 0.50025 -0.20093 0.61159 0.50712 -0.17254 0.62625 0.50699 -0.15170 0.63512 0.51235 -0.10837 0.64707 0.49943 -0.11098 0.64834 0.50676 -0.10242 0.64930 0.50466 -0.07386 0.65428 0.50251 -0.07019 0.65494 0.49694 -0.02208 0.65919 0.50564 0.01481 0.65814 0.49931 0.04302 0.65798 0.49705 0.06477 0.65649 0.49715 0.07753 0.65494 0.50176 0.10625 0.64926 0.49973 0.18312 0.62204 0.49656 0.20308 0.61061 0.50329 0.21318 0.60278 0.49969 0.21957 0.59846 0.50265 0.22330 0.59514 0.49807 0.22603 0.59348 0.50420 0.22901 0.59008 0.50502 0.23547 0.58423 0.50296 0.24857 0.57138 0.49808 0.26241 0.55597 0.49373 -0.28671 0.51818 0.49204 -0.26854 0.54845 0.49775 -0.25699 0.56276 0.49534 -0.25043 0.57052 0.49881 -0.23774 0.58310 0.49165 -0.22320 0.59671 0.50274 -0.21236 0.60353 0.49329 -0.20665 0.60877 0.50044 -0.19356 0.61602 0.49975 -0.17873 0.62427 0.49954 -0.17568 0.62588 0.49293 -0.17525 0.62687 0.50611 -0.16563 0.62954 0.49927 -0.14837 0.63747 0.49606 -0.14383 0.63954 0.50625 -0.09297 0.65104 0.49176 -0.09357 0.65287 0.50715 -0.07708 0.65342 0.49990 -0.06294 0.65602 0.49782 -0.05706 0.65693 0.49280 -0.05183 0.65809 0.51289 -0.00111 0.65725 0.51062 0.00320 0.65759 0.49965 0.01682 0.65898 0.49654 0.03706 0.65877 0.49431 0.04503 0.65858 0.49510 0.05191 0.65795 0.49896 0.08769 0.65320 0.49238 0.11144 0.64943 0.49376 0.13187 0.64377 0.49831 0.13553 0.64211 0.49589 0.13821 0.64154 0.49830 0.14466 0.63899 0.50184 0.15188 0.63588 0.49233 0.17535 0.62697 0.49706 0.18750 0.62010 0.49414 0.21309 0.60401 0.49677 0.23743 0.58348 0.49154 0.25144 0.56995 0.49566 0.25741 0.56241 0.49842 0.26899 0.54709 0.49196 0.28628 0.51929 0.48838 -0.29613 0.49841 0.48356 -0.29090 0.51087 0.48542 -0.28388 0.52463 0.49089 -0.27716 0.53562 0.49810 -0.26380 0.55417 0.49197 -0.26077 0.55894 0.49629 -0.25999 0.55936 0.48676 -0.24232 0.58024 0.48386 -0.22839 0.59356 0.49233 -0.21500 0.60297 0.49727 -0.16324 0.63178 0.49137 -0.13846 0.64194 0.50710 -0.12850 0.64277 0.48707 -0.11320 0.64958 0.50068 -0.10331 0.64993 0.49080 -0.10439 0.65102 0.49625 -0.04090 0.65848 0.50857 -0.01082 0.65780 0.50242 -0.00789 0.65870 0.50328 0.00270 0.65861 0.49294 0.00032 0.66002 0.48777 0.00601 0.66070 0.49434 0.01978 0.65961 0.50789 0.03536 0.65713 0.49335 0.03094 0.65941 0.49461 0.03745 0.65901 0.48396 0.08445 0.65574 0.49251 0.15198 0.63710 0.49870 0.15755 0.63411 0.50014 0.16529 0.63059 0.48839 0.16735 0.63129 0.49543 0.18412 0.62224 0.49296 0.18244 0.62342 0.49713 0.19251 0.61709 0.49327 0.18639 0.62124 0.48416 0.20181 0.61307 0.48939 0.20761 0.60856 0.48659 0.21945 0.60031 0.49064 0.22450 0.59567 0.49114 0.26442 0.55420 0.48472 0.27998 0.53167 0.49469 0.27433 0.53963 0.48330 0.29246 0.50761 0.48416 0.28879 0.51533 0.49298 0.29691 0.49573 0.48732 0.29439 0.50273 0.49163 0.30175 0.48261 0.48074 -0.31092 0.45187 0.48265 -0.30998 0.45548 0.48608 -0.30754 0.46453 0.48440 -0.30455 0.47529 0.48404 -0.30008 0.48886 0.48519 -0.29839 0.49327 0.48514 -0.29378 0.50443 0.49213 -0.29340 0.50434 0.48417 -0.27199 0.54461 0.48453 -0.26209 0.55814 0.48875 -0.25679 0.56416 0.47886 -0.25031 0.57287 0.48314 -0.24592 0.57711 0.48871 -0.23597 0.58609 0.48576 -0.21063 0.60701 0.48866 -0.20194 0.61254 0.49371 -0.19995 0.61312 0.48641 -0.19285 0.61841 0.49186 -0.18741 0.62067 0.49233 -0.15722 0.63501 0.48877 -0.14553 0.63996 0.48524 -0.13542 0.64375 0.48573 -0.08617 0.65509 0.48405 -0.08188 0.65580 0.49805 -0.03257 0.65867 0.49056 -0.03333 0.65969 0.48625 0.03889 0.65996 0.48789 0.05046 0.65907 0.48901 0.05760 0.65832 0.49607 0.09594 0.65213 0.49001 0.10347 0.65151 0.48163 0.11557 0.64988 0.49432 0.12079 0.64681 0.47792 0.13101 0.64617 0.49042 0.16014 0.63415 0.48374 0.18260 0.62449 0.48496 0.19131 0.61947 0.48073 0.21430 0.60490 0.48517 0.22384 0.59707 0.48536 0.23257 0.58949 0.48326 0.23858 0.58417 0.49207 0.23342 0.58777 0.48681 0.24298 0.57940 0.48716 0.24860 0.57368 0.49699 0.24379 0.57723 0.48416 0.25780 0.56362 0.49104 0.27060 0.54566 0.48846 0.27547 0.53865 0.47839 0.28529 0.52300 0.48982 0.28344 0.52496 0.48959 0.29884 0.49113 0.48850 0.30841 0.46053 0.48158 0.30311 0.48017 0.48136 -0.30622 0.47019 0.48135 -0.30229 0.48294 0.47891 -0.29622 0.49952 0.49036 -0.28842 0.51522 0.48275 -0.27922 0.53327 0.47909 -0.27519 0.54033 0.48734 -0.27457 0.54031 0.47701 -0.26627 0.55363 0.47626 -0.23710 0.58671 0.47769 -0.23160 0.59158 0.47975 -0.22324 0.59836 0.48847 -0.19641 0.61597 0.47970 -0.19479 0.61809 0.48202 -0.17887 0.62663 0.48848 -0.16956 0.63023 0.48553 -0.16514 0.63262 0.48167 -0.14412 0.64143 0.47872 -0.14163 0.64264 0.49534 -0.12485 0.64530 0.48018 -0.12320 0.64789 0.47945 -0.10787 0.65176 0.49356 -0.08250 0.65455 0.48425 -0.04509 0.65984 0.48340 -0.03277 0.66061 0.48741 -0.01526 0.66061 0.47861 -0.00901 0.66193 0.48536 0.01857 0.66089 0.47875 0.05110 0.66019 0.48425 0.07605 0.65692 0.47171 0.08453 0.65738 0.47679 0.09648 0.65464 0.48509 0.12447 0.64711 0.47700 0.13640 0.64466 0.48090 0.15534 0.63731 0.48131 0.16350 0.63392 0.47543 0.18746 0.62295 0.47178 0.20807 0.61058 0.48215 0.22895 0.59308 0.47925 0.23603 0.58705 0.48362 0.25250 0.56993 0.48120 0.27375 0.54233 0.48007 0.27631 0.53847 0.48104 0.29623 0.49903 0.47796 0.30114 0.48640 0.48648 0.30689 0.46680 0.48440 0.30503 0.47352 0.47316 -0.31122 0.45126 0.47590 -0.30881 0.46116 0.47308 -0.30643 0.47056 0.47885 -0.30333 0.48022 0.47480 -0.30093 0.48776 0.47231 -0.29804 0.49582 0.47779 -0.28624 0.52107 0.47524 -0.28323 0.52717 0.48084 -0.26928 0.54900 0.47557 -0.25668 0.56600 0.47599 -0.24492 0.57912 0.47876 -0.24217 0.58156 0.47677 -0.22559 0.59693 0.47655 -0.21554 0.60458 0.48125 -0.20431 0.61187 0.47360 -0.20107 0.61504 0.47992 -0.18504 0.62361 0.47496 -0.18012 0.62692 0.46426 -0.17638 0.63012 0.48021 -0.17330 0.62958 0.48367 -0.16043 0.63489 0.48426 -0.15294 0.63777 0.48381 -0.14633 0.64036 0.47886 -0.11372 0.65059 0.47917 -0.09429 0.65451 0.48071 -0.07075 0.65774 0.48376 0.06623 0.65811 0.46544 0.08950 0.65740 0.48228 0.10674 0.65185 0.47622 0.12234 0.64888 0.48268 0.14221 0.64190 0.46794 0.16301 0.63586 0.47803 0.17236 0.63031 0.47787 0.18376 0.62472 0.47483 0.20207 0.61427 0.47439 0.22346 0.59861 0.48035 0.22363 0.59774 0.47230 0.23343 0.59019 0.48093 0.24949 0.57347 0.48589 0.25528 0.56644 0.47920 0.26183 0.55909 0.48160 0.26715 0.55176 0.47315 0.28231 0.52914 0.47420 0.30403 0.47833 0.48033 0.31134 0.44890 0.47655 0.30779 0.46479 0.47348 -0.30471 0.47647 0.47193 -0.30299 0.48210 0.47461 -0.29389 0.50537 0.47506 -0.27761 0.53696 0.47099 -0.27031 0.54868 0.46706 -0.26122 0.56152 0.47230 -0.24131 0.58321 0.47386 -0.22755 0.59565 0.46858 -0.19815 0.61754 0.47481 -0.16501 0.63402 0.46936 -0.13515 0.64585 0.48033 -0.09826 0.65367 0.47849 -0.05797 0.65959 0.47537 -0.05026 0.66071 0.47145 -0.03261 0.66219 0.47041 -0.02174 0.66277 0.47757 0.01890 0.66190 0.47235 0.07494 0.65861 0.47555 0.08127 0.65739 0.46968 0.09988 0.65498 0.46994 0.11646 0.65123 0.47110 0.13019 0.64735 0.46886 0.13503 0.64615 0.46812 0.15151 0.64048 0.46824 0.17044 0.63254 0.46730 0.17640 0.62977 0.47467 0.18112 0.62647 0.47444 0.19633 0.61791 0.46706 0.19712 0.61843 0.46258 0.21566 0.60627 0.47180 0.21438 0.60614 0.46998 0.21987 0.60213 0.47500 0.24529 0.57836 0.47687 0.25506 0.56771 0.47409 0.26671 0.55331 0.47313 0.27166 0.54633 0.47270 0.27752 0.53732 0.47603 0.27477 0.54142 0.47144 0.28671 0.52126 0.47301 0.28438 0.52553 0.47630 0.29384 0.50555 0.47367 0.29247 0.50898 0.46891 0.29916 0.49311 0.46932 0.29677 0.49935 0.47421 0.30625 0.47103 0.47193 0.30701 0.46875 0.46252 -0.30852 0.46422 0.46523 -0.30454 0.47803 0.46289 -0.29779 0.49779 0.45800 -0.29531 0.50419 0.46835 -0.28797 0.51871 0.46595 -0.28204 0.53028 0.47453 -0.28034 0.53236 0.46733 -0.27596 0.54039 0.46064 -0.26768 0.55381 0.46652 -0.26604 0.55532 0.46652 -0.25688 0.56699 0.46496 -0.25226 0.57249 0.46604 -0.24487 0.58031 0.46969 -0.22696 0.59667 0.46965 -0.22381 0.59920 0.47023 -0.19180 0.62114 0.46793 -0.18503 0.62521 0.46818 -0.15839 0.63773 0.47403 -0.14934 0.64052 0.46519 -0.14543 0.64300 0.47805 -0.13660 0.64430 0.47203 -0.12153 0.64953 0.46553 -0.11945 0.65086 0.47197 -0.10637 0.65300 0.47717 -0.06512 0.65903 0.47119 -0.05693 0.66062 0.45825 -0.03523 0.66382 0.46815 0.03672 0.66252 0.46669 0.04669 0.66215 0.45730 0.06762 0.66146 0.46275 0.09649 0.65649 0.46956 0.10623 0.65362 0.46309 0.13007 0.64844 0.46870 0.14408 0.64316 0.46773 0.20150 0.61555 0.46790 0.22715 0.59641 0.46453 0.23898 0.58607 0.46659 0.24294 0.58184 0.47038 0.25378 0.56991 0.47098 0.25634 0.56704 0.46765 0.28506 0.52484 0.46796 0.28935 0.51631 0.46719 0.29424 0.50569 0.47245 0.30273 0.48272 0.46034 0.31272 0.44539 0.46543 0.30615 0.47234 0.45770 -0.31039 0.45734 0.45370 -0.30596 0.47458 0.45442 -0.30212 0.48669 0.46600 -0.30071 0.48947 0.46409 -0.29834 0.49628 0.45854 -0.29082 0.51417 0.45359 -0.28532 0.52573 0.46189 -0.28471 0.52600 0.45714 -0.28010 0.53484 0.45663 -0.24749 0.57879 0.46684 -0.22992 0.59437 0.46252 -0.21898 0.60387 0.46682 -0.20569 0.61280 0.46461 -0.19518 0.61989 0.45689 -0.17847 0.63009 0.46331 -0.12534 0.64969 0.46665 -0.09779 0.65549 0.46748 -0.07464 0.65927 0.46492 -0.06993 0.66009 0.46873 -0.04853 0.66158 0.46775 -0.01610 0.66329 0.47529 0.00674 0.66240 0.46910 0.00797 0.66325 0.46504 0.00992 0.66374 0.46693 0.02150 0.66322 0.45969 0.02542 0.66412 0.46652 0.05849 0.66116 0.45803 0.08038 0.65973 0.45845 0.08904 0.65838 0.46182 0.11403 0.65284 0.46550 0.11779 0.65150 0.46175 0.13235 0.64795 0.45923 0.13516 0.64736 0.45969 0.14200 0.64504 0.46325 0.14719 0.64280 0.45910 0.17089 0.63344 0.46618 0.18450 0.62573 0.46645 0.19224 0.62137 0.46033 0.19786 0.61873 0.46001 0.22539 0.59888 0.46156 0.23435 0.59079 0.46511 0.25081 0.57370 0.46826 0.25782 0.56539 0.46000 0.27210 0.54726 0.46200 0.27646 0.54031 0.46396 0.28098 0.53261 0.45545 0.28709 0.52242 0.46120 0.28844 0.51920 0.46742 0.30256 0.48369 0.45848 0.30053 0.49070 0.45665 -0.30836 0.46596 0.45615 -0.30788 0.46772 0.45814 -0.29871 0.49585 0.45403 -0.27616 0.54161 0.45577 -0.27038 0.55034 0.45724 -0.26454 0.55847 0.45675 -0.25656 0.56857 0.45700 -0.24404 0.58235 0.46480 -0.23754 0.58767 0.45520 -0.21789 0.60561 0.45965 -0.21350 0.60828 0.45908 -0.19856 0.61843 0.45405 -0.19269 0.62259 0.46185 -0.19136 0.62245 0.45607 -0.18420 0.62711 0.45703 -0.17705 0.63081 0.44943 -0.17622 0.63202 0.46073 -0.16666 0.63510 0.45393 -0.14429 0.64485 0.45699 -0.13841 0.64650 0.46045 -0.10408 0.65516 0.46200 -0.09178 0.65705 0.46160 -0.08223 0.65891 0.46226 -0.07910 0.65943 0.45925 -0.07960 0.65970 0.46577 -0.00218 0.66372 0.45916 -0.00205 0.66454 0.45499 0.01593 0.66495 0.46595 0.12414 0.64969 0.45631 0.12876 0.64962 0.45184 0.14364 0.64543 0.45651 0.14851 0.64311 0.46047 0.16171 0.63746 0.45813 0.16397 0.63675 0.45623 0.18999 0.62387 0.45737 0.20641 0.61351 0.45728 0.24490 0.58092 0.45608 0.25714 0.56747 0.46274 0.26574 0.55586 0.45222 0.28064 0.53459 0.45837 0.28356 0.52876 0.45543 0.29238 0.51130 0.45713 0.28965 0.51710 0.46032 0.28869 0.51879 0.46108 0.29743 0.49870 0.46210 0.30962 0.45949 0.45379 0.30800 0.46729 0.45787 0.30337 0.48244 0.45297 0.30956 0.46137 0.45663 0.30908 0.46297 0.44626 0.31400 0.44059 0.45994 -0.31172 0.45098 0.44795 -0.31111 0.45535 0.45185 -0.31020 0.45902 0.44927 -0.30866 0.46549 0.45051 -0.29049 0.51608 0.44102 -0.28579 0.52639 0.45798 -0.28250 0.53056 0.45433 -0.26696 0.55554 0.45043 -0.25975 0.56541 0.45067 -0.25744 0.56829 0.45148 -0.25134 0.57522 0.44992 -0.24754 0.57957 0.45550 -0.23976 0.58669 0.45318 -0.23231 0.59383 0.44829 -0.18347 0.62847 0.45125 -0.16361 0.63762 0.45923 -0.16079 0.63791 0.45999 -0.15535 0.63999 0.45967 -0.12660 0.64980 0.46130 -0.10698 0.65432 0.45790 -0.04498 0.66332 0.45758 -0.02560 0.66427 0.46446 -0.00979 0.66375 0.45058 0.01993 0.66543 0.46150 0.04041 0.66325 0.45223 0.03157 0.66480 0.45674 0.04570 0.66347 0.44785 0.08923 0.65959 0.45186 0.10417 0.65627 0.45024 0.11720 0.65342 0.45023 0.13646 0.64797 0.44604 0.17708 0.63197 0.45747 0.18039 0.62894 0.44935 0.18490 0.62755 0.45045 0.20479 0.61550 0.44571 0.20817 0.61370 0.45290 0.22113 0.60328 0.44130 0.22216 0.60386 0.44739 0.22820 0.59813 0.44658 0.23557 0.59163 0.45123 0.26049 0.56417 0.45423 0.26722 0.55504 0.45025 0.27056 0.55070 0.45307 0.28388 0.52882 0.45445 0.29546 0.50432 0.44679 0.30200 0.48779 0.44913 0.31161 0.45258 0.45202 0.31289 0.44611 0.44071 -0.30708 0.47250 0.44586 -0.30679 0.47291 0.44284 -0.29641 0.50333 0.45051 -0.29204 0.51265 0.44955 -0.28859 0.52000 0.44882 -0.27952 0.53672 0.44164 -0.27468 0.54553 0.44066 -0.27075 0.55154 0.44495 -0.26492 0.55925 0.44228 -0.24728 0.58065 0.44835 -0.24300 0.58438 0.45329 -0.22316 0.60161 0.44712 -0.21460 0.60897 0.45134 -0.20610 0.61447 0.44736 -0.20306 0.61706 0.44304 -0.20271 0.61779 0.44868 -0.19889 0.61950 0.44229 -0.19712 0.62140 0.44689 -0.15518 0.64161 0.45994 -0.13108 0.64838 0.44840 -0.11559 0.65398 0.45417 -0.10628 0.65540 0.45387 -0.08516 0.65952 0.44761 -0.08484 0.66020 0.45022 -0.05780 0.66322 0.44748 -0.05261 0.66414 0.44903 -0.04600 0.66441 0.44302 -0.02927 0.66595 0.44098 0.03945 0.66576 0.44874 0.05574 0.66368 0.44879 0.06478 0.66289 0.44524 0.12623 0.65161 0.44149 0.14515 0.64602 0.45514 0.15762 0.63971 0.44776 0.16615 0.63699 0.44617 0.19177 0.62409 0.45064 0.21482 0.60837 0.45406 0.23239 0.59363 0.44397 0.24379 0.58385 0.45288 0.23833 0.58821 0.44273 0.24848 0.57921 0.44657 0.25146 0.57531 0.44765 0.25881 0.56665 0.44922 0.26473 0.55890 0.44685 0.26855 0.55406 0.45215 0.27562 0.54285 0.44031 0.28183 0.53390 0.43522 0.28718 0.52436 0.44694 0.29045 0.51640 0.44997 0.29830 0.49765 0.44437 0.30688 0.47252 0.45147 0.30522 0.47731 0.43992 0.31128 0.45550 0.44209 0.30935 0.46339 0.44117 -0.31272 0.44844 0.44169 -0.30997 0.46126 0.43855 -0.30789 0.46978 0.43749 -0.30545 0.47827 0.43949 -0.30069 0.49258 0.44545 -0.29938 0.49551 0.44176 -0.29278 0.51187 0.44091 -0.28938 0.51938 0.43762 -0.28106 0.53534 0.43612 -0.27688 0.54264 0.44427 -0.25804 0.56828 0.44523 -0.25549 0.57120 0.44386 -0.25131 0.57615 0.44309 -0.23993 0.58806 0.43787 -0.21931 0.60649 0.43746 -0.19446 0.62355 0.44518 -0.19028 0.62505 0.44264 -0.18383 0.62894 0.44183 -0.17416 0.63399 0.44227 -0.16972 0.63598 0.44347 -0.16322 0.63875 0.44694 -0.14127 0.64675 0.44423 -0.13497 0.64903 0.45482 -0.12755 0.65006 0.45058 -0.12209 0.65191 0.44249 -0.11538 0.65480 0.44948 -0.09249 0.65868 0.45254 -0.06859 0.66166 0.43402 -0.07238 0.66361 0.44646 -0.01689 0.66593 0.45159 0.00446 0.66546 0.43955 0.01715 0.66683 0.42751 0.04796 0.66688 0.44924 0.07088 0.66214 0.43127 0.08601 0.66212 0.43944 0.09890 0.65889 0.43119 0.11633 0.65590 0.43717 0.13799 0.64905 0.44051 0.15854 0.64109 0.43931 0.16455 0.63877 0.44030 0.18707 0.62738 0.44429 0.19540 0.62222 0.44162 0.21517 0.60922 0.43758 0.21741 0.60804 0.43711 0.22968 0.59800 0.44215 0.22667 0.60011 0.44230 0.23276 0.59477 0.44158 0.26145 0.56413 0.44051 0.26945 0.55341 0.44614 0.27496 0.54461 0.44301 0.27808 0.53994 0.44600 0.28419 0.52902 0.43743 0.29117 0.51587 0.42973 0.30227 0.48880 0.43223 -0.31435 0.44054 0.43341 -0.31100 0.45753 0.43824 -0.31045 0.45963 0.43629 -0.30280 0.48665 0.42977 -0.30030 0.49467 0.43154 -0.29588 0.50591 0.43003 -0.29330 0.51200 0.43250 -0.28679 0.52547 0.42959 -0.28325 0.53238 0.43102 -0.27273 0.54971 0.43784 -0.27263 0.54921 0.43476 -0.26226 0.56393 0.43856 -0.25859 0.56813 0.43711 -0.25120 0.57695 0.43700 -0.24051 0.58808 0.44266 -0.23605 0.59170 0.44155 -0.20819 0.61425 0.43739 -0.19928 0.62064 0.43917 -0.18133 0.63065 0.43337 -0.17693 0.63351 0.44097 -0.14896 0.64476 0.43979 -0.10887 0.65654 0.43566 -0.09303 0.66037 0.44040 -0.06073 0.66426 0.43903 -0.05566 0.66487 0.42904 -0.04658 0.66679 0.43747 -0.01385 0.66710 0.43889 0.06452 0.66407 0.44370 0.07678 0.66202 0.42831 0.09581 0.66080 0.44394 0.10369 0.65744 0.44120 0.10764 0.65686 0.43078 0.12767 0.65295 0.43837 0.13238 0.65061 0.43271 0.16329 0.64007 0.43607 0.17042 0.63643 0.44792 0.19926 0.61933 0.43983 0.19614 0.62221 0.44177 0.19943 0.62001 0.43953 0.20296 0.61791 0.43155 0.21252 0.61215 0.43527 0.21913 0.60694 0.43840 0.23708 0.59114 0.43650 0.24994 0.57826 0.43940 0.25647 0.57046 0.43863 0.26506 0.55973 0.43955 0.27460 0.54581 0.43887 0.28426 0.52971 0.42607 0.29190 0.51553 0.43938 0.29491 0.50715 0.43935 0.29930 0.49613 0.43464 0.30711 0.47276 0.43941 0.30479 0.48011 0.43187 0.31106 0.45735 0.43235 0.31457 0.43918 0.42323 -0.31480 0.43882 0.43293 -0.30905 0.46577 0.43305 -0.28841 0.52228 0.43046 -0.27806 0.54135 0.43008 -0.26542 0.56023 0.42685 -0.25979 0.56785 0.43687 -0.25461 0.57312 0.43058 -0.23403 0.59493 0.43435 -0.23129 0.59702 0.43797 -0.22715 0.60013 0.42891 -0.22467 0.60332 0.42744 -0.21644 0.60991 0.43315 -0.21180 0.61266 0.43456 -0.20436 0.61763 0.43018 -0.19805 0.62212 0.43402 -0.16538 0.63886 0.43408 -0.12482 0.65328 0.43658 -0.11809 0.65486 0.43547 -0.09956 0.65912 0.44024 -0.04425 0.66548 0.43553 -0.03991 0.66644 0.43362 -0.00663 0.66770 0.44142 0.00752 0.66674 0.42977 0.00554 0.66818 0.42133 0.06059 0.66658 0.43835 0.08150 0.66202 0.43107 0.13563 0.65052 0.42951 0.16787 0.63844 0.42479 0.17330 0.63634 0.42940 0.19316 0.62509 0.43073 0.22396 0.60348 0.43614 0.22527 0.60194 0.43217 0.23625 0.59257 0.42991 0.24330 0.58589 0.43080 0.24834 0.58067 0.43122 0.25553 0.57250 0.43151 0.26106 0.56574 0.43337 0.28343 0.53175 0.42342 0.29649 0.50510 0.42906 0.29870 0.49887 0.43665 0.31274 0.44885 0.43587 -0.31350 0.44510 0.42596 -0.31223 0.45227 0.42882 -0.30659 0.47526 0.42213 -0.30094 0.49353 0.43166 -0.29804 0.50050 0.41941 -0.29511 0.50882 0.42554 -0.29136 0.51682 0.42527 -0.28893 0.52182 0.43053 -0.26940 0.55469 0.42840 -0.25345 0.57523 0.42787 -0.24571 0.58370 0.43051 -0.22191 0.60535 0.42869 -0.21329 0.61217 0.43272 -0.18840 0.62749 0.42274 -0.17189 0.63724 0.42983 -0.15607 0.64331 0.42297 -0.10576 0.65941 0.42771 -0.09917 0.66021 0.43162 -0.06630 0.66476 0.41640 0.04249 0.66864 0.43151 0.07403 0.66384 0.43166 0.10479 0.65862 0.42810 0.10763 0.65841 0.42120 0.12605 0.65457 0.42730 0.14317 0.64845 0.42349 0.16498 0.64038 0.43167 0.18151 0.63134 0.42542 0.18726 0.62902 0.41947 0.19827 0.62311 0.43291 0.20163 0.61945 0.42282 0.22067 0.60702 0.42614 0.25104 0.57812 0.42874 0.26700 0.55808 0.42875 0.27315 0.54909 0.42384 0.28358 0.53244 0.42841 0.29439 0.50974 0.42396 0.30734 0.47292 0.42897 0.30530 0.47954 0.43010 0.31241 0.45151 0.42525 0.31204 0.45354 0.43019 0.30901 0.46604 0.41953 -0.31575 0.43304 0.41834 -0.30959 0.46478 0.41616 -0.30735 0.47366 0.41523 -0.30556 0.47994 0.42027 -0.29829 0.50091 0.42365 -0.29720 0.50347 0.42463 -0.28507 0.52955 0.42214 -0.27892 0.54068 0.42657 -0.27590 0.54526 0.42032 -0.26461 0.56236 0.42302 -0.26259 0.56476 0.41900 -0.25554 0.57377 0.42682 -0.22783 0.60084 0.42343 -0.22179 0.60617 0.42333 -0.20619 0.61754 0.41661 -0.19627 0.62465 0.41994 -0.18603 0.63024 0.41817 -0.17044 0.63849 0.42459 -0.15347 0.64499 0.42979 -0.14737 0.64659 0.42891 -0.13719 0.65011 0.43066 -0.12036 0.65496 0.42562 -0.11864 0.65599 0.40941 -0.11542 0.65867 0.42278 -0.10328 0.66003 0.43077 -0.08863 0.66155 0.42763 -0.07205 0.66459 0.42570 -0.07079 0.66496 0.42171 -0.02585 0.66874 0.42212 -0.01870 0.66889 0.42585 -0.00489 0.66865 0.42550 0.01068 0.66863 0.41660 0.01397 0.66963 0.43346 0.02417 0.66736 0.42121 0.02843 0.66866 0.41589 0.07451 0.66559 0.42109 0.10097 0.66062 0.41988 0.13592 0.65176 0.41749 0.14413 0.64925 0.42642 0.15389 0.64456 0.41467 0.15986 0.64352 0.41925 0.17011 0.63855 0.41974 0.18366 0.63158 0.42119 0.19102 0.62735 0.42596 0.20286 0.61942 0.41707 0.20791 0.61708 0.41810 0.21620 0.61101 0.41392 0.22638 0.60341 0.42504 0.23435 0.59499 0.42030 0.24069 0.58952 0.41785 0.24615 0.58417 0.42257 0.25863 0.56970 0.42396 0.26257 0.56466 0.42571 0.26076 0.56685 0.41818 0.26533 0.56151 0.41825 0.27042 0.55425 0.42867 0.27952 0.53896 0.42111 0.28638 0.52747 0.41433 0.29074 0.51924 0.42358 0.29413 0.51086 0.42342 0.29854 0.50000 0.41816 0.30495 0.48162 0.41513 0.31532 0.43488 0.42302 0.31419 0.44240 0.42735 0.31330 0.44717 0.41066 -0.31397 0.44458 0.41796 -0.31319 0.44813 0.40752 -0.30713 0.47527 0.41713 -0.30327 0.48697 0.42001 -0.29141 0.51721 0.41866 -0.28985 0.52072 0.40720 -0.28454 0.53201 0.41690 -0.28430 0.53168 0.42007 -0.28235 0.53500 0.41176 -0.27731 0.54438 0.41289 -0.26574 0.56151 0.41506 -0.26045 0.56820 0.40984 -0.24417 0.58727 0.41456 -0.24152 0.58933 0.42265 -0.23747 0.59246 0.42544 -0.21239 0.61312 0.41033 -0.19055 0.62882 0.41844 -0.17878 0.63433 0.41914 -0.16541 0.64061 0.41372 -0.16278 0.64242 0.41620 -0.15728 0.64438 0.42472 -0.11190 0.65774 0.42047 -0.08635 0.66319 0.42091 -0.07766 0.66451 0.42416 -0.06608 0.66550 0.41841 -0.05154 0.66767 0.41613 0.00507 0.66981 0.41563 0.01987 0.66965 0.41570 0.03658 0.66900 0.41531 0.04731 0.66848 0.42058 0.05271 0.66746 0.41608 0.08778 0.66364 0.41219 0.08013 0.66533 0.41718 0.09394 0.66250 0.41315 0.10969 0.65968 0.42013 0.11785 0.65693 0.41343 0.13058 0.65420 0.41275 0.15060 0.64742 0.41513 0.16730 0.64027 0.41224 0.17569 0.63652 0.41122 0.21301 0.61416 0.41529 0.22314 0.60590 0.41792 0.22781 0.60162 0.41855 0.26210 0.56581 0.40934 0.26748 0.55936 0.40451 0.27921 0.54176 0.42159 0.28165 0.53616 0.41171 0.28763 0.52584 0.41852 0.29209 0.51600 0.42049 0.28878 0.52277 0.40908 0.29693 0.50529 0.41452 0.30749 0.47313 0.40661 -0.31504 0.43859 0.40920 -0.31259 0.45201 0.40557 -0.31062 0.46118 0.41167 -0.30814 0.47134 0.39715 -0.30450 0.48457 0.40598 -0.30110 0.49443 0.40834 -0.29939 0.49894 0.40853 -0.29651 0.50635 0.41450 -0.27340 0.55025 0.42139 -0.26867 0.55661 0.41032 -0.25485 0.57546 0.41414 -0.24903 0.58159 0.40667 -0.24064 0.59109 0.40642 -0.23242 0.59872 0.42018 -0.23122 0.59852 0.41602 -0.22507 0.60417 0.41449 -0.21552 0.61184 0.40893 -0.20585 0.61930 0.41324 -0.17897 0.63485 0.41170 -0.17418 0.63737 0.41728 -0.14220 0.64994 0.41719 -0.13751 0.65146 0.41863 -0.12778 0.65428 0.41603 -0.12117 0.65643 0.41648 -0.10502 0.66029 0.41089 -0.08069 0.66516 0.40439 -0.07547 0.66655 0.42042 -0.05758 0.66679 0.41116 -0.05097 0.66857 0.42546 -0.04131 0.66755 0.42835 -0.02918 0.66777 0.42319 -0.01247 0.66892 0.41209 -0.01819 0.67004 0.41405 -0.00456 0.67000 0.40759 0.01599 0.67064 0.41526 0.05333 0.66805 0.41261 0.09358 0.66309 0.40826 0.09869 0.66260 0.41330 0.11879 0.65748 0.40975 0.13037 0.65469 0.41026 0.14398 0.65014 0.41014 0.18500 0.63191 0.41234 0.19279 0.62722 0.40738 0.20826 0.61788 0.41178 0.20981 0.61645 0.40969 0.21986 0.60908 0.41434 0.25383 0.57607 0.41081 0.26157 0.56709 0.41547 0.27608 0.54587 0.41351 0.28149 0.53714 0.41511 0.28471 0.53121 0.41508 0.28899 0.52292 0.41595 0.29362 0.51271 0.41840 0.30268 0.48884 0.40324 0.30082 0.49548 0.41693 0.29998 0.49661 0.41978 0.31004 0.46256 0.41825 0.31289 0.44944 0.40463 -0.30796 0.47230 0.39667 -0.29650 0.50722 0.40933 -0.29157 0.51776 0.39809 -0.28578 0.53041 0.40918 -0.28047 0.53926 0.40290 -0.27608 0.54719 0.41289 -0.26913 0.55679 0.40426 -0.26275 0.56625 0.40332 -0.24523 0.58684 0.40699 -0.22295 0.60681 0.39930 -0.21872 0.61103 0.40194 -0.19871 0.62478 0.40695 -0.19445 0.62692 0.41026 -0.18320 0.63289 0.40651 -0.17137 0.63934 0.40633 -0.16678 0.64143 0.41254 -0.14378 0.64997 0.41137 -0.11079 0.65967 0.40631 -0.09328 0.66362 0.41589 -0.03310 0.66914 0.40630 -0.03272 0.67019 0.41208 0.05582 0.66818 0.40518 0.10310 0.66209 0.40275 0.11463 0.65970 0.40337 0.18345 0.63347 0.40268 0.19074 0.62947 0.41157 0.20146 0.62196 0.40523 0.23368 0.59781 0.40674 0.24834 0.58293 0.40754 0.27246 0.55226 0.40643 0.27577 0.54730 0.40621 0.28110 0.53851 0.40881 0.29231 0.51629 0.40784 0.31131 0.45778 0.41056 0.31328 0.44786 0.40006 -0.31504 0.43908 0.40207 -0.31231 0.45384 0.40139 -0.30189 0.49240 0.40045 -0.29846 0.50215 0.39799 -0.28896 0.52413 0.41079 -0.28885 0.52336 0.40052 -0.28130 0.53857 0.40049 -0.27284 0.55243 0.40430 -0.26835 0.55861 0.39472 -0.25936 0.57144 0.40341 -0.25747 0.57300 0.39835 -0.22464 0.60634 0.40017 -0.19027 0.63005 0.40114 -0.18099 0.63504 0.40219 -0.17377 0.63863 0.41240 -0.14834 0.64825 0.40510 -0.13822 0.65258 0.40949 -0.11087 0.65986 0.40289 -0.11057 0.66056 0.41263 -0.09833 0.66199 0.40327 -0.06232 0.66837 0.40834 -0.04362 0.66936 0.40394 0.04870 0.66963 0.40259 0.06901 0.66785 0.39797 0.09794 0.66391 0.40710 0.12517 0.65643 0.40812 0.13516 0.65330 0.40218 0.14411 0.65092 0.40392 0.15489 0.64668 0.40377 0.16646 0.64178 0.39857 0.17805 0.63674 0.40238 0.19989 0.62389 0.39139 0.22024 0.61050 0.40297 0.21568 0.61295 0.40744 0.22833 0.60229 0.40945 0.23806 0.59311 0.39591 0.24380 0.58908 0.39959 0.24459 0.58777 0.40077 0.25604 0.57478 0.40401 0.26540 0.56274 0.40248 0.28302 0.53526 0.40292 0.28651 0.52868 0.40826 0.28459 0.53201 0.40147 0.29073 0.52008 0.40710 0.29920 0.49971 0.40573 0.29397 0.51267 0.40856 0.30886 0.46827 0.40443 0.30623 0.47822 0.40932 0.30309 0.48823 0.39936 0.31140 0.45811 0.39328 0.31496 0.43892 0.40118 0.31316 0.44910 0.39136 -0.31489 0.44042 0.39364 -0.31323 0.44946 0.39075 -0.31073 0.46167 0.39618 -0.30811 0.47237 0.39659 -0.30687 0.47697 0.39722 -0.29919 0.50026 0.38801 -0.28919 0.52446 0.39192 -0.28139 0.53894 0.39185 -0.27408 0.55126 0.39581 -0.27826 0.54415 0.39842 -0.27464 0.54994 0.39097 -0.26895 0.55890 0.39421 -0.26446 0.56486 0.39609 -0.25568 0.57585 0.39993 -0.25155 0.58025 0.39700 -0.24386 0.58894 0.39782 -0.23986 0.59278 0.39319 -0.24062 0.59257 0.39930 -0.21214 0.61597 0.39009 -0.20081 0.62470 0.39460 -0.16784 0.64221 0.39685 -0.15219 0.64855 0.40566 -0.14493 0.65029 0.39381 -0.14678 0.65087 0.40309 -0.12978 0.65540 0.39233 -0.12659 0.65754 0.39616 -0.09837 0.66386 0.39901 -0.09016 0.66501 0.39725 -0.02992 0.67135 0.39567 -0.02250 0.67177 0.39725 -0.01203 0.67184 0.40634 -0.00018 0.67093 0.40298 0.00527 0.67130 0.39500 0.00502 0.67220 0.40600 0.02558 0.67056 0.40551 0.05994 0.66846 0.39362 0.06183 0.66961 0.40065 0.10617 0.66193 0.39328 0.10949 0.66197 0.38720 0.11766 0.66053 0.39895 0.12773 0.65655 0.39265 0.14108 0.65303 0.39213 0.14801 0.65060 0.39399 0.15836 0.64634 0.39424 0.16516 0.64344 0.39235 0.18923 0.63138 0.40134 0.22264 0.60768 0.39467 0.24101 0.59187 0.39910 0.23440 0.59773 0.39842 0.26314 0.56617 0.39111 0.27357 0.55199 0.39644 0.26946 0.55765 0.39789 0.27557 0.54819 0.40078 0.29865 0.50159 0.39587 0.29582 0.50886 0.39089 0.31170 0.45716 0.39778 0.30933 0.46695 0.38725 -0.31711 0.42543 0.38981 -0.31598 0.43341 0.38631 -0.30820 0.47241 0.38866 -0.30647 0.47876 0.38698 -0.30167 0.49399 0.38970 -0.30048 0.49703 0.38021 -0.29565 0.51011 0.39898 -0.29287 0.51564 0.38332 -0.28442 0.53404 0.39605 -0.24664 0.58609 0.38959 -0.24280 0.59064 0.39229 -0.23411 0.59879 0.38844 -0.23343 0.59988 0.38861 -0.22872 0.60386 0.39645 -0.20588 0.62068 0.39368 -0.19546 0.62771 0.39313 -0.18495 0.63379 0.39291 -0.17802 0.63748 0.39696 -0.17168 0.64021 0.39767 -0.15928 0.64556 0.39216 -0.15603 0.64757 0.39377 -0.14002 0.65321 0.38765 -0.13668 0.65497 0.39800 -0.11852 0.65918 0.40240 -0.10334 0.66216 0.38830 -0.10080 0.66423 0.39722 -0.06168 0.66925 0.39953 -0.05690 0.66940 0.38836 -0.05736 0.67049 0.39148 -0.04726 0.67096 0.39388 0.01284 0.67223 0.39216 0.02191 0.67223 0.40245 0.03617 0.67055 0.39522 0.07545 0.66796 0.40310 0.07786 0.66669 0.39052 0.10177 0.66396 0.38565 0.12680 0.65828 0.39285 0.13285 0.65564 0.39151 0.17221 0.64042 0.38702 0.17613 0.63900 0.39611 0.19531 0.62748 0.39242 0.20109 0.62418 0.39506 0.20968 0.61803 0.39322 0.22874 0.60334 0.39137 0.24591 0.58725 0.39590 0.25001 0.58231 0.39196 0.28227 0.53710 0.39571 0.28690 0.52829 0.39328 0.28988 0.52250 0.39160 0.29234 0.51720 0.39144 0.29992 0.49861 0.38890 0.30645 0.47820 0.39671 0.30336 0.48816 0.38614 0.30953 0.46681 0.39171 0.31340 0.44868 0.38079 -0.31237 0.45471 0.38165 -0.30643 0.47930 0.38484 -0.30196 0.49331 0.38551 -0.29279 0.51676 0.38778 -0.29121 0.52027 0.38206 -0.27114 0.55639 0.38989 -0.24854 0.58452 0.38544 -0.23902 0.59479 0.39073 -0.23862 0.59472 0.38843 -0.23243 0.60075 0.38994 -0.22197 0.60941 0.38949 -0.21048 0.61820 0.38710 -0.20661 0.62116 0.38826 -0.19617 0.62783 0.38710 -0.19061 0.63121 0.38992 -0.17290 0.64033 0.38596 -0.09238 0.66598 0.38868 -0.06626 0.66960 0.38867 -0.03274 0.67218 0.38859 0.02767 0.67248 0.39207 0.07801 0.66792 0.39220 0.07116 0.66876 0.39866 0.08756 0.66568 0.38637 0.18789 0.63280 0.38601 0.19805 0.62673 0.39153 0.19595 0.62756 0.38720 0.25001 0.58317 0.38786 0.25443 0.57797 0.38753 0.26931 0.55875 0.38727 0.27721 0.54632 0.38111 0.28218 0.53810 0.38744 0.28911 0.52420 0.38828 0.29754 0.50519 0.38517 0.29848 0.50291 0.38293 0.31660 0.42725 0.37954 -0.31635 0.43123 0.37344 -0.31453 0.44313 0.38217 -0.31350 0.44889 0.38091 -0.30911 0.46901 0.37538 -0.30401 0.48741 0.37879 -0.30193 0.49372 0.37729 -0.29924 0.50127 0.37923 -0.28928 0.52490 0.38038 -0.28716 0.52912 0.37970 -0.27934 0.54341 0.38133 -0.27523 0.55013 0.38458 -0.27362 0.55257 0.38700 -0.18341 0.63526 0.38981 -0.11987 0.65966 0.38809 -0.00815 0.67292 0.38937 0.03267 0.67221 0.38841 0.08121 0.66785 0.38711 0.08386 0.66756 0.38270 0.26929 0.55913 0.37880 0.27837 0.54495 0.38261 0.28609 0.53064 0.37783 0.29044 0.52202 0.38288 0.29540 0.51044 0.38045 0.30054 0.49725 0.38653 0.30310 0.48949 0.38251 0.31329 0.44972 0.37963 0.31149 0.45880 0.38239 0.31482 0.44047 0.36970 -0.31202 0.45673 0.37581 -0.31026 0.46412 0.37808 -0.30648 0.47920 0.36621 -0.29515 0.51233 0.36996 -0.28498 0.53391 0.39046 -0.10903 0.66216 0.38843 0.03807 0.67200 0.38249 0.27285 0.55371 0.37223 0.27746 0.54696 0.37575 0.28657 0.53013 0.37044 0.29904 0.50174 0.37170 0.30279 0.49101 0.37861 0.30463 0.48484 0.37306 0.31165 0.45791 0.37571 0.30864 0.47048 0.37089 0.31666 0.42747 0.37258 0.31400 0.44514 0.37621 0.31757 0.41983 0.37178 -0.31703 0.42626 0.37141 -0.31550 0.43745 0.35661 -0.30952 0.46802 0.37226 -0.30179 0.49458 0.36705 -0.29943 0.50141 0.36661 -0.29721 0.50731 0.37077 -0.28804 0.52799 0.37157 -0.28211 0.53915 0.37216 -0.27603 0.54951 0.37017 -0.27333 0.55393 0.36904 -0.26924 0.55998 0.37277 0.27385 0.55285 0.36412 0.27667 0.54882 0.36952 0.28356 0.53624 0.36643 0.29054 0.52236 0.37179 0.29445 0.51331 0.37121 0.30584 0.48110 0.37847 0.31256 0.45413 0.37625 0.31268 0.45336 0.36065 -0.31784 0.41755 0.36916 -0.31760 0.42125 0.37193 -0.31747 0.42288 0.36123 -0.31556 0.43680 0.35973 -0.31255 0.45435 0.36115 -0.31138 0.46020 0.36320 -0.31109 0.46146 0.37088 -0.30665 0.47841 0.36243 -0.30074 0.49790 0.36083 -0.29097 0.52219 0.37262 -0.29064 0.52229 0.36060 -0.27903 0.54512 0.37132 -0.27914 0.54429 0.37248 0.26947 0.55944 0.36461 0.28091 0.54162 0.36020 0.29672 0.50809 0.36650 0.30205 0.49347 0.36439 0.30500 0.48401 0.36691 0.30792 0.47355 0.36531 0.31671 0.42763 0.36590 0.31764 0.41900 0.35385 -0.31378 0.44764 0.36063 -0.30739 0.47600 0.36895 -0.30153 0.49549 0.35591 -0.29508 0.51303 0.36219 -0.28711 0.53022 0.35719 0.27395 0.55369 0.35567 0.28242 0.53955 0.35965 0.28438 0.53572 0.35302 0.29316 0.51738 0.36557 0.31104 0.46033 0.36186 0.31687 0.42605 0.36197 0.31525 0.43750 0.34897 -0.31830 0.41120 0.36181 -0.31686 0.42715 0.34817 -0.31446 0.44379 0.35859 -0.30245 0.49267 0.35537 -0.29787 0.50603 0.35808 -0.29302 0.51790 0.35066 -0.28170 0.54104 0.34967 -0.27380 0.55445 0.35286 -0.27193 0.55725 0.36076 -0.27303 0.55488 0.35462 0.28546 0.53404 0.35700 0.28436 0.53610 0.35988 0.30193 0.49374 0.35645 0.30581 0.48132 0.35909 0.30858 0.47080 0.35513 0.31647 0.42841 0.36275 0.31328 0.44944 0.36019 0.31776 0.41725 0.35253 -0.31768 0.41929 0.35070 -0.31636 0.43043 0.35337 -0.31110 0.46144 0.34591 -0.30582 0.48217 0.35260 -0.30416 0.48741 0.35092 -0.29124 0.52223 0.35045 -0.28656 0.53195 0.34913 -0.27750 0.54848 0.35374 0.27005 0.55987 0.35408 0.27856 0.54642 0.35361 0.28845 0.52784 0.34572 0.29771 0.50610 0.35182 0.30067 0.49772 0.34942 0.30466 0.48545 0.35494 0.31491 0.43975 0.34349 -0.31837 0.41032 0.35452 -0.31805 0.41499 0.32981 -0.30969 0.46743 0.34566 -0.30742 0.47666 0.35137 -0.29916 0.50259 0.34331 -0.29190 0.52098 0.35015 -0.28907 0.52698 0.34584 0.27442 0.55358 0.35008 0.27734 0.54871 0.34573 0.28645 0.53240 0.34703 0.29164 0.52141 0.34578 0.28874 0.52781 0.34328 0.29388 0.51622 0.34449 0.31201 0.45686 0.35026 0.30841 0.47169 0.34309 0.31660 0.42643 0.34955 0.31509 0.43827 0.35217 0.31250 0.45321 0.33337 -0.31770 0.41622 0.34538 -0.31719 0.42297 0.34174 -0.31492 0.44050 0.33423 -0.31325 0.45014 0.34393 -0.31177 0.45803 0.34327 -0.30973 0.46741 0.34284 -0.30813 0.47404 0.33645 -0.30629 0.48090 0.33870 -0.30266 0.49284 0.34073 -0.29976 0.50111 0.34156 -0.29529 0.51292 0.34032 -0.28316 0.53908 0.33707 -0.28129 0.54281 0.33839 0.27227 0.55745 0.34420 0.28080 0.54298 0.33647 0.28541 0.53488 0.33809 0.29095 0.52318 0.34332 0.30255 0.49232 0.34261 0.30519 0.48408 0.34140 0.31799 0.41303 0.33809 -0.31735 0.42071 0.33737 -0.31580 0.43382 0.32890 -0.30323 0.49127 0.33043 -0.30099 0.49815 0.33030 -0.29586 0.51190 0.33067 -0.29025 0.52507 0.33262 -0.28413 0.53760 0.33778 -0.28002 0.54492 0.34007 -0.27070 0.55981 0.33181 0.27260 0.55738 0.33345 0.28234 0.54077 0.33766 0.28792 0.52987 0.33312 0.29610 0.51065 0.33483 0.30137 0.49581 0.34093 0.31182 0.45781 0.33489 0.31156 0.45824 0.34292 0.31051 0.46343 0.34260 0.30738 0.47609 0.34018 0.31440 0.44243 0.33667 0.31326 0.44971 0.34162 0.31274 0.45288 0.32567 -0.31612 0.42992 0.33419 -0.31426 0.44444 0.32008 -0.31146 0.45891 0.33033 -0.31142 0.45956 0.33284 -0.30224 0.49451 0.32293 -0.29774 0.50728 0.34011 -0.28781 0.52994 0.33524 -0.27519 0.55300 0.33196 0.27737 0.54954 0.32662 0.28569 0.53452 0.33193 0.28833 0.52912 0.33279 0.29355 0.51743 0.33607 0.30563 0.48221 0.33628 0.30889 0.47011 0.33345 0.31734 0.41935 0.32606 0.31588 0.43096 0.32408 -0.31751 0.41731 0.32552 -0.31434 0.44297 0.32386 -0.31250 0.45396 0.32160 -0.31026 0.46480 0.33144 -0.30770 0.47570 0.32333 -0.30566 0.48314 0.32012 -0.30221 0.49466 0.32758 -0.29285 0.51929 0.32465 -0.28239 0.54114 0.33200 -0.28096 0.54356 0.33086 -0.27838 0.54809 0.31788 0.27349 0.55662 0.32599 0.27398 0.55555 0.32645 0.28189 0.54187 0.32090 0.29645 0.50974 0.32401 0.30152 0.49520 0.32836 0.30468 0.48532 0.32561 0.31186 0.45591 0.33028 0.31361 0.44678 0.32822 -0.31817 0.41004 0.31160 -0.31660 0.42371 0.31630 -0.31243 0.45361 0.31735 -0.30882 0.47088 0.32465 -0.30691 0.47878 0.31333 -0.30274 0.49280 0.31761 -0.30042 0.49990 0.31697 -0.29723 0.50897 0.31813 -0.29353 0.51787 0.31799 -0.28909 0.52794 0.32370 -0.28857 0.52905 0.32464 -0.28637 0.53346 0.31492 -0.28273 0.54080 0.32124 0.28365 0.53867 0.32896 0.29364 0.51718 0.32202 0.30575 0.48143 0.31818 0.31100 0.45953 0.32703 0.30861 0.47059 0.31952 0.31679 0.42352 0.31950 0.31361 0.44552 0.30805 -0.31432 0.44150 0.30325 -0.31022 0.46351 0.31524 -0.29787 0.50720 0.31173 -0.29589 0.51228 0.31120 -0.29072 0.52453 0.31923 -0.27267 0.55785 0.32176 0.27637 0.55182 0.31553 0.27669 0.55145 0.31271 0.28327 0.53953 0.31442 0.28699 0.53169 0.32347 0.29125 0.52260 0.31861 0.29394 0.51641 0.31763 0.30085 0.49728 0.31450 0.30493 0.48366 0.31825 0.30821 0.47190 0.32332 0.31736 0.41786 0.31542 -0.31775 0.41272 0.30867 -0.31535 0.43428 0.30010 -0.31143 0.45748 0.30961 -0.30921 0.46863 0.31919 -0.30729 0.47711 0.30946 -0.30524 0.48429 0.30508 -0.30189 0.49547 0.30297 -0.29154 0.52271 0.30882 -0.28497 0.53659 0.31589 -0.28586 0.53476 0.30949 -0.27979 0.54632 0.31848 -0.27766 0.54967 0.31334 -0.27383 0.55631 0.31740 0.28054 0.54449 0.31424 0.29429 0.51502 0.31312 0.29997 0.49958 0.31112 0.30968 0.46501 0.31666 0.31640 0.42637 0.30954 0.31541 0.43200 0.31396 0.31700 0.41972 0.30735 -0.31770 0.41146 0.30368 -0.31704 0.41835 0.30642 -0.31298 0.44971 0.31151 -0.30661 0.47955 0.29899 -0.30219 0.49416 0.30301 -0.30023 0.50029 0.30504 -0.28777 0.53087 0.30564 -0.28142 0.54342 0.30034 -0.27672 0.55167 0.30575 -0.27309 0.55761 0.30590 0.27726 0.55042 0.30714 0.28332 0.53934 0.30751 0.29299 0.51810 0.30580 0.29887 0.50248 0.30753 0.30357 0.48811 0.30280 0.31156 0.45587 0.30353 0.30804 0.47153 0.30163 0.31721 0.41330 0.30960 0.31271 0.44987 0.29686 -0.31707 0.41617 0.29809 -0.31489 0.43611 0.30129 -0.31454 0.43943 0.30697 -0.30702 0.47759 0.30559 -0.29766 0.50765 0.29778 -0.29471 0.51515 0.29455 -0.28989 0.52662 0.30165 0.28177 0.54255 0.29784 0.28596 0.53416 0.30245 0.28995 0.52527 0.30140 0.29554 0.51175 0.29664 0.30032 0.49862 0.29907 0.30465 0.48440 0.29792 0.31363 0.44371 0.28950 -0.31590 0.42579 0.29115 -0.31339 0.44553 0.29882 -0.31315 0.44803 0.29026 -0.31176 0.45478 0.29458 -0.30443 0.48638 0.28133 -0.30099 0.49718 0.29372 -0.29680 0.50971 0.29909 -0.29659 0.51052 0.28987 -0.29071 0.52470 0.29309 -0.28688 0.53288 0.29687 -0.28203 0.54224 0.29775 0.28202 0.54211 0.29584 0.29046 0.52432 0.29389 0.29554 0.51173 0.29288 0.30677 0.47743 0.29468 0.31121 0.45734 0.29153 0.30847 0.47001 0.29014 0.31693 0.41406 0.29460 0.31564 0.42775 0.29806 0.31253 0.45101 0.29034 -0.31737 0.41046 0.28523 -0.31667 0.41690 0.29335 -0.31529 0.43214 0.28476 -0.30929 0.46628 0.29134 -0.28907 0.52845 0.28757 -0.28608 0.53468 0.28895 -0.28257 0.54138 0.29099 -0.27693 0.55145 0.29306 0.27529 0.55369 0.29310 0.28151 0.54282 0.29277 0.28517 0.53582 0.29000 0.29048 0.52399 0.29243 0.29965 0.50101 0.29519 0.31276 0.44957 0.28456 -0.31486 0.43388 0.28388 -0.31393 0.44069 0.28921 -0.30675 0.47738 0.28245 -0.30372 0.48834 0.28376 -0.29606 0.51147 0.28351 -0.29052 0.52507 0.28739 -0.28754 0.53164 0.28308 -0.27753 0.55052 0.28422 0.27441 0.55555 0.28760 0.28667 0.53241 0.28851 0.29967 0.50071 0.28940 0.30695 0.47685 0.29104 0.30451 0.48543 0.29031 0.30172 0.49478 0.28740 0.30791 0.47286 0.29057 0.30783 0.47348 0.28402 0.31575 0.42486 0.27139 -0.31404 0.43695 0.28428 -0.31332 0.44518 0.27912 -0.31177 0.45346 0.27235 -0.30996 0.46199 0.27699 -0.30564 0.48130 0.27526 -0.30219 0.49320 0.28729 -0.29876 0.50414 0.28063 -0.29225 0.52080 0.28049 -0.28789 0.53066 0.27673 -0.27860 0.54889 0.27886 0.27221 0.55918 0.28133 0.28007 0.54554 0.28385 0.28436 0.53693 0.28059 0.29215 0.51958 0.28453 0.29698 0.50752 0.28436 0.30641 0.47829 0.28892 0.31270 0.44873 0.27815 0.31655 0.41499 0.28424 0.31414 0.43801 0.27508 -0.31624 0.41823 0.27164 -0.31524 0.42708 0.27859 -0.31268 0.44810 0.26457 -0.30770 0.47168 0.27325 -0.30530 0.48245 0.27107 -0.30378 0.48751 0.27793 -0.29835 0.50506 0.27510 -0.29574 0.51205 0.26955 -0.28983 0.52635 0.28223 -0.28334 0.53993 0.27639 0.27828 0.54901 0.27720 0.28548 0.53513 0.27546 0.29004 0.52500 0.27111 0.29569 0.51090 0.27615 0.30633 0.47762 0.28255 0.30268 0.49089 0.27988 0.31041 0.45972 0.28196 0.30834 0.47019 0.27055 0.31492 0.42794 0.28096 0.31266 0.44766 0.26053 -0.31627 0.41003 0.27243 -0.31661 0.41211 0.27632 -0.31604 0.42123 0.27044 -0.31272 0.44619 0.27351 -0.30644 0.47783 0.26477 -0.29990 0.49969 0.26962 -0.29757 0.50685 0.26471 -0.29157 0.52220 0.26886 -0.28651 0.53335 0.27210 -0.28326 0.54005 0.27033 -0.27887 0.54838 0.27012 -0.27436 0.55633 0.26625 -0.27228 0.55994 0.27134 0.28145 0.54337 0.27304 0.28404 0.53813 0.27208 0.28863 0.52853 0.27471 0.29972 0.49926 0.27449 0.30363 0.48724 0.27025 0.31246 0.44642 0.27645 0.30858 0.46849 0.26486 -0.31422 0.43422 0.25444 -0.31168 0.44927 0.26461 -0.31103 0.45524 0.26516 -0.30892 0.46638 0.26398 -0.30617 0.47813 0.27051 -0.30514 0.48281 0.26522 -0.27263 0.55938 0.26989 0.27411 0.55614 0.26949 0.27894 0.54784 0.26655 0.28444 0.53735 0.26562 0.28956 0.52630 0.26259 0.29760 0.50581 0.26824 0.29289 0.51843 0.26595 0.30042 0.49727 0.26792 0.30470 0.48263 0.26454 0.30859 0.46622 0.27208 0.30801 0.47017 0.26240 0.31629 0.41043 0.25936 0.31361 0.43661 0.26311 -0.31536 0.42246 0.25672 -0.30667 0.47533 0.26400 -0.30486 0.48313 0.26044 -0.30149 0.49455 0.25485 -0.29502 0.51307 0.26418 -0.29465 0.51459 0.25464 -0.29044 0.52464 0.26288 -0.28804 0.53017 0.25938 -0.27930 0.54743 0.26102 -0.27391 0.55707 0.26495 0.27859 0.54852 0.26063 0.28294 0.54006 0.26131 0.30057 0.49707 0.26158 0.30584 0.47813 0.25664 0.31094 0.45361 0.25022 0.31476 0.42246 0.26072 0.31259 0.44465 0.24579 -0.31569 0.41173 0.24949 -0.31446 0.42611 0.25212 -0.31243 0.44432 0.25617 -0.31082 0.45504 0.25097 -0.30667 0.47454 0.25354 -0.30518 0.48074 0.25180 -0.30190 0.49229 0.24978 -0.29722 0.50685 0.25657 -0.29246 0.51985 0.25277 -0.28727 0.53151 0.25645 -0.28377 0.53885 0.25966 0.27351 0.55668 0.26238 0.27704 0.55096 0.25690 0.29241 0.51931 0.25997 0.28810 0.52947 0.26137 0.29428 0.51482 0.25724 0.30050 0.49692 0.25975 0.30315 0.48809 0.24654 0.31336 0.43544 0.24000 -0.31456 0.42179 0.24934 -0.31211 0.44571 0.25016 -0.30954 0.46064 0.25765 -0.30872 0.46618 0.25320 -0.29972 0.49961 0.24486 -0.28158 0.54298 0.24766 -0.27847 0.54897 0.24739 -0.27512 0.55498 0.25116 -0.27353 0.55769 0.25402 0.28139 0.54267 0.25199 0.29745 0.50559 0.25596 0.30599 0.47698 0.25237 0.31258 0.44311 0.24471 0.30940 0.46023 0.25259 0.30831 0.46663 0.24833 -0.30742 0.47103 0.24472 -0.29288 0.51825 0.24337 -0.28948 0.52622 0.23913 -0.28416 0.53766 0.24897 0.27185 0.55962 0.24883 0.27796 0.54890 0.24590 0.28504 0.53532 0.25113 0.28898 0.52695 0.24458 0.29427 0.51401 0.25106 0.29371 0.51580 0.24168 0.30070 0.49517 0.24053 0.29789 0.50394 0.24703 0.30596 0.47640 0.24434 0.31247 0.44209 0.24531 0.31122 0.45023 0.24823 0.31292 0.44011 0.24006 -0.31500 0.41800 0.25180 -0.31316 0.43841 0.23795 -0.31176 0.44505 0.23824 -0.31069 0.45152 0.24020 -0.30931 0.45964 0.24572 -0.30782 0.46867 0.24048 -0.30632 0.47455 0.24038 -0.30244 0.48944 0.23328 -0.29940 0.49892 0.23797 -0.29712 0.50619 0.24231 -0.29595 0.51008 0.24421 -0.29466 0.51369 0.23800 -0.28627 0.53333 0.23765 -0.27640 0.55262 0.23848 -0.27337 0.55787 0.24376 0.27296 0.55817 0.23981 0.27757 0.54983 0.23908 0.29012 0.52403 0.23405 0.29511 0.51138 0.23851 0.30603 0.47512 0.25047 0.30274 0.48872 0.24335 0.30764 0.46878 0.23486 0.31495 0.41264 0.23516 -0.31524 0.41178 0.23358 -0.31463 0.41877 0.23666 -0.31215 0.44201 0.23518 -0.30402 0.48300 0.22412 -0.29642 0.50717 0.23768 -0.29449 0.51368 0.23680 -0.29203 0.51991 0.22976 -0.28458 0.53653 0.22856 -0.28056 0.54461 0.23180 -0.27769 0.55001 0.23883 0.28430 0.53674 0.23047 0.30107 0.49284 0.23658 0.29972 0.49818 0.23971 0.30369 0.48444 0.23602 0.31278 0.43701 0.23531 0.31152 0.44579 0.23159 0.31369 0.42626 0.23159 -0.31263 0.43622 0.22476 -0.30735 0.46642 0.23080 -0.30503 0.47834 0.22360 -0.30219 0.48841 0.22774 -0.30114 0.49262 0.23226 -0.29786 0.50376 0.22481 -0.29402 0.51380 0.22891 -0.29260 0.51784 0.22395 -0.28801 0.52874 0.22914 -0.27352 0.55754 0.23149 0.27617 0.55234 0.22847 0.29221 0.51878 0.23190 0.28827 0.52826 0.22441 0.29689 0.50558 0.23328 0.29831 0.50223 0.23143 0.30756 0.46691 0.23512 0.30990 0.45570 0.23131 0.31298 0.43370 0.21739 -0.31288 0.42886 0.22016 -0.31128 0.44320 0.22492 -0.31061 0.44890 0.21639 -0.30732 0.46560 0.23472 -0.30692 0.47052 0.21777 -0.27947 0.54639 0.22174 0.27550 0.55351 0.22323 0.28062 0.54401 0.22860 0.28392 0.53741 0.22458 0.29420 0.51345 0.22790 0.29467 0.51244 0.22213 0.30191 0.48895 0.23063 0.30446 0.48030 0.22840 0.30915 0.45849 0.21333 -0.31396 0.41501 0.22250 -0.31419 0.41779 0.21120 -0.31118 0.44067 0.22275 -0.30875 0.45936 0.21678 -0.30059 0.49320 0.21686 -0.29772 0.50252 0.21376 -0.28960 0.52416 0.21762 -0.28584 0.53345 0.21371 -0.28291 0.53938 0.22038 -0.27576 0.55329 0.21700 0.28056 0.54407 0.22195 0.28699 0.53089 0.21801 0.29862 0.49971 0.22181 0.29983 0.49616 0.22019 0.30454 0.47813 0.22544 0.30309 0.48505 0.22571 0.31232 0.43669 0.22449 0.31027 0.45067 0.21461 0.31361 0.41920 0.20480 -0.31156 0.43549 0.21274 -0.31026 0.44783 0.21641 -0.30864 0.45873 0.21642 -0.30795 0.46264 0.21061 -0.30049 0.49274 0.21698 -0.29619 0.50723 0.21830 -0.29366 0.51429 0.21733 -0.28806 0.52838 0.21508 -0.28645 0.53189 0.21308 -0.28011 0.54510 0.20825 -0.27355 0.55689 0.21660 0.28507 0.53465 0.22443 0.28907 0.52613 0.21764 0.29286 0.51614 0.21326 0.30080 0.49159 0.21930 0.30733 0.46554 0.21173 0.31106 0.44117 0.22298 0.30870 0.45955 0.22137 0.31315 0.42790 0.20876 -0.31410 0.40944 0.20650 -0.31205 0.43224 0.21071 -0.30738 0.46409 0.20784 -0.30549 0.47211 0.21471 -0.30290 0.48402 0.20795 -0.29860 0.49878 0.20929 -0.29397 0.51256 0.20592 -0.27722 0.55023 0.21159 0.27573 0.55293 0.21463 0.27862 0.54780 0.21797 0.28891 0.52619 0.21150 0.29722 0.50325 0.20974 0.29895 0.49771 0.21083 0.30648 0.46771 0.21267 0.30887 0.45558 0.19698 -0.31146 0.43272 0.20833 -0.30863 0.45650 0.21033 -0.29602 0.50705 0.19719 -0.28552 0.53261 0.20628 -0.28233 0.54031 0.20572 -0.27491 0.55458 0.20280 0.27744 0.54926 0.20816 0.28156 0.54161 0.20560 0.28634 0.53125 0.20965 0.28966 0.52359 0.20377 0.29679 0.50384 0.20812 0.30251 0.48472 0.20301 0.30560 0.47046 0.21001 0.30401 0.47874 0.21297 0.31267 0.42867 0.20646 0.31369 0.41318 0.21039 0.31316 0.42287 0.20905 -0.31302 0.42357 0.20028 -0.30660 0.46537 0.19826 -0.30113 0.48842 0.19531 -0.29658 0.50342 0.20530 -0.29610 0.50620 0.20496 -0.28396 0.53662 0.19594 -0.27624 0.55163 0.20209 -0.27315 0.55745 0.20658 0.27414 0.55565 0.19792 0.28666 0.53003 0.20181 0.28443 0.53532 0.19992 0.28957 0.52314 0.20488 0.30148 0.48807 0.20307 0.30342 0.48012 0.20237 0.31099 0.43869 0.19732 -0.31248 0.42254 0.19174 -0.30976 0.44380 0.19589 -0.30760 0.45889 0.19091 -0.30427 0.47412 0.18584 -0.29959 0.49196 0.20433 -0.29957 0.49494 0.19263 -0.29313 0.51318 0.19425 -0.29049 0.52040 0.19913 -0.28897 0.52465 0.20011 -0.27981 0.54494 0.19971 0.29690 0.50297 0.19503 0.30147 0.48619 0.20371 0.29892 0.49691 0.19670 0.30623 0.46603 0.19353 0.31196 0.42561 0.20300 0.31184 0.43174 0.19389 0.31085 0.43592 0.20112 0.30984 0.44611 0.19987 0.30763 0.45908 0.20395 0.31298 0.42067 0.19570 -0.31315 0.41265 0.19223 -0.31162 0.42915 0.18318 -0.30723 0.45688 0.18946 -0.30607 0.46519 0.19725 -0.30262 0.48238 0.19432 -0.29901 0.49529 0.18812 -0.28701 0.52847 0.19003 -0.28069 0.54249 0.18348 -0.27445 0.55414 0.19698 0.28275 0.53828 0.19210 0.29049 0.51999 0.19479 0.28873 0.52492 0.20100 0.29401 0.51133 0.18726 0.30626 0.46311 0.19570 0.30460 0.47335 0.18293 -0.31229 0.41433 0.18417 -0.31089 0.43140 0.18935 -0.31031 0.43906 0.20012 -0.30918 0.45063 0.18408 -0.30167 0.48380 0.18437 -0.29782 0.49794 0.17726 -0.29513 0.50537 0.17617 -0.29131 0.51623 0.18089 -0.28835 0.52437 0.19218 -0.28631 0.53055 0.17584 -0.27994 0.54302 0.19012 0.27236 0.55700 0.19430 0.27710 0.54888 0.18878 0.28352 0.53570 0.19135 0.28702 0.52843 0.19124 0.29765 0.49906 0.18590 0.29349 0.51087 0.18409 0.30147 0.48418 0.18831 0.29997 0.49082 0.19284 0.31271 0.41626 0.18787 0.31131 0.42894 0.18723 0.30890 0.44700 0.17207 -0.31166 0.41459 0.18368 -0.31163 0.42343 0.18121 -0.30961 0.44069 0.18403 -0.30849 0.44984 0.17859 -0.30247 0.47936 0.17359 -0.30060 0.48594 0.17568 -0.29943 0.49076 0.17964 -0.29738 0.49868 0.18553 -0.29410 0.50965 0.17705 -0.28357 0.53529 0.18490 -0.28322 0.53685 0.17965 -0.27773 0.54776 0.17897 0.27536 0.55123 0.18428 0.28053 0.54127 0.17560 0.29244 0.51254 0.17453 0.29673 0.49946 0.18219 0.29926 0.49226 0.17902 0.30677 0.45821 0.17796 0.30392 0.47211 0.18805 0.30363 0.47587 0.18434 0.31053 0.43350 0.18257 0.30760 0.45440 0.17523 -0.31224 0.40965 0.16958 -0.31052 0.42616 0.17553 -0.31050 0.43035 0.17844 -0.30821 0.44950 0.16730 -0.30629 0.45738 0.17738 -0.30415 0.47128 0.16470 -0.30075 0.48310 0.17099 -0.29671 0.49938 0.16890 -0.28442 0.53256 0.17899 -0.28226 0.53853 0.18216 -0.28028 0.54292 0.17528 0.28361 0.53416 0.18251 0.28799 0.52476 0.17240 0.30052 0.48537 0.17847 0.30575 0.46354 0.18194 0.31164 0.42056 0.16883 -0.29183 0.51395 0.16709 -0.28718 0.52590 0.16812 -0.27378 0.55437 0.17047 0.27461 0.55257 0.16760 0.28034 0.54089 0.16777 0.28551 0.52960 0.17085 0.29853 0.49291 0.17716 0.30790 0.45013 0.17290 0.30436 0.46888 0.17290 0.30955 0.43482 0.17107 0.30796 0.44693 0.15965 -0.31083 0.41446 0.16292 -0.31049 0.42216 0.16631 -0.30897 0.43846 0.16564 -0.30750 0.44915 0.15246 -0.30516 0.45883 0.15772 -0.30463 0.46364 0.16580 -0.30433 0.46734 0.16676 -0.30286 0.47467 0.17002 -0.29533 0.50383 0.16166 -0.27906 0.54346 0.16019 0.27528 0.55060 0.16152 0.29049 0.51662 0.17037 0.28915 0.52082 0.16485 0.29327 0.50886 0.16989 0.30568 0.46066 0.17119 0.30345 0.47262 0.16333 0.31109 0.41042 0.15844 -0.31116 0.40848 0.15986 -0.30979 0.42782 0.14975 -0.30647 0.44954 0.15689 -0.30161 0.47767 0.16241 -0.29770 0.49424 0.15901 -0.28621 0.52749 0.15638 -0.28319 0.53421 0.15849 0.28087 0.53934 0.16009 0.28463 0.53105 0.16338 0.28800 0.52329 0.16598 0.29844 0.49225 0.16238 0.29633 0.49886 0.16200 0.30036 0.48389 0.15655 0.30631 0.45227 0.16347 0.30274 0.47388 0.15437 0.30921 0.42719 0.16318 0.30796 0.44321 0.14710 -0.31024 0.41050 0.15226 -0.30933 0.42696 0.15398 -0.30861 0.43505 0.15307 -0.30770 0.44226 0.14829 -0.30250 0.47144 0.14685 -0.30041 0.48044 0.14270 -0.29361 0.50423 0.15498 -0.29415 0.50476 0.16335 -0.29397 0.50686 0.16282 -0.29197 0.51266 0.15214 -0.28520 0.52908 0.14818 -0.27577 0.54923 0.14992 0.27478 0.55088 0.14867 0.28014 0.53992 0.15477 0.28274 0.53505 0.15776 0.29049 0.51625 0.15419 0.30178 0.47587 0.15449 0.29838 0.48984 0.15717 0.30406 0.46569 0.15818 0.30297 0.47176 0.15124 0.30781 0.43942 0.15214 -0.30417 0.46445 0.13662 -0.30023 0.47849 0.15220 -0.29732 0.49355 0.14719 -0.28992 0.51595 0.15930 -0.28871 0.52105 0.14927 -0.28150 0.53741 0.14669 -0.27894 0.54256 0.15662 0.29163 0.51267 0.15552 0.28873 0.52044 0.13995 0.29728 0.49059 0.14810 0.30649 0.44801 0.14711 0.30467 0.45881 0.13765 0.30841 0.42456 0.14265 -0.30674 0.44427 0.14045 -0.30479 0.45648 0.14799 -0.30381 0.46492 0.14174 -0.30163 0.47388 0.14299 -0.30061 0.47873 0.14504 -0.29799 0.48954 0.14462 -0.29197 0.50975 0.14088 -0.28525 0.52737 0.14091 -0.27349 0.55304 0.15132 0.28471 0.52997 0.14549 0.28753 0.52208 0.15232 0.29458 0.50262 0.14524 0.29988 0.48185 0.14701 0.30850 0.43120 0.14164 -0.30885 0.42427 0.14206 -0.30552 0.45288 0.13874 -0.30166 0.47271 0.14375 -0.29584 0.49715 0.13866 -0.28702 0.52263 0.14451 -0.28198 0.53570 0.14434 -0.27493 0.55069 0.14206 0.27697 0.54596 0.13555 0.28110 0.53624 0.14205 0.27952 0.54073 0.13653 0.28637 0.52370 0.14340 0.28402 0.53055 0.13848 0.28996 0.51438 0.14804 0.29109 0.51269 0.14327 0.30207 0.47125 0.14301 0.30700 0.44206 0.14055 0.30576 0.44938 0.15045 0.30328 0.46775 0.13041 0.30894 0.41107 0.12907 -0.30799 0.42421 0.13373 -0.30702 0.43682 0.13279 -0.30785 0.42896 0.12811 -0.30519 0.44809 0.13766 -0.30533 0.45195 0.13776 -0.30292 0.46584 0.13818 -0.29893 0.48452 0.13356 -0.29409 0.50095 0.12503 -0.29025 0.51141 0.13445 -0.27518 0.54908 0.14303 -0.27566 0.54908 0.13790 0.27399 0.55150 0.13602 0.27711 0.54513 0.13967 0.29943 0.48239 0.13982 0.29334 0.50435 0.13332 0.30033 0.47636 0.14033 0.30041 0.47843 0.14241 0.30778 0.43512 0.13469 -0.30827 0.42611 0.12741 -0.30582 0.44337 0.12091 -0.30119 0.46882 0.12764 -0.30030 0.47527 0.13064 -0.29777 0.48728 0.13176 -0.29679 0.49116 0.13322 -0.29560 0.49580 0.13240 -0.29065 0.51167 0.13459 -0.28970 0.51470 0.12716 -0.28238 0.53256 0.13140 -0.28055 0.53731 0.13580 -0.27861 0.54215 0.13217 0.27521 0.54845 0.13272 0.27814 0.54260 0.12508 0.29753 0.48621 0.13161 0.30633 0.44015 0.13203 0.30352 0.45935 0.12635 0.30825 0.41777 0.12647 -0.30856 0.41414 0.12434 -0.30692 0.43209 0.13167 -0.29849 0.48464 0.12149 -0.29359 0.49998 0.12219 -0.29168 0.50648 0.12782 -0.28926 0.51496 0.12019 -0.28685 0.52019 0.12938 -0.28570 0.52462 0.12372 0.27382 0.55010 0.12742 0.27856 0.54089 0.12628 0.28610 0.52276 0.12165 0.28258 0.53089 0.13031 0.29168 0.50794 0.13066 0.28892 0.51608 0.12863 0.30191 0.46752 0.12416 0.30088 0.47149 0.12595 0.29954 0.47819 0.12362 0.30726 0.42688 0.11139 -0.30671 0.42375 0.11438 -0.30626 0.43137 0.11309 -0.30540 0.43822 0.11988 -0.30505 0.44489 0.12540 -0.30327 0.45923 0.11674 -0.30169 0.46488 0.12112 -0.29691 0.48772 0.11912 -0.27891 0.53940 0.12469 -0.27639 0.54548 0.11603 0.27582 0.54548 0.11859 0.27888 0.53912 0.12952 0.29464 0.49803 0.12046 0.29491 0.49516 0.12471 0.30232 0.46424 0.12050 0.29929 0.47774 0.11533 0.30578 0.43498 0.11709 0.30400 0.44982 0.12016 0.30842 0.40829 0.11141 -0.30754 0.41302 0.11269 -0.30184 0.46238 0.10732 -0.30010 0.46944 0.10875 -0.29637 0.48661 0.11045 -0.29161 0.50428 0.11347 -0.28728 0.51779 0.11830 -0.28167 0.53302 0.11235 0.27544 0.54597 0.11251 0.28692 0.51828 0.12219 0.28966 0.51243 0.11757 0.29802 0.48233 0.11228 0.29598 0.48884 0.12147 0.29263 0.50323 0.11813 0.30156 0.46601 0.11763 0.30041 0.47170 0.11656 0.30758 0.41721 0.12028 0.30275 0.45990 0.10233 -0.30639 0.41937 0.11029 -0.30283 0.45516 0.10127 -0.29623 0.48500 0.10854 -0.28892 0.51210 0.11257 -0.28285 0.52929 0.10642 -0.27859 0.53843 0.11029 -0.27420 0.54821 0.10826 0.27537 0.54564 0.11044 0.28205 0.53071 0.11328 0.29087 0.50700 0.11418 0.29343 0.49887 0.10872 0.30130 0.46327 0.11390 0.30072 0.46878 0.11199 0.29908 0.47571 0.10668 0.30681 0.41699 0.11270 0.30665 0.42486 0.10705 -0.30744 0.40995 0.10046 -0.30680 0.41167 0.10928 -0.30555 0.43472 0.10636 -0.30372 0.44725 0.10355 -0.30096 0.46351 0.10965 -0.29826 0.47891 0.10135 -0.29353 0.49534 0.11018 -0.29319 0.49885 0.09987 -0.28749 0.51490 0.10223 0.27349 0.54876 0.10603 0.27992 0.53535 0.11090 0.27816 0.53996 0.10154 0.30561 0.42580 0.10458 0.30429 0.44076 0.09365 -0.30567 0.41992 0.10308 -0.30509 0.43412 0.09121 -0.30155 0.45398 0.09489 -0.30065 0.46138 0.10189 -0.29769 0.47928 0.10183 -0.29743 0.48038 0.10447 -0.29253 0.49988 0.10141 -0.29061 0.50546 0.09780 -0.28782 0.51350 0.09310 -0.28563 0.51865 0.10337 -0.28089 0.53268 0.09656 -0.27665 0.54145 0.09765 -0.27431 0.54652 0.10225 0.27744 0.54041 0.10022 0.28107 0.53158 0.09836 0.28834 0.51161 0.10307 0.28469 0.52277 0.10442 0.29239 0.49992 0.10683 0.28971 0.50924 0.10161 0.29703 0.48133 0.10314 0.29494 0.49044 0.09895 0.30127 0.45914 0.10131 0.30074 0.46356 0.09718 0.29932 0.46907 0.10465 0.29927 0.47224 0.10492 0.30285 0.45190 0.09511 -0.30652 0.40939 0.09532 -0.30514 0.42753 0.09243 -0.29901 0.46931 0.09385 -0.29702 0.47925 0.08949 -0.28703 0.51396 0.09363 -0.28689 0.51541 0.10142 -0.28328 0.52621 0.09538 -0.27852 0.53701 0.09595 0.27833 0.53743 0.09447 0.29123 0.50159 0.08841 0.29605 0.48143 0.09470 0.29396 0.49178 0.09365 0.30264 0.44710 0.09138 -0.30596 0.41325 0.08908 -0.30488 0.42521 0.09717 -0.30352 0.44337 0.08466 -0.30207 0.44693 0.08107 -0.29717 0.47404 0.09010 -0.29398 0.49062 0.08916 -0.27708 0.53942 0.08640 -0.27466 0.54421 0.09229 0.27497 0.54423 0.08948 0.27141 0.55133 0.09010 0.27993 0.53257 0.08883 0.28715 0.51329 0.09420 0.28423 0.52237 0.09233 0.28839 0.51054 0.09556 0.30640 0.40834 0.08405 0.30482 0.41765 0.09234 0.30409 0.43396 0.08359 -0.30462 0.42251 0.07562 -0.30038 0.45359 0.08164 -0.30024 0.45764 0.08923 -0.29786 0.47394 0.07770 -0.29495 0.48278 0.08011 -0.29201 0.49532 0.08418 -0.29130 0.49894 0.07721 -0.28659 0.51247 0.08666 -0.28532 0.51835 0.08762 -0.27802 0.53683 0.08186 0.28027 0.53041 0.08586 0.29160 0.49817 0.09035 0.28938 0.50689 0.08206 0.29669 0.47659 0.08657 0.29384 0.49010 0.08624 0.30277 0.44183 0.08119 0.30144 0.44850 0.08717 0.29810 0.47152 0.07871 0.30314 0.43233 0.08851 0.30330 0.43892 0.08239 -0.30519 0.41321 0.08410 -0.30396 0.43052 0.08620 -0.30334 0.43785 0.07359 -0.30160 0.44366 0.07790 -0.29307 0.49053 0.08842 -0.28970 0.50533 0.07722 -0.28311 0.52227 0.07173 -0.27832 0.53333 0.07814 -0.27293 0.54671 0.08181 0.27204 0.54878 0.08272 0.27700 0.53827 0.08470 0.28344 0.52269 0.08357 0.28897 0.50651 0.08062 0.29548 0.48154 0.07795 0.29341 0.48906 0.08820 0.30014 0.46064 0.07951 -0.30311 0.43530 0.07731 -0.30262 0.43799 0.06372 -0.29966 0.45190 0.07679 -0.29759 0.47041 0.06819 -0.29465 0.48071 0.06884 -0.29131 0.49470 0.06742 -0.28935 0.50120 0.07700 -0.28880 0.50559 0.08375 -0.28043 0.53023 0.07351 -0.27411 0.54322 0.07031 0.27124 0.54879 0.07351 0.27621 0.53849 0.07385 0.28183 0.52475 0.07800 0.27885 0.53322 0.07874 0.28648 0.51291 0.08002 0.29803 0.46895 0.07351 0.29564 0.47800 0.07766 0.30049 0.45361 0.07846 0.29971 0.45873 0.07224 -0.30363 0.42247 0.07304 -0.30270 0.43350 0.06424 -0.29873 0.45799 0.07592 -0.29855 0.46456 0.06653 -0.29223 0.49032 0.06875 -0.28691 0.50956 0.06474 -0.28135 0.52463 0.07212 0.28577 0.51361 0.07325 0.28754 0.50858 0.06988 0.29779 0.46560 0.07215 0.30008 0.45286 0.06545 0.30354 0.41453 0.07282 -0.30439 0.41227 0.06531 -0.30243 0.42948 0.05949 -0.30107 0.43751 0.06629 -0.30137 0.44054 0.06834 -0.30044 0.44926 0.05418 -0.29683 0.46389 0.07199 -0.29662 0.47312 0.06041 -0.28596 0.51048 0.06323 -0.28368 0.51787 0.06438 -0.27907 0.53033 0.06153 -0.27119 0.54771 0.06207 0.27797 0.53250 0.06440 0.28204 0.52251 0.06658 0.28477 0.51527 0.06959 0.29152 0.49389 0.07472 0.28972 0.50166 0.06909 0.30250 0.43170 0.07073 0.30167 0.43998 0.06643 0.30284 0.42553 0.06488 -0.30381 0.41035 0.05658 -0.30211 0.42427 0.06523 -0.29814 0.46220 0.05577 -0.29440 0.47698 0.06412 -0.29047 0.49643 0.05296 -0.27911 0.52806 0.05796 -0.27742 0.53330 0.06522 0.27470 0.54082 0.06090 0.27497 0.53956 0.06289 0.27588 0.53789 0.05928 0.28681 0.50728 0.06419 0.29282 0.48694 0.06784 0.28754 0.50720 0.06172 0.29716 0.46549 0.05930 0.30170 0.43099 0.06137 0.30023 0.44507 0.06252 0.29857 0.45745 0.05139 -0.30202 0.42046 0.05415 -0.29165 0.48839 0.04495 -0.29149 0.48603 0.05729 -0.28802 0.50305 0.05177 -0.28183 0.52065 0.04634 -0.28024 0.52380 0.06101 0.27184 0.54621 0.05640 0.28128 0.52289 0.05670 0.27940 0.52806 0.06015 0.28399 0.51616 0.06174 0.28962 0.49848 0.05875 0.29506 0.47477 0.05885 0.30260 0.42079 0.04830 0.29998 0.43766 0.05125 -0.30241 0.41419 0.04499 -0.30128 0.42260 0.04877 -0.30092 0.43041 0.04612 -0.30001 0.43639 0.06263 -0.30037 0.44602 0.03905 -0.29519 0.46588 0.03794 -0.29359 0.47370 0.05201 -0.29271 0.48341 0.04883 -0.28934 0.49584 0.05479 -0.28898 0.49889 0.04317 -0.28172 0.51887 0.05365 -0.27655 0.53458 0.05890 -0.27468 0.53970 0.04680 -0.27099 0.54581 0.05100 0.27853 0.52896 0.05222 0.28451 0.51258 0.05348 0.29098 0.49084 0.05068 0.28800 0.50087 0.05677 0.28829 0.50187 0.05442 0.29695 0.46299 0.05520 0.29281 0.48394 0.05003 0.30179 0.42100 0.04886 0.30106 0.42815 0.05367 0.30262 0.41427 0.03632 -0.30131 0.41080 0.03666 -0.30088 0.41814 0.04297 -0.30046 0.42984 0.04938 -0.29849 0.45079 0.04313 -0.29667 0.45948 0.04593 -0.28814 0.49936 0.05124 -0.28582 0.50850 0.05358 -0.28386 0.51522 0.04461 -0.27733 0.53092 0.04336 -0.27463 0.53705 0.04540 0.27072 0.54583 0.04172 0.27503 0.53559 0.05340 0.27415 0.53979 0.04611 0.28159 0.51971 0.05265 0.29861 0.45150 0.03817 0.30053 0.42214 0.03340 -0.30075 0.41604 0.03565 -0.30104 0.41504 0.03870 -0.29683 0.45605 0.03946 -0.29204 0.48168 0.03773 -0.29090 0.48611 0.03340 -0.28933 0.49082 0.04027 -0.28840 0.49643 0.04017 -0.28580 0.50549 0.03627 0.26981 0.54631 0.04108 0.27883 0.52615 0.04059 0.28455 0.50937 0.04564 0.29198 0.48376 0.04647 0.28991 0.49265 0.04369 0.29689 0.45765 0.04486 0.29480 0.46999 0.04321 0.30188 0.41031 0.03325 0.29869 0.43722 0.03103 -0.29866 0.43653 0.02844 -0.29628 0.45338 0.03301 -0.29547 0.46115 0.02748 -0.29081 0.48226 0.02757 -0.28682 0.49822 0.03741 -0.28294 0.51382 0.02671 -0.27900 0.52250 0.02588 -0.27630 0.52956 0.03237 -0.27150 0.54223 0.03520 -0.26911 0.54783 0.03200 0.27718 0.52849 0.03131 0.27513 0.53361 0.03390 0.27430 0.53597 0.03540 0.28066 0.51992 0.03212 0.28539 0.50439 0.03523 0.29057 0.48600 0.03830 0.28838 0.49560 0.04291 0.29839 0.44699 0.03443 0.29724 0.44979 0.03001 0.29458 0.46391 0.03524 0.29261 0.47673 0.02937 -0.29939 0.42781 0.03412 -0.29801 0.44433 0.03037 -0.29264 0.47518 0.03317 -0.29051 0.48604 0.02517 -0.28415 0.50655 0.02808 -0.28226 0.51338 0.03756 -0.27782 0.52814 0.02981 -0.27784 0.52653 0.02626 -0.27296 0.53766 0.02331 -0.26818 0.54778 0.02664 0.27347 0.53640 0.02991 0.28266 0.51261 0.03148 0.27925 0.52305 0.02613 0.28706 0.49653 0.03143 0.28915 0.49048 0.02892 0.29260 0.47420 0.03451 0.30107 0.40993 0.02227 0.29905 0.42225 0.02966 0.29764 0.44401 0.02475 -0.29962 0.41994 0.01500 -0.29611 0.44524 0.01449 -0.29487 0.45416 0.01898 -0.29491 0.45680 0.02136 -0.29431 0.46164 0.03115 -0.29310 0.47340 0.02854 -0.28951 0.48841 0.02012 -0.28752 0.49309 0.01647 -0.26867 0.54548 0.02501 0.26841 0.54728 0.02301 0.27156 0.54016 0.02550 0.28419 0.50649 0.02690 0.29038 0.48351 0.02422 0.29644 0.44904 0.02643 0.30033 0.40860 0.01831 -0.29757 0.43577 0.02534 -0.29276 0.47202 0.01865 -0.28893 0.48698 0.01683 -0.28456 0.50283 0.01622 -0.27516 0.53024 0.01080 -0.27082 0.53946 0.01754 -0.26739 0.54851 0.02752 0.27972 0.52068 0.01893 0.27700 0.52580 0.01384 0.28568 0.49731 0.02022 0.28445 0.50401 0.02342 0.29211 0.47408 0.01552 0.28965 0.48211 0.02058 0.28833 0.48967 0.02520 0.29764 0.44071 0.01683 0.29463 0.45660 0.01410 0.29925 0.40717 0.02199 0.29806 0.43383 0.02048 -0.29963 0.41383 0.00779 -0.29704 0.43103 0.00976 -0.29649 0.43826 0.01043 -0.29204 0.46855 0.00736 -0.28989 0.47775 0.01496 -0.28951 0.48285 0.01216 -0.28773 0.48945 0.01007 -0.28179 0.50985 0.01232 -0.27918 0.51825 0.01252 -0.27666 0.52545 0.01969 -0.27401 0.53391 0.01666 0.26913 0.54434 0.02050 0.27440 0.53296 0.01904 0.28138 0.51348 0.01619 0.28357 0.50572 0.01536 0.29239 0.46879 0.01572 0.29671 0.44074 0.01595 0.29573 0.44879 0.00768 0.29807 0.41735 0.00677 -0.29843 0.41143 0.01140 -0.29828 0.42057 0.00964 -0.29340 0.46056 0.00720 -0.28584 0.49493 0.00896 -0.28301 0.50573 0.00809 -0.26679 0.54791 0.01506 0.27917 0.51902 0.00513 0.28762 0.48678 0.00516 0.28503 0.49685 0.01190 0.28240 0.50814 0.00986 0.28927 0.48185 0.00563 0.29848 0.40746 0.01237 0.29759 0.42917 -0.00073 -0.29675 0.42487 -0.00030 -0.29522 0.44068 -0.00115 -0.29127 0.46660 -0.00051 -0.28991 0.47410 0.00747 -0.28410 0.50146 0.00566 -0.27602 0.52545 0.00272 -0.27290 0.53272 0.01643 0.27247 0.53660 0.00875 0.26888 0.54332 0.00483 0.29141 0.46904 0.00776 0.29003 0.47735 0.00271 0.28901 0.48005 0.00273 0.29695 0.42592 0.00410 0.29612 0.43567 0.00628 0.29471 0.44920 -0.00635 -0.29668 0.41874 -0.00761 -0.29698 0.41229 -0.00066 -0.29633 0.43022 0.00062 -0.29434 0.44825 0.00254 -0.29258 0.46139 -0.00139 -0.29279 0.45731 -0.00013 -0.28652 0.48933 0.00147 -0.28299 0.50343 -0.00212 -0.26867 0.54174 0.00263 0.26630 0.54785 0.00261 0.27242 0.53364 -0.00076 0.26905 0.54098 0.00811 0.27562 0.52680 0.00233 0.28184 0.50685 0.00963 0.27916 0.51739 0.00673 0.29303 0.46075 -0.00591 0.29107 0.46501 -0.00342 0.29470 0.44149 0.00017 0.29303 0.45686 -0.00721 -0.29532 0.43367 -0.00070 -0.29579 0.43555 -0.01015 -0.29311 0.44918 -0.00471 -0.28803 0.48102 -0.00399 -0.28315 0.50080 0.00122 -0.28179 0.50723 -0.00853 -0.27108 0.53462 -0.00694 -0.26765 0.54314 -0.01007 0.27056 0.53512 -0.00278 0.27648 0.52157 -0.00902 0.28153 0.50443 -0.00194 0.28820 0.48164 -0.00850 0.28613 0.48755 -0.00238 0.28440 0.49653 -0.01213 0.29134 0.45971 -0.00161 0.28978 0.47440 -0.00347 0.29743 0.40932 -0.00064 0.29707 0.42008 -0.00795 0.29569 0.42710 -0.01881 -0.29591 0.41084 -0.01585 -0.29576 0.41841 -0.01822 -0.29083 0.45877 -0.01511 -0.28972 0.46717 -0.01513 -0.28538 0.48793 -0.00544 -0.28457 0.49514 -0.01516 -0.28143 0.50299 -0.01073 -0.27968 0.51016 -0.00423 -0.27808 0.51685 -0.00411 -0.27458 0.52671 -0.00738 -0.26890 0.54009 -0.01102 -0.26539 0.54706 -0.01025 0.27723 0.51766 -0.00738 0.27914 0.51268 -0.00892 0.28821 0.47840 -0.00859 0.29279 0.45240 -0.00505 0.29018 0.47076 -0.01558 0.29446 0.43287 -0.01234 0.29388 0.44114 -0.01425 -0.29529 0.42623 -0.01883 -0.29373 0.43725 -0.01323 -0.29378 0.44180 -0.01175 -0.29111 0.46142 -0.01342 -0.28794 0.47721 -0.01171 -0.28374 0.49589 -0.01384 -0.28058 0.50634 -0.01823 -0.27645 0.51760 -0.02043 -0.27279 0.52706 -0.01757 -0.26745 0.54104 -0.01489 0.26583 0.54506 -0.01877 0.28150 0.50121 -0.01198 0.28358 0.49623 -0.01271 0.29312 0.44736 -0.01519 0.28884 0.47200 -0.00747 0.28961 0.47235 -0.02088 0.29560 0.40918 -0.02050 0.29461 0.42533 -0.02051 -0.28148 0.50088 -0.02631 -0.27804 0.51033 -0.03184 -0.27326 0.52268 -0.01553 -0.27098 0.53315 -0.03171 0.27113 0.52842 -0.02116 0.27136 0.53066 -0.02175 0.26769 0.53951 -0.01394 0.27478 0.52340 -0.01712 0.27810 0.51285 -0.02721 0.27952 0.50512 -0.02306 0.28374 0.49119 -0.01975 0.29250 0.44627 -0.02301 0.28998 0.46071 -0.02251 -0.29572 0.40781 -0.02220 -0.29470 0.42370 -0.01738 -0.29443 0.43223 -0.02683 -0.29175 0.44624 -0.03307 -0.29025 0.45290 -0.03122 -0.28955 0.45839 -0.02772 -0.28636 0.47764 -0.02706 -0.28457 0.48610 -0.02062 -0.28302 0.49524 -0.03822 -0.27513 0.51567 -0.02962 -0.26477 0.54440 -0.02883 0.27590 0.51596 -0.02249 0.27433 0.52234 -0.01860 0.28666 0.48079 -0.02938 0.28537 0.48148 -0.02523 0.28169 0.49832 -0.02212 0.29287 0.44184 -0.03164 0.29456 0.40936 -0.02980 0.29417 0.41876 -0.02619 0.29393 0.42701 -0.02251 0.29345 0.43591 -0.02841 -0.29487 0.41072 -0.02374 -0.29486 0.41938 -0.02564 -0.29363 0.43089 -0.03061 -0.28771 0.46922 -0.02583 -0.28316 0.49257 -0.02851 -0.28096 0.49971 -0.03321 -0.27675 0.51244 -0.03287 -0.27498 0.51773 -0.04424 -0.26695 0.53562 -0.03319 -0.26586 0.54125 -0.02918 0.26719 0.53888 -0.02655 0.26535 0.54382 -0.02629 0.26933 0.53455 -0.02607 0.28746 0.47322 -0.02592 0.29250 0.44132 -0.03550 0.29100 0.44406 -0.03058 -0.29390 0.42140 -0.02677 -0.29420 0.42373 -0.03646 -0.29029 0.45021 -0.04145 -0.28723 0.46566 -0.04524 -0.28459 0.47701 -0.03636 -0.28540 0.47793 -0.03573 -0.28153 0.49466 -0.03663 -0.27682 0.51100 -0.03853 -0.27312 0.52139 -0.04766 -0.26962 0.52814 -0.02763 -0.26810 0.53719 -0.03621 -0.26627 0.53952 -0.03454 0.26715 0.53761 -0.03633 0.27559 0.51476 -0.03408 0.27402 0.52001 -0.03242 0.28119 0.49730 -0.03106 0.28781 0.46872 -0.03738 0.28602 0.47430 -0.03165 0.29250 0.43541 -0.03993 0.29353 0.41161 -0.04037 -0.29150 0.43568 -0.03880 -0.29067 0.44519 -0.03961 -0.28901 0.45644 -0.04190 -0.28276 0.48688 -0.04052 -0.27836 0.50438 -0.04144 -0.26330 0.54495 -0.04155 0.26961 0.52966 -0.03741 0.26860 0.53346 -0.03341 0.27768 0.50917 -0.04006 0.27716 0.50855 -0.04307 0.27467 0.51523 -0.03952 0.27290 0.52149 -0.03523 0.27917 0.50360 -0.03628 0.28783 0.46541 -0.03173 0.29328 0.42759 -0.03639 0.29330 0.42115 -0.04355 -0.29249 0.42035 -0.04434 -0.29026 0.44361 -0.04556 -0.28926 0.45024 -0.05368 -0.28666 0.46117 -0.06072 -0.28017 0.48902 -0.05374 -0.27650 0.50575 -0.04637 -0.27219 0.52163 -0.04642 -0.26823 0.53217 -0.04080 0.26576 0.53924 -0.04142 0.28263 0.48762 -0.04386 0.27901 0.50064 -0.03987 0.28885 0.45658 -0.04238 0.29217 0.42568 -0.04672 0.28935 0.44787 -0.05788 -0.29137 0.41455 -0.05505 -0.29104 0.42360 -0.05703 -0.28982 0.43426 -0.05215 -0.28940 0.44341 -0.05242 -0.28502 0.47127 -0.04824 -0.27921 0.49831 -0.04764 -0.27806 0.50287 -0.04645 -0.27552 0.51165 -0.05004 -0.27314 0.51771 -0.04910 -0.26785 0.53240 -0.04919 0.26656 0.53498 -0.05071 0.27120 0.52257 -0.04981 0.27533 0.51072 -0.05428 0.28244 0.48254 -0.05479 0.28080 0.48946 -0.05313 0.27943 0.49550 -0.04746 0.28440 0.47682 -0.04868 0.29249 0.41284 -0.05510 0.28980 0.43517 -0.04908 0.28816 0.45485 -0.05776 -0.28900 0.44150 -0.05564 -0.28794 0.45155 -0.05690 -0.28508 0.46845 -0.05624 -0.28402 0.47445 -0.05702 -0.28310 0.47817 -0.05354 -0.27988 0.49356 -0.06067 -0.27299 0.51444 -0.05025 -0.26245 0.54471 -0.04761 0.26289 0.54400 -0.06025 0.26972 0.52380 -0.05704 0.27662 0.50386 -0.05644 0.28713 0.45625 -0.06303 0.28505 0.46413 -0.04838 0.28649 0.46533 -0.06250 -0.29047 0.42095 -0.06171 -0.29021 0.42489 -0.06181 -0.28471 0.46738 -0.06197 -0.28351 0.47355 -0.07051 -0.28053 0.48280 -0.06364 -0.27710 0.49968 -0.05720 -0.26838 0.52874 -0.05980 -0.26627 0.53323 -0.05591 -0.26254 0.54297 -0.05670 0.26145 0.54471 -0.05947 0.26668 0.53188 -0.06154 0.27770 0.49851 -0.06262 0.28216 0.47942 -0.06528 0.27975 0.48864 -0.06043 0.28749 0.45091 -0.06430 0.28647 0.45466 -0.05676 0.28405 0.47349 -0.05764 0.29124 0.41434 -0.06770 0.28966 0.42090 -0.05540 0.28837 0.44827 -0.06198 -0.29128 0.40952 -0.06797 -0.28963 0.42338 -0.06397 -0.28770 0.44618 -0.06298 -0.28651 0.45556 -0.07799 -0.28135 0.47471 -0.06819 -0.27967 0.48783 -0.06505 -0.27816 0.49521 -0.07056 -0.27218 0.51352 -0.07665 -0.26963 0.51883 -0.06022 -0.26973 0.52407 -0.06127 -0.26781 0.52903 -0.06748 -0.26125 0.54267 -0.06742 0.26823 0.52569 -0.06768 0.26559 0.53248 -0.06561 0.27204 0.51529 -0.06624 0.27768 0.49667 -0.06876 0.27563 0.50264 -0.06896 -0.29046 0.40945 -0.06733 -0.28815 0.43917 -0.07705 -0.28658 0.44270 -0.07053 -0.28585 0.45412 -0.07054 -0.28442 0.46288 -0.06778 -0.28355 0.46984 -0.07648 -0.28049 0.47993 -0.07104 -0.27713 0.49640 -0.07105 -0.27492 0.50445 -0.06902 -0.27405 0.50812 -0.07744 -0.27194 0.51169 -0.06692 -0.26684 0.52974 -0.06792 -0.26374 0.53705 -0.06812 0.26243 0.53983 -0.06916 0.26968 0.52123 -0.07194 0.27357 0.50839 -0.07211 0.28067 0.48067 -0.06144 0.27905 0.49356 -0.06775 0.28736 0.44490 -0.06576 0.28308 0.47312 -0.07004 -0.28858 0.43218 -0.07330 -0.28616 0.44973 -0.07459 -0.27817 0.49077 -0.07557 -0.27316 0.50860 -0.07644 -0.26663 0.52720 -0.07544 -0.26353 0.53534 -0.07792 0.26062 0.54146 -0.07494 0.26885 0.52154 -0.07738 0.26448 0.53230 -0.06636 0.27854 0.49336 -0.06995 0.27751 0.49548 -0.07487 0.27434 0.50461 -0.07153 0.28772 0.43861 -0.07535 0.28459 0.45794 -0.06927 0.28843 0.43370 -0.07925 -0.28848 0.42067 -0.07526 -0.28845 0.42719 -0.08237 -0.28706 0.43278 -0.08899 -0.26029 0.53911 -0.07983 0.26230 0.53714 -0.07743 0.27263 0.50920 -0.07502 0.27078 0.51598 -0.07418 0.28267 0.46979 -0.08454 0.27946 0.47911 -0.07712 0.28833 0.42483 -0.07798 0.28910 0.41246 -0.08396 0.28811 0.41734 -0.08595 -0.28834 0.41062 -0.08958 -0.28653 0.42932 -0.08821 -0.28638 0.43299 -0.08574 -0.28594 0.43961 -0.08103 -0.28460 0.45373 -0.09565 -0.27891 0.47580 -0.08204 -0.28023 0.47806 -0.07954 -0.27842 0.48728 -0.08121 -0.27569 0.49724 -0.08000 -0.27367 0.50492 -0.08714 -0.26644 0.52423 -0.08217 -0.25948 0.54285 -0.08448 0.26125 0.53826 -0.08853 0.26704 0.52171 -0.08229 0.27343 0.50462 -0.08084 0.27007 0.51592 -0.07977 0.27579 0.49691 -0.09361 0.27217 0.50387 -0.08412 0.27364 0.50319 -0.08386 0.28203 0.46695 -0.07828 0.28708 0.43661 -0.08696 -0.28781 0.41752 -0.09319 -0.28674 0.42126 -0.09172 -0.28554 0.43667 -0.09008 -0.28166 0.46478 -0.08218 -0.27931 0.48207 -0.09062 -0.27562 0.49294 -0.08728 -0.27428 0.49968 -0.09503 -0.27255 0.50234 -0.09190 -0.27130 0.50798 -0.08955 -0.26756 0.52030 -0.10209 -0.26476 0.52356 -0.08848 0.26304 0.53252 -0.09239 0.25967 0.53949 -0.08812 0.25970 0.54087 -0.08613 0.27155 0.50921 -0.09363 0.27561 0.49105 -0.08640 0.27342 0.50292 -0.09209 0.28241 0.45885 -0.09218 0.28739 0.41237 -0.08841 0.28687 0.42594 -0.09242 0.28518 0.43803 -0.08319 0.28513 0.44774 -0.08598 0.28842 0.40859 -0.09783 -0.28703 0.40801 -0.09921 -0.28641 0.41544 -0.09152 -0.28456 0.44489 -0.09535 -0.28263 0.45489 -0.08636 -0.27961 0.47837 -0.09459 -0.27737 0.48362 -0.09332 -0.26915 0.51413 -0.09246 -0.26293 0.53161 -0.10362 -0.25793 0.54023 -0.09723 0.26550 0.52310 -0.09203 0.26972 0.51255 -0.09860 0.27591 0.48759 -0.09360 0.28003 0.47119 -0.09526 0.27775 0.48131 -0.10052 0.28589 0.41862 -0.09462 -0.28472 0.44080 -0.10467 -0.27876 0.47058 -0.10818 -0.27534 0.48479 -0.10372 -0.27459 0.49051 -0.09777 -0.27349 0.49776 -0.09774 -0.27032 0.50881 -0.10920 -0.26753 0.51280 -0.10485 -0.26184 0.53045 -0.10363 -0.26053 0.53413 -0.09909 0.26213 0.53133 -0.09911 0.25854 0.54004 -0.10249 0.27136 0.50282 -0.10182 0.27616 0.48475 -0.09897 0.27328 0.49762 -0.10438 0.27971 0.46554 -0.09588 0.28568 0.42910 -0.09457 0.28363 0.44863 -0.10914 -0.28525 0.41329 -0.10626 -0.28483 0.42393 -0.09945 -0.28505 0.43149 -0.09974 -0.28411 0.44011 -0.10675 -0.28211 0.44844 -0.10946 -0.27955 0.46260 -0.10996 -0.27663 0.47776 -0.10630 -0.27238 0.49767 -0.10162 -0.26915 0.51099 -0.10608 -0.26630 0.51777 -0.10749 0.25984 0.53443 -0.09787 0.26791 0.51584 -0.10602 0.26633 0.51740 -0.10225 0.26490 0.52298 -0.10242 0.26930 0.50972 -0.10291 0.27776 0.47667 -0.10092 0.28219 0.45327 -0.10211 0.28124 0.45859 -0.10297 0.28459 0.43084 -0.11437 -0.28501 0.40632 -0.11168 -0.28204 0.44440 -0.12147 -0.27575 0.47440 -0.10787 -0.27338 0.49333 -0.10508 -0.26999 0.50667 -0.11283 -0.26150 0.52856 -0.10480 0.25771 0.54034 -0.10811 0.25668 0.54187 -0.10684 0.27294 0.49480 -0.10503 0.28294 0.44334 -0.11120 0.28056 0.45499 -0.11207 0.28510 0.40751 -0.11106 0.28441 0.42082 -0.11249 -0.28267 0.43775 -0.11586 -0.28115 0.44702 -0.11900 -0.27945 0.45578 -0.11808 -0.27758 0.46754 -0.12081 -0.27353 0.48523 -0.11171 -0.27311 0.49226 -0.11884 -0.26627 0.51265 -0.11546 -0.26244 0.52511 -0.12859 -0.25917 0.52885 -0.11431 -0.25659 0.54020 -0.11121 0.25724 0.53944 -0.10928 0.26253 0.52683 -0.11484 0.25962 0.53235 -0.11120 0.25978 0.53339 -0.11056 0.26803 0.51008 -0.11145 0.26492 0.51932 -0.10922 0.27539 0.48360 -0.11601 0.27677 0.47267 -0.11375 0.27886 0.46334 -0.11542 0.28290 0.43148 -0.12013 -0.28296 0.42440 -0.12680 -0.28104 0.43535 -0.12389 -0.28030 0.44505 -0.12494 -0.27702 0.46556 -0.11815 -0.27270 0.49042 -0.12145 -0.27052 0.49705 -0.11834 -0.26850 0.50563 -0.12749 -0.26532 0.51182 -0.12000 -0.26394 0.51911 -0.11515 -0.25856 0.53511 -0.12192 0.25608 0.53837 -0.12112 0.26646 0.51055 -0.11861 0.26249 0.52313 -0.12175 0.27283 0.48723 -0.12125 0.26956 0.50017 -0.11481 0.26937 0.50392 -0.12792 0.27448 0.47623 -0.11958 0.28108 0.44300 -0.12038 0.27991 0.45126 -0.11869 0.28399 0.41286 -0.12010 -0.28378 0.41390 -0.13153 -0.28123 0.42733 -0.12225 -0.27975 0.45099 -0.12478 -0.27813 0.45937 -0.12606 -0.27575 0.47165 -0.13052 -0.26776 0.50229 -0.13608 -0.26248 0.51678 -0.12189 -0.25547 0.54034 -0.12994 0.27282 0.48283 -0.12932 0.28169 0.42429 -0.12444 0.28146 0.43409 -0.13566 0.27967 0.43594 -0.12004 0.28327 0.42073 -0.12273 -0.28391 0.40579 -0.13597 -0.27877 0.44388 -0.13152 -0.27764 0.45642 -0.13231 -0.27640 0.46357 -0.12913 -0.27258 0.48430 -0.12393 -0.27161 0.49163 -0.12419 -0.26881 0.50195 -0.12753 -0.26394 0.51615 -0.13117 -0.26105 0.52288 -0.14663 -0.25440 0.53420 -0.12837 0.25910 0.52874 -0.13323 0.25553 0.53619 -0.12840 0.25460 0.54003 -0.13016 0.26267 0.51830 -0.13524 0.27088 0.48802 -0.12780 0.27630 0.46701 -0.12873 0.28270 0.41181 -0.12724 0.27944 0.44771 -0.13653 -0.28196 0.40649 -0.13156 -0.28189 0.41863 -0.13408 -0.28117 0.42426 -0.14049 -0.27626 0.45743 -0.14301 -0.27513 0.46201 -0.13596 -0.27603 0.46282 -0.13774 -0.27480 0.46811 -0.13288 -0.27434 0.47386 -0.13120 -0.27041 0.49208 -0.13778 -0.25771 0.52936 -0.13294 -0.25412 0.53961 -0.14116 0.25262 0.54034 -0.13913 0.26186 0.51719 -0.13164 0.26601 0.50748 -0.13489 0.26373 0.51345 -0.14717 0.27001 0.48453 -0.12359 0.27834 0.45842 -0.13818 0.27473 0.46774 -0.13678 0.28140 0.41455 -0.14668 -0.27969 0.41940 -0.13851 -0.28031 0.42659 -0.13717 -0.27973 0.43450 -0.14751 -0.27571 0.45417 -0.14700 -0.27175 0.47670 -0.14160 -0.27082 0.48413 -0.14041 -0.26311 0.51312 -0.14555 -0.26219 0.51366 -0.15376 -0.25945 0.51806 -0.13567 -0.25850 0.52816 -0.13857 0.25607 0.53317 -0.13917 0.25490 0.53585 -0.13298 0.26911 0.49608 -0.14242 0.26592 0.50270 -0.13848 0.27260 0.47832 -0.13688 0.26957 0.49253 -0.13731 0.27781 0.44922 -0.13471 0.27659 0.45991 -0.14671 0.27979 0.41742 -0.14554 -0.28044 0.41145 -0.14184 -0.27855 0.43928 -0.14653 -0.27723 0.44426 -0.14150 -0.26428 0.50874 -0.14166 -0.25841 0.52593 -0.13840 0.25842 0.52696 -0.14351 0.25518 0.53350 -0.13922 0.26400 0.51068 -0.14498 0.25976 0.52076 -0.14586 0.27172 0.47777 -0.14242 0.27818 0.44131 -0.14651 0.27521 0.45782 -0.14460 0.27431 0.46519 -0.15317 -0.27950 0.40842 -0.15034 -0.27771 0.43544 -0.15993 -0.27456 0.44956 -0.14960 -0.27283 0.46947 -0.14874 -0.27046 0.48157 -0.14589 -0.26688 0.49738 -0.15440 -0.26376 0.50426 -0.15298 -0.26209 0.51056 -0.15163 -0.26116 0.51414 -0.15309 -0.25724 0.52456 -0.15548 -0.25506 0.52929 -0.15296 0.25207 0.53739 -0.15006 0.25675 0.52687 -0.14803 0.26209 0.51246 -0.14977 0.25943 0.51972 -0.14298 0.26857 0.49293 -0.14989 0.27259 0.47020 -0.14992 0.27113 0.47775 -0.14771 0.26871 0.48978 -0.15129 0.27665 0.44299 -0.14646 0.27819 0.43633 -0.15658 -0.27761 0.42773 -0.15960 -0.27664 0.43354 -0.16108 -0.27592 0.43809 -0.16027 -0.27559 0.44161 -0.15500 -0.27479 0.45340 -0.15917 -0.27227 0.46474 -0.15770 -0.26890 0.48249 -0.15924 -0.26651 0.49129 -0.16267 -0.25578 0.52447 -0.15569 -0.25202 0.53675 -0.15809 0.25578 0.52621 -0.15615 0.25882 0.51857 -0.15246 0.26730 0.49239 -0.14807 0.26665 0.49737 -0.14977 0.27855 0.42774 -0.15559 0.27502 0.45045 -0.15531 0.27850 0.41935 -0.16225 -0.27737 0.42075 -0.16648 -0.27598 0.42979 -0.16610 -0.27540 0.43610 -0.15774 -0.27387 0.45658 -0.16172 -0.27015 0.47393 -0.16077 -0.26435 0.49881 -0.15919 -0.26210 0.50748 -0.15533 -0.26072 0.51377 -0.16980 -0.25704 0.51782 -0.15619 0.25427 0.53093 -0.15953 0.26161 0.50845 -0.15967 0.26449 0.49861 -0.15222 0.26473 0.50181 -0.16120 0.27114 0.46908 -0.15646 0.27121 0.47264 -0.15540 0.26843 0.48606 -0.16047 0.27736 0.42374 -0.15458 0.27739 0.43261 -0.16552 0.27585 0.43137 -0.16436 0.27466 0.44317 -0.15632 0.27886 0.41202 -0.15568 0.27877 0.41522 -0.16918 -0.27730 0.40596 -0.16858 -0.27691 0.41407 -0.17055 -0.27579 0.42523 -0.16658 -0.27191 0.46048 -0.16482 -0.27057 0.46957 -0.16953 -0.26767 0.48009 -0.16495 -0.26233 0.50368 -0.16314 -0.26009 0.51189 -0.16207 -0.25890 0.51605 -0.16254 -0.25147 0.53549 -0.16275 0.25262 0.53236 -0.16484 0.25632 0.52173 -0.16220 0.25910 0.51508 -0.16300 0.26622 0.49007 -0.17126 0.27070 0.46304 -0.15807 0.26974 0.47834 -0.16324 0.27780 0.41243 -0.16228 0.27305 0.45663 -0.17579 -0.27530 0.42125 -0.17393 -0.27423 0.43570 -0.17089 -0.27385 0.44270 -0.17177 -0.27185 0.45601 -0.17269 -0.26815 0.47571 -0.16632 -0.26325 0.49983 -0.17623 -0.25949 0.50714 -0.16736 -0.25266 0.53071 -0.16895 -0.25120 0.53380 -0.17091 0.25255 0.52922 -0.16851 0.26212 0.50196 -0.17034 0.26695 0.48235 -0.17721 0.27137 0.45314 -0.17345 0.27578 0.41870 -0.17875 0.27386 0.43131 -0.17400 -0.27227 0.45090 -0.17511 -0.27049 0.46131 -0.16682 -0.27112 0.46497 -0.17296 -0.26954 0.46835 -0.17563 -0.26512 0.48674 -0.17269 -0.26271 0.49792 -0.17278 -0.25839 0.51246 -0.18585 -0.25352 0.52041 -0.17758 -0.25286 0.52591 -0.17646 -0.24955 0.53471 -0.17113 0.24944 0.53684 -0.17714 0.25082 0.53101 -0.17323 0.25078 0.53292 -0.16753 0.25914 0.51227 -0.17550 0.25581 0.51815 -0.17304 0.25928 0.50905 -0.16952 0.26918 0.47267 -0.17592 0.27281 0.44385 -0.18457 -0.27089 0.44896 -0.18237 -0.26992 0.45775 -0.17832 -0.26752 0.47450 -0.17876 -0.26650 0.47889 -0.18667 -0.26146 0.49433 -0.18984 -0.25859 0.50272 -0.18144 -0.25673 0.51320 -0.18599 0.25567 0.51379 -0.17496 0.26369 0.49256 -0.17960 0.25959 0.50444 -0.17874 0.26709 0.47575 -0.17993 0.26492 0.48456 -0.19047 0.27070 0.44263 -0.17998 0.27007 0.45901 -0.17547 0.27491 0.42599 -0.17926 -0.27401 0.42972 -0.18765 -0.27152 0.44018 -0.17962 -0.26944 0.46333 -0.18645 -0.25728 0.50895 -0.18403 -0.25268 0.52374 -0.18546 -0.24990 0.53028 -0.18460 0.25256 0.52327 -0.18931 0.26132 0.49284 -0.17885 0.26891 0.46655 -0.18955 0.26466 0.47881 -0.18488 0.27310 0.42973 -0.18601 0.27250 0.43337 -0.18677 0.27422 0.41178 -0.18282 -0.27477 0.41362 -0.19250 -0.27241 0.42453 -0.18928 -0.27222 0.43198 -0.18962 -0.27043 0.44654 -0.18554 -0.26806 0.46564 -0.18571 -0.26651 0.47347 -0.19136 -0.26256 0.48687 -0.19617 -0.26004 0.49393 -0.19308 -0.25958 0.49760 -0.18853 -0.25118 0.52568 -0.18896 -0.24737 0.53503 -0.18615 0.24811 0.53397 -0.18878 0.25347 0.51909 -0.18966 0.25805 0.50434 -0.19485 0.25510 0.51119 -0.19084 0.25400 0.51661 -0.18773 0.26714 0.46826 -0.18408 0.27362 0.42570 -0.18642 0.27010 0.45229 -0.18209 0.27418 0.42265 -0.19328 -0.27342 0.40941 -0.19737 -0.27235 0.41578 -0.19768 -0.27071 0.43349 -0.18993 -0.26919 0.45473 -0.19228 -0.26626 0.46925 -0.18671 -0.26481 0.48059 -0.20273 -0.24904 0.52479 -0.19466 -0.24826 0.53053 -0.19445 0.24649 0.53470 -0.19544 0.25114 0.52226 -0.19619 0.24858 0.52892 -0.19725 0.26216 0.48441 -0.18727 0.26883 0.45943 -0.19750 0.26553 0.46838 -0.18924 0.27301 0.42273 -0.19718 0.27131 0.42689 -0.19032 0.27004 0.44855 -0.20095 -0.27211 0.41088 -0.20184 -0.27130 0.42020 -0.20120 -0.27062 0.42907 -0.19631 -0.26871 0.45081 -0.19530 -0.26703 0.46219 -0.19890 -0.26361 0.47658 -0.19814 -0.25835 0.49898 -0.19678 -0.25417 0.51308 -0.20196 -0.24666 0.53140 -0.19906 0.24797 0.52923 -0.19751 0.25353 0.51464 -0.19909 0.25758 0.50073 -0.19890 0.25568 0.50736 -0.20032 0.25994 0.49142 -0.19616 0.25974 0.49492 -0.19654 0.26731 0.45935 -0.19446 0.27300 0.41228 -0.20675 0.26940 0.43106 -0.20573 -0.27025 0.42499 -0.20687 -0.26820 0.44181 -0.21194 -0.26558 0.45430 -0.20346 -0.26637 0.45829 -0.21374 -0.26090 0.47774 -0.20956 -0.25990 0.48515 -0.20340 -0.25818 0.49628 -0.20750 -0.25067 0.51811 -0.20148 0.24561 0.53409 -0.20477 0.25115 0.51793 -0.20717 0.25593 0.50179 -0.20131 0.26345 0.47562 -0.19431 0.26907 0.45058 -0.20589 0.26576 0.45938 -0.20369 0.27159 0.41000 -0.20225 0.26889 0.44212 -0.20952 -0.27036 0.41532 -0.20977 -0.26388 0.46620 -0.22450 -0.25874 0.47949 -0.20227 -0.26021 0.48901 -0.20517 -0.25573 0.50363 -0.21350 -0.25136 0.51302 -0.20813 0.24777 0.52558 -0.21270 0.25736 0.49326 -0.20274 0.25405 0.51028 -0.21231 0.26261 0.47051 -0.20906 0.26070 0.48206 -0.20640 0.26723 0.44934 -0.20631 0.26436 0.46683 -0.20616 0.27038 0.42136 -0.20765 -0.26921 0.43232 -0.21368 -0.26786 0.43552 -0.21885 -0.26557 0.44692 -0.22152 -0.26079 0.47218 -0.21269 -0.25685 0.49507 -0.22385 -0.25024 0.51106 -0.21963 0.24621 0.52449 -0.21342 0.25111 0.51369 -0.21514 0.24865 0.52007 -0.22457 0.25480 0.49513 -0.22481 0.25997 0.47287 -0.21205 0.26850 0.43206 -0.21214 0.26576 0.45283 -0.21638 0.26894 0.41888 -0.21893 -0.26774 0.42791 -0.22034 -0.26625 0.43959 -0.22444 -0.26205 0.46284 -0.22114 -0.25741 0.48735 -0.21877 -0.25302 0.50488 -0.22557 -0.24798 0.51687 -0.21670 -0.24796 0.52125 -0.21638 -0.24364 0.53278 -0.21603 0.24398 0.53180 -0.22115 0.25245 0.50530 -0.21370 0.25441 0.50306 -0.21965 0.26237 0.46529 -0.21908 0.25849 0.48437 -0.21562 0.26827 0.42828 -0.21266 0.26785 0.43646 -0.21885 0.26583 0.44394 -0.21974 0.26802 0.42388 -0.22265 -0.26807 0.41682 -0.22805 -0.26676 0.42228 -0.23412 -0.26504 0.42920 -0.22651 -0.26569 0.43528 -0.22467 -0.26375 0.45245 -0.23225 -0.25917 0.47113 -0.23088 -0.25634 0.48510 -0.23586 -0.25698 0.47851 -0.23244 -0.25482 0.49004 -0.22806 -0.25348 0.49767 -0.22065 -0.24381 0.53025 -0.21975 0.24880 0.51738 -0.22612 0.24441 0.52621 -0.22271 0.25020 0.51158 -0.22124 0.25691 0.48954 -0.21985 0.25647 0.49227 -0.22137 0.26791 0.42204 -0.22349 0.26691 0.42790 -0.21641 0.26414 0.45812 -0.23244 -0.26652 0.41587 -0.23247 -0.26605 0.42202 -0.22425 -0.26499 0.44469 -0.22506 -0.26449 0.44730 -0.23646 -0.26090 0.45758 -0.23745 -0.25950 0.46474 -0.22797 -0.25904 0.47550 -0.23330 -0.24839 0.51156 -0.23729 -0.24531 0.51844 -0.22975 -0.24503 0.52298 -0.22848 0.24684 0.51829 -0.23161 0.25071 0.50483 -0.22910 0.25675 0.48436 -0.22714 0.26214 0.45907 -0.22914 0.26725 0.41146 -0.22332 0.26774 0.41959 -0.22777 0.26519 0.43693 -0.24596 -0.26454 0.41031 -0.23926 -0.26530 0.41681 -0.23611 -0.26552 0.42092 -0.23261 -0.26354 0.44416 -0.23414 -0.25522 0.48746 -0.22893 -0.25087 0.50618 -0.24093 -0.24162 0.52642 -0.23253 0.24208 0.52919 -0.23946 0.24707 0.51188 -0.23918 0.24940 0.50486 -0.23432 0.25739 0.47753 -0.23662 0.26172 0.45163 -0.23723 0.26008 0.46089 -0.22973 0.26368 0.44593 -0.24169 -0.26287 0.43728 -0.24691 -0.26120 0.44342 -0.24764 -0.25972 0.45264 -0.23946 -0.25973 0.46171 -0.24855 -0.25617 0.47162 -0.24282 -0.25184 0.49421 -0.24141 -0.24963 0.50285 -0.24451 -0.24662 0.51076 -0.23624 -0.24394 0.52283 -0.23808 0.24391 0.52164 -0.23417 0.25270 0.49663 -0.23547 0.25403 0.49077 -0.25084 0.25783 0.46009 -0.24027 0.25767 0.47098 -0.24455 0.26425 0.41515 -0.23655 0.26433 0.43032 -0.24307 -0.26423 0.42158 -0.24706 -0.26192 0.43773 -0.25074 -0.26001 0.44722 -0.24287 -0.25981 0.45765 -0.24548 -0.25867 0.46147 -0.24658 -0.25012 0.49809 -0.24132 0.24043 0.52922 -0.24259 0.24851 0.50575 -0.24417 0.25052 0.49782 -0.24402 0.25459 0.48216 -0.24593 0.26023 0.45078 -0.24840 -0.26239 0.43121 -0.25179 -0.26098 0.43841 -0.25916 -0.25883 0.44454 -0.25876 -0.25583 0.46388 -0.25195 -0.25471 0.47587 -0.24863 -0.25454 0.47922 -0.24005 -0.25447 0.48608 -0.25297 -0.24692 0.50495 -0.25265 -0.24547 0.50978 -0.25101 -0.24376 0.51564 -0.25642 -0.23840 0.52748 -0.24971 0.24263 0.51915 -0.24856 0.24644 0.50876 -0.25984 0.25563 0.46371 -0.25311 0.25518 0.47216 -0.25065 0.25440 0.47808 -0.25471 0.26095 0.43265 -0.24273 0.26195 0.44230 -0.26385 -0.26146 0.40948 -0.26225 -0.26113 0.41819 -0.25464 -0.26212 0.42263 -0.25614 -0.26129 0.42881 -0.25821 -0.26032 0.43416 -0.25384 -0.25764 0.45879 -0.25657 -0.25141 0.48622 -0.25919 -0.24986 0.49061 -0.25654 -0.24881 0.49617 -0.25526 -0.24103 0.52110 -0.25796 0.23863 0.52581 -0.25156 0.24448 0.51313 -0.25661 0.24708 0.50204 -0.25410 0.25116 0.48892 -0.26188 0.25441 0.46826 -0.25504 0.26298 0.40978 -0.25637 0.26224 0.41613 -0.25050 0.26051 0.44316 -0.25799 0.26249 0.40966 -0.26223 -0.26078 0.42294 -0.26209 -0.26034 0.42767 -0.26378 -0.25633 0.45578 -0.25728 -0.25344 0.47712 -0.26129 -0.24629 0.50195 -0.26340 -0.24128 0.51617 -0.26355 -0.23914 0.52207 -0.25548 0.24921 0.49546 -0.25544 0.25303 0.48021 -0.25957 0.24945 0.49184 -0.26544 0.25616 0.45464 -0.25751 0.25871 0.44705 -0.27044 -0.25608 0.44972 -0.26767 -0.25271 0.47142 -0.26747 -0.25105 0.47932 -0.26513 -0.24895 0.48985 -0.27341 -0.24479 0.49924 -0.26275 -0.24412 0.50803 -0.26702 0.23697 0.52574 -0.25632 0.24439 0.51067 -0.26479 0.24085 0.51627 -0.26268 0.24765 0.49624 -0.26207 0.24648 0.50080 -0.26602 0.25245 0.47392 -0.26495 0.26089 0.41491 -0.26700 0.25965 0.42492 -0.26635 0.25899 0.43274 -0.27086 -0.25806 0.43352 -0.27223 -0.25361 0.46253 -0.27157 -0.24913 0.48432 -0.26846 -0.24735 0.49352 -0.27464 -0.24034 0.51262 -0.26836 0.23889 0.52010 -0.26568 0.24969 0.48631 -0.27208 0.24687 0.49258 -0.28009 0.25096 0.46851 -0.27043 0.24838 0.48825 -0.26875 0.25769 0.43986 -0.26673 0.25707 0.44739 -0.27437 0.25937 0.41271 -0.26746 -0.25966 0.42457 -0.27356 -0.25634 0.44366 -0.27463 -0.25460 0.45437 -0.27374 -0.25418 0.45792 -0.27955 -0.24628 0.48957 -0.27318 -0.24272 0.50626 -0.28251 -0.24082 0.50655 -0.27237 -0.23801 0.52054 -0.27356 -0.23654 0.52397 -0.27371 0.23847 0.51831 -0.26625 0.24488 0.50324 -0.27969 0.24129 0.50645 -0.27494 0.24441 0.49938 -0.27133 0.25364 0.46300 -0.27755 0.24930 0.47856 -0.27333 0.24833 0.48621 -0.27387 0.25769 0.43207 -0.27520 0.25555 0.44727 -0.27175 0.25933 0.41944 -0.27679 -0.25823 0.42109 -0.28116 -0.25647 0.43099 -0.28572 -0.25456 0.43992 -0.28055 -0.25420 0.44970 -0.28407 -0.25218 0.45822 -0.28251 -0.24832 0.47879 -0.27789 -0.24803 0.48394 -0.28381 -0.24227 0.50114 -0.28220 -0.23643 0.51959 -0.27724 0.23526 0.52509 -0.28133 0.24684 0.48590 -0.28996 0.25103 0.45802 -0.28833 0.24999 0.46577 -0.28026 0.25745 0.42267 -0.27878 0.25464 0.44929 -0.28114 0.25841 0.40944 -0.28847 -0.25657 0.41598 -0.28674 -0.25639 0.42203 -0.29000 -0.25515 0.42821 -0.28437 -0.25057 0.46652 -0.28002 -0.24480 0.49490 -0.28681 -0.24305 0.49643 -0.28580 -0.23765 0.51412 -0.27777 -0.23548 0.52453 -0.28349 0.23420 0.52472 -0.28602 0.23667 0.51665 -0.28408 0.24255 0.49976 -0.28981 0.24712 0.47798 -0.28228 0.24417 0.49524 -0.27868 0.25407 0.45277 -0.28187 0.25792 0.41432 -0.29069 -0.25567 0.42212 -0.29330 -0.25150 0.45163 -0.29148 -0.25102 0.45698 -0.28835 -0.25072 0.46201 -0.29954 -0.24503 0.47906 -0.29478 -0.23681 0.51130 -0.28518 0.23908 0.51024 -0.29168 0.24156 0.49805 -0.28976 0.25666 0.41119 -0.29488 0.25454 0.42497 -0.28142 0.25440 0.44737 -0.30022 -0.25467 0.41253 -0.29679 -0.25298 0.43633 -0.29780 -0.25188 0.44337 -0.29614 -0.24949 0.46049 -0.29895 -0.24688 0.47106 -0.29415 -0.24300 0.49145 -0.30295 -0.23983 0.49659 -0.29284 -0.23996 0.50287 -0.29419 -0.23311 0.52196 -0.29009 0.23892 0.50777 -0.30314 0.23971 0.49682 -0.28834 0.24893 0.47105 -0.29967 0.24693 0.47015 -0.29820 0.24572 0.47708 -0.28481 0.25491 0.43822 -0.28719 0.25312 0.44840 -0.29683 -0.25455 0.42164 -0.29508 -0.24440 0.48528 -0.30460 -0.24147 0.48952 -0.30655 -0.23631 0.50579 -0.29841 0.23245 0.52151 -0.29825 0.23581 0.51236 -0.30153 0.24166 0.49092 -0.29436 0.24896 0.46513 -0.29490 0.24433 0.48539 -0.29837 0.25287 0.43444 -0.29825 0.25157 0.44451 -0.30015 0.25470 0.41219 -0.30386 -0.25243 0.42954 -0.30668 -0.25072 0.43934 -0.30641 -0.24946 0.44880 -0.30221 -0.24937 0.45452 -0.31212 -0.24705 0.45689 -0.30895 -0.24214 0.48357 -0.30704 -0.23214 0.51759 -0.30082 0.23412 0.51584 -0.30022 0.23820 0.50381 -0.30631 0.23549 0.50853 -0.30817 0.24209 0.48418 -0.30365 0.24800 0.46059 -0.31252 0.24552 0.46462 -0.30245 0.25350 0.42173 -0.30566 0.25235 0.42698 -0.29958 0.25440 0.41749 -0.31303 -0.25233 0.41164 -0.30717 -0.25267 0.42089 -0.31155 -0.25131 0.42660 -0.31446 -0.24764 0.45071 -0.30891 -0.24618 0.46513 -0.30973 -0.24496 0.47045 -0.31292 -0.24295 0.47680 -0.31291 -0.24201 0.48103 -0.31412 -0.23666 0.49988 -0.31244 -0.23594 0.50346 -0.31678 -0.23436 0.50555 -0.31215 -0.23360 0.51067 -0.30512 0.23362 0.51477 -0.31188 0.23657 0.50143 -0.31436 0.24205 0.47935 -0.31086 0.23960 0.49170 -0.30487 0.24919 0.45205 -0.31848 0.25065 0.41920 -0.30634 0.25118 0.43604 -0.30771 0.25294 0.41638 -0.31816 -0.24782 0.44449 -0.31746 -0.24498 0.46272 -0.32354 -0.24144 0.47411 -0.31976 -0.23813 0.49067 -0.31844 -0.23090 0.51470 -0.31012 0.23053 0.52039 -0.32139 0.23670 0.49447 -0.31726 0.24652 0.45378 -0.31220 0.25149 0.42331 -0.31559 0.25010 0.43012 -0.32309 -0.25046 0.41178 -0.31678 -0.25068 0.42278 -0.31770 -0.24948 0.43218 -0.32116 -0.24609 0.45209 -0.31931 -0.24345 0.46859 -0.31671 -0.24087 0.48252 -0.31501 0.23237 0.51241 -0.30872 0.24407 0.47520 -0.32130 0.24707 0.44527 -0.31297 0.24901 0.44278 -0.32587 -0.24939 0.41799 -0.33069 -0.24753 0.42718 -0.32951 -0.24636 0.43901 -0.33190 -0.24469 0.44749 -0.32821 -0.23904 0.48036 -0.32501 -0.23484 0.49859 -0.32819 -0.23129 0.50767 -0.32676 -0.22837 0.51693 -0.31737 0.22922 0.51990 -0.32586 0.23267 0.50474 -0.31957 0.23977 0.48432 -0.32101 0.24170 0.47496 -0.32667 0.24721 0.43644 -0.32897 0.24520 0.44766 -0.31973 0.24343 0.46809 -0.32920 0.24900 0.41449 -0.32667 0.24852 0.42506 -0.32326 -0.24917 0.42552 -0.32909 -0.24321 0.45966 -0.33412 -0.23585 0.48832 -0.32626 -0.23588 0.49426 -0.32679 0.22740 0.51941 -0.33701 0.23121 0.50222 -0.33033 0.23650 0.48863 -0.32248 0.24418 0.46147 -0.33123 0.24155 0.46575 -0.33207 0.24713 0.42857 -0.33741 0.24584 0.43074 -0.33086 -0.24869 0.41530 -0.33404 -0.24790 0.41688 -0.33227 -0.24530 0.44319 -0.33981 -0.24041 0.46342 -0.33438 -0.24008 0.47028 -0.34067 -0.23739 0.47677 -0.34242 -0.23539 0.48347 -0.33462 -0.23253 0.49966 -0.33472 -0.22746 0.51482 -0.33362 0.22906 0.51094 -0.33106 0.23282 0.50119 -0.33132 0.23883 0.47828 -0.33729 0.23381 0.49332 -0.33040 0.23410 0.49725 -0.32835 0.24391 0.45636 -0.34197 0.24013 0.46191 -0.34123 -0.24601 0.42174 -0.33577 -0.24480 0.44171 -0.34550 -0.24268 0.44294 -0.34630 -0.23727 0.47227 -0.33166 -0.23482 0.49403 -0.34011 -0.22955 0.50539 -0.33668 0.22647 0.51663 -0.34681 0.23150 0.49439 -0.34356 0.23801 0.47071 -0.34042 0.24198 0.45338 -0.33680 0.24772 0.41258 -0.33846 0.24658 0.42171 -0.34018 -0.24492 0.43379 -0.34424 -0.24120 0.45382 -0.34024 -0.24105 0.45958 -0.34729 -0.23834 0.46614 -0.34459 -0.22620 0.51267 -0.34157 0.22726 0.51144 -0.35660 0.23594 0.46822 -0.35033 0.23534 0.47690 -0.34076 0.24396 0.43996 -0.35170 0.24108 0.44475 -0.34087 0.24557 0.42735 -0.34619 0.24434 0.42856 -0.35105 -0.24452 0.41745 -0.34800 -0.24416 0.42705 -0.35003 -0.24287 0.43486 -0.35188 -0.24139 0.44330 -0.35722 -0.23992 0.44549 -0.34634 -0.23963 0.46060 -0.35074 -0.23508 0.47781 -0.34627 -0.23177 0.49390 -0.35244 -0.22705 0.50519 -0.35458 -0.22417 0.51251 -0.34991 0.22753 0.50518 -0.34301 0.23505 0.48415 -0.35469 0.23867 0.45554 -0.35186 0.23394 0.48158 -0.35535 0.24174 0.43515 -0.34834 0.24068 0.45185 -0.34296 0.24662 0.41121 -0.35668 -0.24239 0.42752 -0.35244 -0.24163 0.44079 -0.35798 -0.23740 0.45940 -0.35272 -0.23293 0.48478 -0.35940 -0.23016 0.48994 -0.35471 -0.23020 0.49345 -0.34784 0.22464 0.51502 -0.36211 0.22526 0.50422 -0.35599 0.23178 0.48665 -0.36495 0.23521 0.46371 -0.35636 0.24256 0.42639 -0.35288 0.24427 0.41581 -0.35767 -0.24376 0.41181 -0.35984 -0.24273 0.41835 -0.35642 -0.24135 0.43672 -0.36382 -0.23179 0.48001 -0.35814 -0.22827 0.49738 -0.36550 -0.22344 0.50763 -0.35765 -0.22498 0.50830 -0.35529 0.22319 0.51443 -0.36020 0.23325 0.47714 -0.35914 0.23032 0.48979 -0.36060 0.23650 0.46150 -0.36472 0.24147 0.42045 -0.35787 0.24076 0.43871 -0.36765 -0.24172 0.41219 -0.36574 -0.24095 0.42404 -0.36669 -0.23698 0.45193 -0.37273 -0.23255 0.46837 -0.35671 -0.23544 0.47059 -0.37040 -0.22988 0.48236 -0.37005 -0.22629 0.49545 -0.36548 0.22190 0.51185 -0.35916 0.22893 0.49442 -0.36674 0.22383 0.50563 -0.36701 0.23049 0.48267 -0.36255 0.22993 0.48850 -0.36976 0.23548 0.45685 -0.36114 0.24117 0.43035 -0.36126 0.24076 0.43373 -0.37718 -0.23973 0.41390 -0.37142 -0.24009 0.42155 -0.36427 -0.23997 0.43477 -0.37413 -0.23668 0.44402 -0.37145 -0.23500 0.45760 -0.37795 -0.22858 0.48097 -0.36964 -0.22901 0.48623 -0.37393 0.22013 0.51181 -0.37137 0.22762 0.48988 -0.36663 0.22650 0.49725 -0.36782 0.23359 0.46861 -0.37419 0.23629 0.44625 -0.36675 0.23948 0.43400 -0.37818 -0.23891 0.42001 -0.37429 -0.23856 0.42988 -0.38179 -0.23634 0.43553 -0.37282 -0.23573 0.45197 -0.38001 -0.23284 0.45955 -0.38441 -0.23103 0.46410 -0.38164 -0.23065 0.46891 -0.38192 -0.22967 0.47296 -0.37642 -0.22679 0.48907 -0.37827 -0.22203 0.50349 -0.37414 -0.22137 0.50832 -0.37875 -0.21855 0.51330 -0.37936 0.23175 0.46587 -0.37467 0.23090 0.47424 -0.38126 0.23646 0.43497 -0.37817 0.23466 0.45173 -0.37111 0.24102 0.41198 -0.38409 -0.23689 0.42766 -0.37915 -0.23425 0.45288 -0.38449 -0.22160 0.50068 -0.37443 0.22357 0.50112 -0.38029 0.21994 0.50840 -0.38321 0.22640 0.48502 -0.38009 0.22531 0.49140 -0.37331 0.23378 0.46215 -0.38335 0.23001 0.47011 -0.37698 0.22875 0.48115 -0.37673 0.23866 0.42428 -0.37798 0.23921 0.41638 -0.38283 -0.23850 0.41501 -0.38966 -0.23656 0.42048 -0.38672 -0.23439 0.44202 -0.38334 -0.23411 0.44844 -0.39249 -0.23131 0.45327 -0.39005 -0.22718 0.47610 -0.38147 -0.22613 0.48752 -0.38337 -0.22367 0.49456 -0.39283 -0.21898 0.50290 -0.37869 0.21841 0.51385 -0.38797 0.21995 0.50311 -0.38544 0.23239 0.45588 -0.38381 0.23807 0.41675 -0.38562 0.23711 0.42201 -0.39433 0.23440 0.43033 -0.38362 0.23413 0.44809 -0.38862 -0.23754 0.41254 -0.38953 -0.23515 0.43274 -0.38802 -0.22923 0.46913 -0.38551 -0.22702 0.48086 -0.38826 -0.22548 0.48433 -0.39662 -0.22191 0.49047 -0.38814 0.22763 0.47582 -0.39144 0.22522 0.48265 -0.39261 0.23253 0.44629 -0.38766 0.23763 0.41283 -0.39552 -0.23597 0.41434 -0.38995 -0.23580 0.42697 -0.39110 -0.22968 0.46369 -0.40478 -0.21681 0.50152 -0.40045 -0.21689 0.50437 -0.39541 0.21641 0.50872 -0.39065 0.22309 0.49095 -0.40141 0.22622 0.46951 -0.38797 0.23433 0.44072 -0.40185 0.23003 0.44959 -0.39124 0.22929 0.46549 -0.40070 -0.23419 0.42149 -0.39520 -0.23463 0.42758 -0.39853 -0.23270 0.43666 -0.40339 -0.23051 0.44464 -0.39814 -0.22737 0.46731 -0.39712 -0.22620 0.47371 -0.40261 -0.22415 0.47710 -0.40754 -0.22064 0.48654 -0.40604 -0.21860 0.49475 -0.40576 0.21522 0.50541 -0.40399 0.22334 0.47896 -0.40361 0.22712 0.46328 -0.40603 0.22482 0.47112 -0.40394 0.23139 0.43795 -0.39803 0.22930 0.45825 -0.40179 0.23410 0.42005 -0.40076 -0.23339 0.42830 -0.40710 -0.23207 0.42814 -0.41194 -0.22982 0.43724 -0.40347 -0.22966 0.44984 -0.40771 -0.22778 0.45510 -0.40938 -0.22510 0.46656 -0.40340 -0.22561 0.47029 -0.41010 -0.22259 0.47705 -0.40551 -0.21466 0.50734 -0.40188 0.22105 0.48947 -0.40594 0.22609 0.46581 -0.40668 0.23300 0.42135 -0.40799 0.23223 0.42533 -0.40327 -0.23442 0.41381 -0.41068 -0.23232 0.41957 -0.41131 -0.22790 0.45055 -0.41453 -0.21864 0.48813 -0.41914 -0.21182 0.50651 -0.40052 0.21891 0.49769 -0.41028 0.21407 0.50581 -0.40781 0.22738 0.45727 -0.40840 0.22644 0.46152 -0.40651 0.23373 0.41435 -0.41042 0.23257 0.41800 -0.41841 -0.22988 0.42664 -0.41070 -0.22859 0.44711 -0.41596 -0.22690 0.45047 -0.42128 -0.22441 0.45741 -0.41350 -0.22270 0.47335 -0.41403 -0.22078 0.48062 -0.41199 -0.21998 0.48553 -0.41069 0.21880 0.49041 -0.40857 0.21697 0.49824 -0.41853 0.22169 0.47269 -0.40969 0.22933 0.44379 -0.41404 0.22755 0.44892 -0.41410 0.22633 0.45560 -0.41955 0.23044 0.41988 -0.41908 -0.23067 0.41868 -0.42181 -0.22668 0.44408 -0.41863 0.21962 0.48108 -0.42320 0.21693 0.48714 -0.43009 0.22085 0.46504 -0.42785 0.21928 0.47418 -0.42223 0.21838 0.48293 -0.42503 0.22583 0.44487 -0.41776 0.22825 0.43949 -0.42700 -0.22929 0.41603 -0.42342 -0.22773 0.43476 -0.43350 -0.22495 0.43891 -0.42324 -0.22531 0.45044 -0.43033 -0.22111 0.46383 -0.43071 -0.22233 0.45756 -0.41984 -0.22284 0.46656 -0.42515 -0.22016 0.47306 -0.42156 -0.21463 0.49609 -0.43485 -0.20945 0.50260 -0.41579 0.21460 0.50029 -0.42484 0.21449 0.49418 -0.41413 0.22476 0.46321 -0.41968 0.22938 0.42835 -0.41933 0.22570 0.45279 -0.42376 0.22926 0.42252 -0.42420 -0.22924 0.42200 -0.43106 -0.22714 0.42702 -0.43354 -0.22299 0.45059 -0.42656 -0.21733 0.48286 -0.43525 -0.21729 0.47564 -0.43401 -0.21182 0.49606 -0.43480 -0.21269 0.49265 -0.42867 0.21161 0.50044 -0.43169 0.20966 0.50433 -0.42541 0.21823 0.48070 -0.44238 0.21921 0.45997 -0.43096 0.22811 0.41869 -0.43245 0.22595 0.43348 -0.43585 -0.22696 0.42029 -0.43955 -0.22294 0.44351 -0.43542 -0.21869 0.46967 -0.43617 -0.21589 0.48026 -0.43221 0.21415 0.48957 -0.43645 0.21618 0.47866 -0.42723 0.22419 0.45145 -0.44142 0.22519 0.42498 -0.43911 -0.22569 0.42514 -0.44043 -0.22347 0.43902 -0.43704 -0.22066 0.45881 -0.44153 -0.21832 0.46507 -0.44239 -0.21670 0.47140 -0.43849 -0.21390 0.48544 -0.43651 0.20903 0.50275 -0.43976 0.21112 0.49377 -0.43637 0.22359 0.44345 -0.43889 0.22133 0.45289 -0.44048 0.21804 0.46733 -0.44526 0.22547 0.41543 -0.44470 -0.22354 0.43187 -0.44464 -0.22229 0.44055 -0.44292 -0.21520 0.47692 -0.44839 -0.21347 0.47866 -0.45012 -0.21195 0.48279 -0.44479 -0.20860 0.49818 -0.45412 -0.20575 0.49991 -0.44950 0.20669 0.50030 -0.44243 0.21315 0.48481 -0.44864 0.21548 0.47034 -0.44176 0.22435 0.43102 -0.44399 0.22318 0.43571 -0.44347 -0.22525 0.42087 -0.45327 -0.22036 0.44047 -0.44587 -0.22090 0.44704 -0.44752 -0.21859 0.45708 -0.44605 -0.21022 0.49191 -0.45245 0.21015 0.48706 -0.44750 0.21786 0.46104 -0.44823 0.22323 0.42889 -0.45511 0.22089 0.43459 -0.44682 0.22154 0.44204 -0.45495 0.22341 0.41559 -0.44922 0.22392 0.42181 -0.45473 -0.22266 0.42208 -0.46239 -0.21970 0.43156 -0.45357 -0.21442 0.46982 -0.45400 -0.21239 0.47779 -0.46643 -0.20318 0.49889 -0.45847 0.20553 0.49749 -0.45352 0.21273 0.47674 -0.45912 0.20906 0.48562 -0.45540 0.21741 0.45425 -0.45211 0.21634 0.46319 -0.45670 0.22189 0.42494 -0.46643 -0.22021 0.42161 -0.45672 -0.21803 0.44936 -0.46561 -0.21582 0.45059 -0.46329 -0.21479 0.45820 -0.46176 -0.21362 0.46529 -0.46245 -0.20722 0.48905 -0.46071 0.20731 0.49014 -0.46366 0.20481 0.49593 -0.46077 0.21369 0.46604 -0.46067 0.21828 0.44348 -0.46122 0.21777 0.44555 -0.45980 0.21523 0.46017 -0.46342 0.22111 0.41960 -0.45594 0.21923 0.44380 -0.46614 -0.21713 0.44258 -0.46785 -0.21487 0.45293 -0.46880 -0.21150 0.46733 -0.46893 -0.20604 0.48801 -0.46787 0.20338 0.49723 -0.46328 0.21810 0.44089 -0.46878 0.21612 0.44476 -0.46137 0.21911 0.43725 -0.46765 -0.22046 0.41763 -0.47774 -0.21701 0.42694 -0.47451 -0.21643 0.43565 -0.46133 -0.21010 0.47969 -0.47187 -0.20415 0.49179 -0.46525 0.20891 0.48080 -0.46951 0.20664 0.48536 -0.47037 0.21354 0.45653 -0.47046 0.21199 0.46364 -0.46893 0.21843 0.43022 -0.46836 0.22060 0.41500 -0.47339 -0.21915 0.41802 -0.48201 -0.21511 0.43349 -0.47504 -0.21533 0.44156 -0.47643 -0.21351 0.44965 -0.47450 -0.21175 0.46050 -0.48451 -0.21004 0.45764 -0.47477 -0.21085 0.46441 -0.48019 -0.20695 0.47491 -0.46840 0.21091 0.47017 -0.47508 0.21315 0.45333 -0.48012 0.21046 0.46019 -0.47102 0.21932 0.42069 -0.47720 0.21351 0.44868 -0.48171 -0.21756 0.41612 -0.48169 -0.20903 0.46515 -0.47296 -0.20613 0.48431 -0.47871 -0.20420 0.48634 -0.48353 -0.20245 0.48826 -0.47154 0.20451 0.49084 -0.47668 0.20845 0.47216 -0.47787 0.21236 0.45397 -0.47637 0.21205 0.45723 -0.47718 0.21861 0.41542 -0.47629 0.21798 0.42215 -0.48691 0.21581 0.42047 -0.48969 -0.21509 0.42158 -0.48073 -0.21721 0.42071 -0.48250 -0.21408 0.43906 -0.49326 -0.21119 0.44167 -0.49489 -0.20901 0.45106 -0.49806 -0.20614 0.46103 -0.48740 -0.20315 0.48271 -0.48551 0.20136 0.49000 -0.48668 0.20697 0.46853 -0.49151 -0.21304 0.43296 -0.50495 -0.20603 0.45433 -0.49610 -0.20291 0.47601 -0.49326 -0.20053 0.48683 -0.48011 0.20554 0.48008 -0.49333 0.20790 0.45774 -0.48987 0.20496 0.47360 -0.48340 0.21430 0.43583 -0.48764 0.21153 0.44636 -0.48996 0.20977 0.45268 -0.49519 -0.21455 0.41646 -0.50978 -0.20656 0.44618 -0.49288 -0.20535 0.46949 -0.49392 -0.20124 0.48399 -0.49384 0.20249 0.47912 -0.49431 0.20014 0.48702 -0.49501 0.21189 0.43482 -0.49845 0.21050 0.43860 -0.49850 0.20909 0.44612 -0.50359 -0.21213 0.42072 -0.49734 -0.21265 0.42694 -0.49499 -0.21155 0.43746 -0.50062 -0.20892 0.44493 -0.50154 -0.19985 0.48236 -0.49857 0.20472 0.46617 -0.50594 0.20617 0.45217 -0.50442 0.20343 0.46598 -0.49573 0.21397 0.42002 -0.49773 0.21284 0.42466 -0.50303 -0.21074 0.43115 -0.49815 -0.21094 0.43683 -0.50463 -0.20902 0.43931 -0.50772 -0.20462 0.45792 -0.50883 -0.20149 0.46979 -0.50543 -0.20059 0.47637 -0.50545 0.20172 0.47158 -0.51043 0.20496 0.45328 -0.51056 0.20352 0.45933 -0.51251 -0.20265 0.46156 -0.51409 -0.19838 0.47678 -0.51452 0.19820 0.47665 -0.51546 0.20058 0.46676 -0.50998 0.20773 0.43927 -0.51401 0.20553 0.44628 -0.51125 0.20536 0.45055 -0.51240 0.21055 0.41774 -0.50363 0.20945 0.43789 -0.50981 -0.20990 0.42663 -0.51279 -0.20826 0.43273 -0.51184 -0.20736 0.43942 -0.51684 -0.20324 0.45441 -0.52159 0.20538 0.43765 -0.51342 0.20464 0.45150 -0.50661 0.21006 0.43003 -0.51893 -0.20859 0.42126 -0.52019 -0.20674 0.43168 -0.51862 -0.20597 0.43839 -0.52499 -0.19977 0.46128 -0.51800 -0.20046 0.46534 -0.51618 -0.19920 0.47198 -0.52366 0.20111 0.45638 -0.51748 0.20779 0.42897 -0.51515 0.20917 0.42353 -0.52634 -0.20761 0.41688 -0.53175 -0.20568 0.42191 -0.52587 -0.20300 0.44531 -0.53180 -0.19985 0.45390 -0.52346 -0.19811 0.46941 -0.51973 0.20370 0.44873 -0.52642 0.20227 0.44823 -0.52260 0.20793 0.42051 -0.52733 0.20586 0.42724 -0.52950 -0.20426 0.43372 -0.53475 -0.20166 0.44176 -0.53217 -0.19722 0.46481 -0.53521 0.19834 0.45678 -0.52613 0.19767 0.46823 -0.52736 0.20318 0.44254 -0.53471 0.20089 0.44547 -0.53481 0.20540 0.41930 -0.53480 -0.20553 0.41858 -0.53833 -0.19975 0.44726 -0.53594 -0.19736 0.46051 -0.54330 0.19461 0.46448 -0.53310 0.20347 0.43371 -0.53418 0.20455 0.42594 -0.53959 -0.20443 0.41867 -0.54067 -0.20276 0.42786 -0.54433 -0.19987 0.43959 -0.54622 -0.19642 0.45411 -0.54117 -0.19411 0.46844 -0.54494 0.19637 0.45578 -0.54125 0.20316 0.42465 -0.53962 0.20423 0.42023 -0.54806 -0.20206 0.42202 -0.55113 -0.20018 0.42939 -0.54497 -0.19826 0.44709 -0.54753 0.19516 0.45850 -0.54811 0.20110 0.42784 -0.54180 0.19836 0.45000 -0.54235 0.20384 0.41860 -0.55110 -0.20095 0.42497 -0.55592 -0.19754 0.43809 -0.54923 -0.19750 0.44608 -0.54662 0.19875 0.44264 -0.54891 0.19683 0.44955 -0.55159 0.20145 0.42059 -0.55508 -0.20047 0.42229 -0.55190 -0.19762 0.44256 -0.55349 -0.19270 0.46269 -0.54340 0.20104 0.43431 -0.55377 0.19892 0.43296 -0.55628 0.19625 0.44414 -0.55933 0.20016 0.41793 -0.55691 -0.20073 0.41797 -0.56092 -0.19313 0.45364 -0.55567 0.19406 0.45504 -0.56579 0.19546 0.43718 -0.56409 -0.19738 0.42874 -0.57130 -0.19498 0.43334 -0.56739 -0.19423 0.44160 -0.55570 -0.19601 0.44606 -0.56591 -0.19144 0.45615 -0.56660 0.19340 0.44676 -0.56223 0.19846 0.42458 -0.57596 -0.19634 0.41916 -0.57614 -0.19484 0.42820 -0.57144 -0.19087 0.45301 -0.56825 0.19390 0.44261 -0.56703 0.19197 0.45285 -0.57014 0.19615 0.42799 -0.57259 0.19284 0.44292 -0.57155 0.19228 0.44690 -0.57954 -0.19282 0.43514 -0.58213 -0.19024 0.44497 -0.58021 -0.18899 0.45261 -0.57686 0.19372 0.43331 -0.58381 0.19061 0.44121 -0.57443 0.19093 0.44994 -0.57558 0.19534 0.42572 -0.58568 -0.19334 0.42470 -0.58268 -0.19318 0.42952 -0.58961 -0.19005 0.43793 -0.58484 0.19384 0.42227 -0.58531 0.19199 0.43243 -0.59066 -0.19107 0.43138 -0.60031 -0.18670 0.44249 -0.59717 0.18729 0.44278 -0.59759 0.19126 0.42118 -0.59536 0.19006 0.43075 -0.59647 -0.18889 0.43606 -0.59612 -0.19094 0.42525 -0.60460 -0.18773 0.43260 -0.60499 -0.18958 0.42169 -0.61017 0.18667 0.43131 -0.60577 -0.18646 0.43794 -0.60777 0.18903 0.42113 -0.61755 -0.18729 0.41886 -0.61410 -0.18675 0.42653 -0.60999 -0.18550 0.43794 -0.62289 -0.18501 0.42541 -0.61727 -0.18487 0.43282 -0.61754 0.18438 0.43495 -0.62573 -0.18526 0.42033 -0.62999 -0.18243 0.43059 -0.62588 0.18222 0.43635 -0.61794 0.18684 0.42084 -0.62505 0.18450 0.42523 -0.62990 -0.18394 0.42258 1.08546 0.08847 0.48621 1.08062 -0.15661 0.46579 1.08494 -0.12145 0.47801 1.08540 -0.10509 0.48276 1.08546 -0.07047 0.48938 1.08546 0.03218 0.49288 1.08546 0.08317 0.48714 1.08546 0.06714 0.48963 1.08546 0.07121 0.48915 1.08546 0.06859 0.48948 1.08546 0.06966 0.48935 1.08546 0.09055 0.48581 1.08542 0.10143 0.48362 1.08544 0.09942 0.48405 1.08495 -0.12208 0.47781 1.08429 -0.13054 0.47515 1.08546 -0.06067 0.49066 1.08546 -0.07009 0.48943 1.08546 -0.01483 0.49372 1.08546 -0.01577 0.49362 1.08546 -0.01443 0.49372 1.08546 -0.01358 0.49365 1.08546 0.00157 0.49378 1.08546 0.00315 0.49379 1.08546 0.00829 0.49375 1.08546 0.00938 0.49373 1.08546 0.02492 0.49329 1.08546 0.02661 0.49323 1.08546 0.04054 0.49247 1.08546 0.04357 0.49226 1.08546 0.04077 0.49245 1.08546 0.04092 0.49245 1.08546 0.04945 0.49182 1.08546 0.05044 0.49172 1.08546 0.05642 0.49109 1.08546 0.08767 0.48639 1.08539 0.10656 0.48230 1.08537 0.10732 0.48209 1.08533 0.10870 0.48172 1.08469 0.12690 0.47635 1.08440 0.13143 0.47484 1.08480 0.12410 0.47721 1.08416 0.13461 0.47384 1.08404 0.13552 0.47349 1.08370 0.13761 0.47275 1.07685 0.16777 0.46201 1.08505 -0.11888 0.47878 1.08539 -0.10675 0.48231 1.08529 -0.11135 0.48105 1.08518 -0.11277 0.48064 1.08542 -0.10362 0.48313 1.08542 -0.10080 0.48382 1.08538 -0.09590 0.48484 1.08543 -0.09354 0.48536 1.08546 -0.07141 0.48924 1.08542 -0.08508 0.48695 1.08544 -0.08155 0.48763 1.08546 -0.05918 0.49081 1.08546 -0.04516 0.49217 1.08546 0.01057 0.49371 1.08546 0.01803 0.49352 1.08546 0.01665 0.49354 1.08514 0.11664 0.47945 1.08141 0.15167 0.46767 1.08254 0.14593 0.46975 1.07617 0.16999 0.46117 1.07402 -0.17510 0.45948 1.07716 -0.16797 0.46176 1.08056 -0.15694 0.46566 1.07762 -0.16667 0.46223 1.08420 -0.13279 0.47440 1.08546 -0.04885 0.49184 1.08546 -0.05239 0.49146 1.08546 -0.04028 0.49241 1.08546 -0.03755 0.49256 1.08546 -0.03568 0.49271 1.08546 -0.02072 0.49339 1.08546 -0.02523 0.49318 1.08546 -0.00942 0.49361 1.08546 -0.00409 0.49375 1.08031 0.15800 0.46529 1.07993 0.15915 0.46490 1.07927 0.16100 0.46427 1.07329 0.17678 0.45898 1.07457 0.17416 0.45974 1.07176 0.17921 0.45839 1.08082 -0.15558 0.46617 1.08310 -0.14365 0.47058 1.08266 -0.14558 0.46990 1.08389 -0.13732 0.47286 1.08373 -0.13864 0.47242 1.06918 0.18392 0.45710 1.07111 -0.18069 0.45789 1.06887 -0.18433 0.45702 1.06194 0.19374 0.45543 1.06491 -0.19007 0.45591 1.05216 0.20384 0.45500 1.06349 -0.19192 0.45563 1.06142 0.19439 0.45534 1.05948 0.19636 0.45528 1.05783 -0.19839 0.45512 1.05096 0.20506 0.45500 1.04141 0.21442 0.45500 1.05680 -0.19953 0.45504 1.05583 -0.20048 0.45501 1.04103 0.21483 0.45500 1.03089 0.22493 0.45500 1.04390 -0.21236 0.45500 1.04043 -0.21566 0.45500 1.04278 -0.21338 0.45500 1.03073 0.22510 0.45500 1.02045 0.23541 0.45500 1.03235 -0.22377 0.45500 1.02522 -0.23057 0.45500 1.02002 0.23586 0.45500 1.02003 -0.23570 0.45502 1.01977 0.23611 0.45500 1.01892 0.23688 0.45502 1.01268 0.24275 0.45509 1.01172 -0.24335 0.45510 1.00378 0.24884 0.45586 1.01367 -0.24169 0.45503 1.00902 -0.24526 0.45533 1.00310 0.24935 0.45589 1.00335 0.24919 0.45586 1.00215 0.24986 0.45598 1.00281 0.24953 0.45591 1.00582 -0.24748 0.45555 0.99652 0.25260 0.45671 0.99457 0.25329 0.45708 0.98997 0.25490 0.45774 1.00116 -0.25003 0.45614 0.99424 -0.25273 0.45710 0.98878 -0.25500 0.45786 0.98627 0.25632 0.45826 0.98138 0.25772 0.45902 0.98680 -0.25582 0.45815 0.97984 0.25825 0.45922 0.97181 0.26006 0.46057 0.98572 -0.25634 0.45821 0.98266 -0.25725 0.45863 0.97557 -0.25866 0.45984 0.97029 0.26046 0.46084 0.97077 0.26037 0.46072 0.96932 0.26071 0.46094 0.96759 0.26108 0.46120 0.95446 0.26309 0.46322 0.96100 0.26212 0.46230 0.95897 0.26220 0.46271 0.96530 -0.26116 0.46135 0.96391 -0.26134 0.46156 0.95353 -0.26311 0.46317 0.95318 -0.26315 0.46322 0.95292 -0.26316 0.46327 0.95214 0.26347 0.46356 0.94824 0.26382 0.46421 0.94382 0.26420 0.46479 0.94374 -0.26433 0.46471 0.94261 -0.26443 0.46486 0.94126 -0.26452 0.46505 0.94048 0.26467 0.46523 0.93645 0.26512 0.46571 0.93258 -0.26532 0.46640 0.93602 0.26515 0.46573 0.93568 0.26518 0.46579 0.93523 0.26520 0.46589 0.92992 0.26568 0.46659 0.92770 0.26586 0.46691 0.92727 0.26591 0.46697 0.91917 0.26633 0.46812 0.92687 -0.26590 0.46695 0.92603 -0.26593 0.46706 0.92520 -0.26599 0.46715 0.91857 -0.26641 0.46812 0.91550 0.26669 0.46854 0.91335 0.26680 0.46861 0.91355 -0.26683 0.46872 0.91260 -0.26687 0.46882 0.91123 0.26689 0.46891 0.91270 0.26683 0.46867 0.91137 -0.26694 0.46900 0.90574 -0.26726 0.46996 0.89731 -0.26772 0.47076 0.90703 0.26718 0.46943 0.90569 0.26725 0.46964 0.90498 0.26727 0.46972 0.90037 0.26748 0.47038 0.89706 -0.26773 0.47079 0.89677 -0.26775 0.47083 0.89610 0.26773 0.47105 0.89408 0.26780 0.47116 0.89206 0.26785 0.47143 0.88938 -0.26803 0.47165 0.88627 -0.26814 0.47193 0.88666 0.26813 0.47204 0.88503 0.26819 0.47212 0.88148 0.26835 0.47265 0.88348 -0.26823 0.47225 0.88192 -0.26829 0.47243 0.88002 0.26841 0.47287 0.87790 -0.26844 0.47292 0.87949 0.26844 0.47297 0.87815 0.26850 0.47310 0.87082 0.26870 0.47398 0.86938 -0.26879 0.47418 0.86954 -0.26879 0.47417 0.87002 -0.26877 0.47409 0.86781 0.26881 0.47446 0.86875 -0.26881 0.47425 0.85984 0.26904 0.47523 0.85976 0.26904 0.47524 0.85969 0.26904 0.47525 0.85682 0.26911 0.47559 0.85858 -0.26909 0.47556 0.85141 -0.26931 0.47660 0.85555 -0.26921 0.47611 0.84697 0.26932 0.47689 0.84651 -0.26938 0.47706 0.84040 -0.26952 0.47787 0.85250 0.26922 0.47611 0.85223 0.26922 0.47613 0.84184 0.26946 0.47752 0.83630 -0.26958 0.47841 0.83821 -0.26955 0.47815 0.83281 -0.26962 0.47869 0.83739 0.26949 0.47793 0.83460 0.26954 0.47815 0.83919 0.26947 0.47784 0.82843 -0.26969 0.47921 0.82169 0.26974 0.47974 0.83092 0.26961 0.47861 0.82399 0.26970 0.47941 0.82830 0.26963 0.47898 0.82180 -0.26978 0.48009 0.82087 -0.26980 0.48026 0.81976 -0.26981 0.48045 0.81788 0.26980 0.48026 0.81350 0.26984 0.48078 0.81448 0.26983 0.48071 0.81231 0.26984 0.48092 0.81132 -0.26991 0.48187 0.80622 -0.26994 0.48247 0.79831 -0.26999 0.48369 0.79502 -0.26999 0.48427 0.80354 -0.26996 0.48291 0.80123 0.26994 0.48244 0.80162 0.26994 0.48242 0.80077 0.26994 0.48249 0.79946 0.26995 0.48262 0.79854 0.26995 0.48273 0.80005 0.26994 0.48255 0.78829 -0.27000 0.48526 0.78327 0.27000 0.48520 0.79095 0.26999 0.48394 0.78546 0.27000 0.48481 0.78575 -0.27000 0.48582 0.78347 -0.27000 0.48623 0.78173 0.27000 0.48555 0.77402 0.27000 0.48687 0.77478 -0.27000 0.48774 0.77317 -0.27000 0.48812 0.77155 -0.27000 0.48849 0.77178 0.27000 0.48743 0.76710 0.27000 0.48834 0.76314 0.27000 0.48929 0.76102 -0.27000 0.49045 0.75737 0.27000 0.49047 0.76100 -0.27000 0.49045 0.75149 -0.27000 0.49251 0.75077 -0.27000 0.49269 0.74554 -0.27000 0.49388 0.75417 0.27000 0.49127 0.74871 0.27000 0.49245 0.74107 -0.27000 0.49491 0.74595 0.27000 0.49311 0.73644 0.27000 0.49539 0.74038 -0.27000 0.49506 0.73619 -0.27000 0.49605 0.73604 0.27000 0.49548 0.73610 0.27000 0.49547 0.73585 0.27000 0.49553 0.72932 -0.27000 0.49770 0.72805 -0.27000 0.49804 0.72689 0.27000 0.49773 0.72286 0.27000 0.49876 0.71767 0.27000 0.50030 0.71809 -0.27000 0.50050 0.71789 -0.27000 0.50055 0.71759 0.27000 0.50032 0.71731 0.27000 0.50040 0.71080 -0.27000 0.50236 0.71090 0.27000 0.50209 0.70913 0.27000 0.50254 0.69819 0.27000 0.50546 0.70212 -0.27000 0.50456 0.70114 -0.27000 0.50482 0.69959 -0.27000 0.50523 0.69665 0.27000 0.50588 0.69530 0.27000 0.50626 0.69402 0.27000 0.50667 0.69023 0.27000 0.50763 0.68786 -0.27000 0.50814 0.68198 -0.27000 0.50953 0.68435 0.27000 0.50918 0.68234 0.27000 0.50971 0.67697 0.27000 0.51114 0.66739 -0.27000 0.51332 0.66721 -0.27000 0.51337 0.67095 0.27000 0.51267 0.67003 0.27000 0.51298 0.66705 -0.27000 0.51340 0.66590 -0.27000 0.51369 0.66701 0.27000 0.51373 0.66323 0.27000 0.51456 0.66755 0.27000 0.51362 0.65852 0.27000 0.51569 0.65426 -0.27000 0.51650 0.64953 -0.27000 0.51763 0.65520 0.27000 0.51641 0.64036 -0.27000 0.51973 0.63206 -0.27000 0.52169 0.64646 0.27000 0.51842 0.64508 0.27000 0.51875 0.63430 0.27000 0.52116 0.63230 0.27000 0.52160 0.62937 0.27000 0.52226 0.62835 -0.27000 0.52254 0.62298 -0.27000 0.52366 0.61913 -0.27000 0.52448 0.62300 0.27000 0.52373 0.61718 -0.27000 0.52486 0.61911 0.27000 0.52441 0.61011 0.27000 0.52635 0.60637 -0.27000 0.52707 0.60648 0.27000 0.52712 0.59946 0.27000 0.52862 0.60421 -0.27000 0.52752 0.59448 -0.27000 0.52945 0.59860 0.27000 0.52880 0.59809 0.27000 0.52890 0.59227 -0.27000 0.52989 0.58241 -0.27000 0.53171 0.59288 0.27000 0.52987 0.58804 0.27000 0.53065 0.57880 -0.27000 0.53245 0.58489 0.27000 0.53120 0.58031 0.27000 0.53210 0.56738 -0.27000 0.53452 0.57502 0.27000 0.53308 0.56702 -0.27000 0.53458 0.56886 0.27000 0.53422 0.56667 -0.27000 0.53464 0.55506 -0.27000 0.53667 0.56409 0.27000 0.53512 0.55860 0.27000 0.53611 0.55384 -0.27000 0.53688 0.55177 0.27000 0.53731 0.55074 0.27000 0.53747 0.54443 -0.27000 0.53831 0.53731 -0.27000 0.53961 0.54919 0.27000 0.53773 0.54302 0.27000 0.53864 0.53354 0.27000 0.54013 0.52976 -0.27000 0.54086 0.52315 -0.27000 0.54184 0.51624 -0.27000 0.54291 0.52101 0.27000 0.54219 0.53010 0.27000 0.54066 0.51737 0.27000 0.54276 0.51834 0.27000 0.54264 0.51683 0.27000 0.54287 0.51626 0.27000 0.54294 0.49546 0.30186 0.48165 0.49546 -0.29880 0.49062 0.49546 -0.29119 0.50873 0.49546 -0.29528 0.49933 0.49546 -0.29357 0.50342 0.50349 0.27011 0.54473 0.49546 -0.29854 0.49130 0.49546 -0.29663 0.49615 0.49546 -0.29110 0.50893 0.49546 -0.28720 0.51694 0.49546 -0.28873 0.51385 0.49677 -0.27782 0.53369 0.50775 -0.27000 0.54419 0.50290 -0.27087 0.54360 0.50344 0.27011 0.54473 0.49652 0.27805 0.53330 0.49628 0.27519 0.53801 0.49639 0.27677 0.53545 0.49546 0.29724 0.49447 0.49546 0.30058 0.48528 0.49546 0.29859 0.49090 0.49546 -0.30090 0.48468 0.49546 -0.29086 0.50947 0.49546 -0.28610 0.51913 0.49546 -0.28476 0.52166 0.50341 0.27012 0.54473 0.50341 0.27013 0.54471 0.49548 0.28613 0.51909 0.49546 0.28850 0.51424 0.49546 0.29018 0.51075 0.49546 0.28965 0.51190 0.49339 0.30822 0.46055 0.48233 -0.31102 0.45113 0.48464 -0.31066 0.45216 0.47951 -0.31124 0.45028 0.49463 -0.30669 0.46629 0.49543 -0.30582 0.46920 0.49541 -0.30417 0.47475 0.49546 -0.28962 0.51215 0.49546 -0.28146 0.52769 0.49546 -0.28109 0.52833 0.49546 -0.28132 0.52794 0.49691 -0.27376 0.54012 0.49546 0.28141 0.52784 0.49546 0.28142 0.52783 0.49546 0.28465 0.52195 0.49546 0.28376 0.52363 0.49546 0.29434 0.50153 0.49546 0.29506 0.49981 0.49546 0.29446 0.50128 0.49546 0.29456 0.50102 0.49444 0.30655 0.46649 0.49521 0.30595 0.46862 0.49542 0.30568 0.46953 0.49125 0.30914 0.45712 0.48898 -0.30981 0.45510 0.49135 -0.30915 0.45731 0.49414 -0.30792 0.46182 0.49545 -0.30156 0.48280 0.49546 -0.30145 0.48315 0.49546 -0.30150 0.48300 0.49684 -0.27426 0.53938 0.49683 -0.27402 0.53976 0.49687 -0.27410 0.53963 0.49724 0.27377 0.54014 0.49769 0.27288 0.54142 0.49546 0.30358 0.47651 0.49545 0.30368 0.47620 0.48284 0.31044 0.45247 0.47612 -0.31156 0.44920 0.47424 -0.31171 0.44864 0.46716 -0.31233 0.44651 0.47993 0.31096 0.45058 0.46776 0.31221 0.44669 0.47855 0.31117 0.44993 0.46129 0.31281 0.44475 0.46085 -0.31291 0.44462 0.45905 -0.31304 0.44408 0.45664 -0.31326 0.44335 0.46032 0.31288 0.44446 0.44662 0.31403 0.44035 0.44606 0.31407 0.44018 0.43397 0.31492 0.43655 0.42166 0.31554 0.43286 0.44550 0.31412 0.44001 0.43635 -0.31481 0.43727 0.43605 0.31484 0.43718 0.43286 -0.31503 0.43622 0.42823 -0.31534 0.43483 0.42124 -0.31577 0.43273 0.44554 -0.31418 0.44002 0.44270 -0.31440 0.43917 0.44457 -0.31427 0.43973 0.42021 -0.31582 0.43243 0.41184 -0.31628 0.42991 0.40816 -0.31647 0.42881 0.40798 -0.31648 0.42876 0.40783 -0.31649 0.42871 0.40754 -0.31651 0.42862 0.41709 0.31577 0.43149 0.40724 0.31623 0.42854 0.41451 0.31583 0.43072 0.38546 -0.07922 0.66818 0.38546 -0.21640 0.61420 0.38546 -0.04176 0.67197 0.39732 0.31671 0.42556 0.39195 0.31697 0.42395 0.38874 -0.25558 0.57648 0.39073 -0.25986 0.57113 0.38546 -0.07866 0.66826 0.38546 0.04881 0.67160 0.38546 0.09142 0.66643 0.38546 0.18200 0.63606 0.38546 0.22514 0.60704 0.38546 0.21601 0.61436 0.38546 0.22103 0.61041 0.39062 0.25959 0.57139 0.39226 -0.31722 0.42404 0.39553 -0.31704 0.42502 0.39354 -0.31713 0.42443 0.38906 -0.26730 0.56137 0.38763 -0.26794 0.56055 0.39318 -0.26455 0.56484 0.39346 -0.26422 0.56524 0.38797 -0.25433 0.57806 0.38769 -0.25381 0.57868 0.38546 -0.21638 0.61422 0.38546 -0.19934 0.62607 0.38546 -0.20255 0.62400 0.38546 -0.16921 0.64243 0.38546 -0.15592 0.64821 0.38546 -0.15512 0.64851 0.38546 -0.14702 0.65163 0.38546 -0.13146 0.65684 0.38546 -0.12803 0.65786 0.38546 -0.04043 0.67204 0.38546 -0.03008 0.67258 0.38546 -0.02352 0.67286 0.38546 -0.01984 0.67295 0.38546 0.00138 0.67325 0.38546 0.04941 0.67154 0.38546 0.06140 0.67052 0.38546 0.05040 0.67146 0.38546 0.09203 0.66631 0.38546 0.09108 0.66649 0.38546 0.08967 0.66673 0.38546 0.10692 0.66338 0.38546 0.10949 0.66274 0.38546 0.11468 0.66146 0.38546 0.11913 0.66032 0.38546 0.11549 0.66122 0.38546 0.11708 0.66086 0.38546 0.11779 0.66069 0.38546 0.13990 0.65417 0.38546 0.14233 0.65330 0.38546 0.14623 0.65199 0.38546 0.14994 0.65056 0.38546 0.16313 0.64518 0.38546 0.15393 0.64899 0.38546 0.16382 0.64489 0.38546 0.18206 0.63602 0.38546 0.19100 0.63104 0.38554 0.23706 0.59647 0.38578 0.24298 0.59062 0.38549 0.23650 0.59701 0.39236 0.26130 0.56907 0.39145 0.26502 0.56426 0.39002 0.26723 0.56135 0.38672 -0.31743 0.42238 0.38720 -0.25271 0.57998 0.38573 -0.24381 0.58987 0.38546 -0.23904 0.59478 0.38573 -0.24156 0.59219 0.38546 -0.23433 0.59921 0.38546 -0.23408 0.59947 0.38546 -0.23273 0.60062 0.38546 -0.22661 0.60592 0.38546 -0.22878 0.60408 0.38546 -0.17791 0.63827 0.38546 -0.17628 0.63908 0.38546 -0.18108 0.63662 0.38546 -0.16759 0.64311 0.38546 -0.15657 0.64794 0.38546 -0.15627 0.64808 0.38546 -0.14450 0.65250 0.38546 -0.13583 0.65549 0.38546 -0.13992 0.65407 0.38546 -0.13745 0.65495 0.38546 -0.10367 0.66391 0.38546 -0.10188 0.66431 0.38546 -0.08732 0.66687 0.38546 -0.07681 0.66852 0.38546 -0.05964 0.67055 0.38546 -0.05767 0.67076 0.38546 -0.05087 0.67129 0.38546 -0.04439 0.67181 0.38546 0.01058 0.67319 0.38546 0.00346 0.67323 0.38546 0.01494 0.67310 0.38546 0.02000 0.67302 0.38546 0.06561 0.67008 0.38546 0.10034 0.66479 0.38546 0.10621 0.66353 0.38546 0.12760 0.65807 0.38546 0.12678 0.65830 0.38546 0.13128 0.65697 0.38546 0.13722 0.65503 0.38546 0.16483 0.64442 0.38546 0.17341 0.64045 0.38546 0.18193 0.63609 0.38546 0.17530 0.63956 0.38546 0.18184 0.63614 0.38546 0.20585 0.62168 0.38546 0.21382 0.61601 0.38546 0.20736 0.62065 0.38546 0.22804 0.60466 0.38546 0.23583 0.59762 0.38546 0.23116 0.60200 0.38604 0.24503 0.58856 0.38603 0.24733 0.58619 0.38789 0.25461 0.57775 0.38729 0.26773 0.56094 0.38440 0.26809 0.56066 0.38548 -0.31744 0.42201 0.38392 -0.31751 0.42154 0.38002 -0.26850 0.56028 0.38648 -0.24785 0.58551 0.38546 -0.23902 0.59479 0.38548 -0.23522 0.59838 0.38546 -0.23378 0.59973 0.38546 -0.22194 0.60984 0.38546 -0.21644 0.61417 0.38546 -0.21633 0.61425 0.38546 -0.21056 0.61853 0.38546 -0.20745 0.62072 0.38546 -0.20610 0.62165 0.38546 -0.19680 0.62769 0.38546 -0.19248 0.63024 0.38546 -0.18912 0.63221 0.38546 -0.19065 0.63134 0.38546 -0.17098 0.64162 0.38546 -0.10943 0.66263 0.38546 -0.09307 0.66591 0.38546 -0.09241 0.66603 0.38546 -0.09272 0.66597 0.38546 -0.06719 0.66982 0.38546 -0.06884 0.66963 0.38546 -0.03362 0.67248 0.38546 -0.03815 0.67220 0.38546 0.02722 0.67283 0.38546 0.02436 0.67291 0.38546 0.07729 0.66868 0.38546 0.07389 0.66910 0.38546 0.18231 0.63589 0.38546 0.18866 0.63244 0.38546 0.19732 0.62723 0.38546 0.20032 0.62530 0.38546 0.19823 0.62667 0.38641 0.24950 0.58380 0.38654 0.25013 0.58309 0.38781 0.25445 0.57795 0.38781 0.25442 0.57799 0.37313 0.26891 0.56018 0.38586 0.31717 0.42212 0.38165 0.31727 0.42086 0.36481 -0.31803 0.41581 0.37161 -0.31791 0.41785 0.38546 -0.18373 0.63523 0.38546 -0.12395 0.65898 0.38546 -0.12098 0.65979 0.38546 -0.01150 0.67317 0.38546 -0.01275 0.67310 0.38546 -0.01022 0.67317 0.38546 -0.00410 0.67323 0.38546 -0.00877 0.67319 0.38546 0.03057 0.67271 0.38546 0.03494 0.67246 0.38546 0.07978 0.66834 0.38546 0.08240 0.66794 0.37637 0.31762 0.41927 0.36184 -0.31804 0.41492 0.34915 -0.31831 0.41111 0.35624 -0.31818 0.41323 0.36310 -0.31804 0.41529 0.36908 -0.26923 0.56000 0.38546 -0.11509 0.66119 0.38546 -0.11203 0.66195 0.38546 0.04586 0.67179 0.38546 0.03731 0.67235 0.37232 0.26908 0.56001 0.37140 0.31773 0.41778 0.37533 0.31766 0.41896 0.34908 -0.31831 0.41109 0.37682 -0.31778 0.41941 0.37604 -0.31781 0.41918 0.37657 -0.31780 0.41934 0.36900 -0.26923 0.56000 0.36903 -0.26923 0.56000 0.36886 0.31784 0.41702 0.37168 0.26913 0.56000 0.36815 0.26931 0.56000 0.36583 0.31786 0.41611 0.35799 -0.26965 0.56000 0.36105 0.26966 0.56000 0.35478 0.26992 0.56000 0.36102 0.31795 0.41467 0.34895 -0.31831 0.41105 0.34364 -0.31839 0.41000 0.33946 -0.31824 0.41018 0.32870 -0.31819 0.40985 0.34829 -0.27018 0.56000 0.34984 -0.27016 0.56000 0.35124 -0.27005 0.56000 0.35354 0.26996 0.56000 0.34617 0.27015 0.56000 0.34124 0.27042 0.56000 0.35383 0.26995 0.56000 0.35229 0.31812 0.41205 0.35240 0.31812 0.41208 0.34079 -0.27054 0.56000 0.35226 0.31812 0.41204 0.34197 0.31821 0.40997 0.35214 0.31812 0.41202 0.32834 -0.31819 0.40983 0.32849 -0.31819 0.40983 0.33732 0.27062 0.56000 0.33512 0.31817 0.40990 0.33993 -0.27058 0.56000 0.33938 -0.27060 0.56000 0.33379 0.27077 0.56000 0.32901 0.27094 0.56000 0.33263 -0.27080 0.56000 0.32662 -0.27101 0.56000 0.33177 0.31812 0.40986 0.31723 -0.31799 0.40972 0.30996 -0.31787 0.40965 0.32816 -0.31819 0.40983 0.32250 -0.27116 0.56000 0.32265 0.27112 0.56000 0.31823 0.27132 0.56000 0.31297 0.27139 0.56000 0.32617 0.27102 0.56000 0.32997 0.31810 0.40985 0.32765 -0.31819 0.40982 0.31996 -0.31809 0.40975 0.31230 -0.27148 0.56000 0.31761 -0.27127 0.56000 0.31067 -0.27152 0.56000 0.30925 -0.27154 0.56000 0.31861 0.31787 0.40973 0.31287 0.27139 0.56000 0.31559 0.31780 0.40970 0.30863 0.31765 0.40963 0.30434 -0.31776 0.40959 0.28589 -0.27171 0.56000 0.29509 -0.27160 0.56000 0.29924 -0.27161 0.56000 0.30405 -0.27155 0.56000 0.30587 0.27134 0.56000 0.30212 0.31747 0.40957 0.29541 0.31743 0.40950 0.29873 0.31739 0.40953 0.29951 -0.31763 0.40954 0.30316 0.27135 0.56000 0.29336 -0.31750 0.40948 0.29679 -0.31755 0.40951 0.28457 -0.27172 0.56000 0.28351 -0.27172 0.56000 0.29702 0.27139 0.56000 0.29418 0.31741 0.40949 0.29044 0.31724 0.40945 0.28604 0.31723 0.40941 0.28955 -0.31740 0.40944 0.28664 -0.31727 0.40941 0.27934 0.27167 0.56000 0.29219 0.27141 0.56000 0.28774 0.27155 0.56000 0.28070 0.27166 0.56000 0.28415 -0.31719 0.40939 0.27961 -0.31705 0.40934 0.27493 -0.27194 0.56000 0.28282 0.31715 0.40937 0.27862 0.27168 0.56000 0.27822 0.31704 0.40933 0.27309 0.31689 0.40928 0.26229 -0.31639 0.40917 0.27420 -0.31686 0.40929 0.27237 -0.27202 0.56000 0.27278 0.27163 0.56000 0.26136 -0.31634 0.40916 0.26060 -0.31632 0.40915 0.25969 -0.31631 0.40914 0.26640 -0.27209 0.56000 0.26620 -0.27224 0.56000 0.26483 -0.27222 0.56000 0.26152 -0.27209 0.56000 0.27273 0.31687 0.40927 0.26187 0.27135 0.56000 0.26976 0.27159 0.56000 0.26482 0.27146 0.56000 0.26780 0.27147 0.56000 0.26364 0.31643 0.40918 0.26226 0.31637 0.40917 0.26133 0.31632 0.40916 0.25704 0.31615 0.40912 0.24973 -0.31601 0.40904 0.25674 -0.27209 0.56000 0.24454 0.31558 0.40899 0.24803 -0.31595 0.40903 0.24582 -0.31586 0.40900 0.24922 0.27159 0.56000 0.25904 0.27141 0.56000 0.24971 0.27159 0.56000 0.25554 0.27128 0.56000 0.23821 -0.31555 0.40893 0.24314 -0.27217 0.55985 0.24666 -0.27217 0.55989 0.25031 -0.27209 0.56000 0.24889 0.27161 0.56000 0.24470 0.27183 0.55994 0.23930 0.31540 0.40894 0.23178 -0.27249 0.55932 0.23917 -0.27227 0.55969 0.23290 -0.27247 0.55937 0.23649 -0.27231 0.55955 0.24115 0.27195 0.55978 0.24036 0.27194 0.55975 0.23306 0.31509 0.40888 0.22192 0.31460 0.40876 0.20969 -0.31419 0.40864 0.23071 -0.31522 0.40885 0.22479 -0.31493 0.40879 0.22709 -0.31504 0.40882 0.22258 -0.27249 0.55886 0.23086 -0.27252 0.55927 0.23509 0.27206 0.55948 0.23979 0.27196 0.55972 0.22168 0.31459 0.40876 0.22611 -0.27256 0.55903 0.22798 -0.27256 0.55913 0.23162 0.27205 0.55931 0.22732 0.27219 0.55909 0.21928 -0.27258 0.55869 0.22384 0.27234 0.55892 0.22007 0.27243 0.55873 0.22158 0.31458 0.40876 0.21700 -0.31458 0.40872 0.21505 -0.27274 0.55848 0.20991 0.31404 0.40864 0.21271 -0.31436 0.40867 0.21114 -0.27279 0.55828 0.20609 -0.27286 0.55803 0.20809 -0.27280 0.55813 0.20664 -0.27281 0.55806 0.21105 0.27261 0.55828 0.20819 0.27269 0.55814 0.21607 0.27250 0.55853 0.20743 0.31397 0.40862 0.20875 -0.31415 0.40863 0.20927 -0.31418 0.40864 0.19408 -0.27292 0.55743 0.20104 -0.31370 0.40856 0.20211 -0.27293 0.55783 0.20382 0.27257 0.55792 0.19891 0.31354 0.40853 0.19888 0.31354 0.40853 0.19884 0.31354 0.40853 0.19637 -0.31342 0.40851 0.18903 -0.31298 0.40844 0.19346 -0.27292 0.55740 0.19852 -0.27293 0.55765 0.20181 -0.27292 0.55782 0.20482 0.27264 0.55797 0.19159 -0.27292 0.55731 0.19024 0.27222 0.55724 0.19047 0.27223 0.55725 0.19774 0.27218 0.55761 0.20280 0.27253 0.55787 0.18387 -0.27291 0.55692 0.18147 -0.27287 0.55680 0.17477 -0.27297 0.55647 0.17866 -0.27290 0.55666 0.18845 0.31294 0.40843 0.18683 0.31282 0.40841 0.18142 -0.31262 0.40836 0.17874 -0.31248 0.40833 0.17748 -0.31244 0.40832 0.19005 0.27223 0.55723 0.18220 0.27223 0.55684 0.17240 -0.31211 0.40827 0.18022 0.27247 0.55674 0.17750 0.27250 0.55660 0.17337 -0.31219 0.40828 0.17408 -0.27296 0.55643 0.17342 0.27259 0.55640 0.17721 0.31227 0.40832 0.17212 0.31190 0.40827 0.17120 -0.31203 0.40826 0.16905 -0.27281 0.55618 0.16696 -0.27278 0.55608 0.16522 -0.27277 0.55599 0.15195 -0.27264 0.55532 0.16972 0.27259 0.55621 0.16471 0.31134 0.40819 0.16305 -0.31141 0.40818 0.15882 -0.31120 0.40813 0.15188 -0.31069 0.40806 0.15061 -0.27262 0.55526 0.16435 0.27252 0.55594 0.16147 0.27257 0.55580 0.15737 0.27244 0.55560 0.16306 0.31120 0.40818 0.16165 0.31109 0.40816 0.14729 0.31015 0.40802 0.14897 -0.31050 0.40804 0.14202 0.30978 0.40797 0.14691 -0.31038 0.40801 0.14259 -0.31009 0.40797 0.15040 -0.27262 0.55525 0.15148 0.27240 0.55530 0.14591 0.27245 0.55502 0.14964 -0.27262 0.55521 0.14132 0.30974 0.40796 0.13927 0.30963 0.40794 0.13947 -0.27250 0.55470 0.13412 -0.27241 0.55443 0.13348 -0.30946 0.40788 0.13682 0.27223 0.55457 0.13367 0.27207 0.55441 0.12847 0.27191 0.55415 0.14414 0.27242 0.55493 0.14232 0.27241 0.55484 0.12866 0.30897 0.40783 0.13234 -0.27236 0.55434 0.12409 -0.27209 0.55393 0.12029 0.30845 0.40775 0.12432 -0.30879 0.40779 0.12341 0.27175 0.55390 0.11394 0.27167 0.55342 0.12178 -0.27201 0.55382 0.11883 -0.27192 0.55367 0.11220 0.27163 0.55334 0.11186 0.27163 0.55332 0.11145 0.27161 0.55330 0.11019 0.27158 0.55324 0.11969 0.30842 0.40774 0.11692 0.30821 0.40771 0.11954 -0.30845 0.40774 0.11004 -0.30775 0.40765 0.10927 0.30764 0.40764 0.10801 -0.27154 0.55313 0.09972 -0.27136 0.55271 0.10795 0.30753 0.40762 0.10822 -0.30764 0.40763 0.10611 -0.30746 0.40761 0.09689 -0.30673 0.40751 0.10248 0.27143 0.55285 0.09668 0.27124 0.55256 0.10014 0.30685 0.40755 0.09473 -0.30658 0.40749 0.09309 -0.30641 0.40748 0.08987 -0.30614 0.40744 0.09830 -0.27131 0.55264 0.08907 -0.27095 0.55218 0.08623 -0.27082 0.55204 0.08934 0.27095 0.55219 0.08440 0.27063 0.55195 0.09552 0.27118 0.55250 0.09306 0.27110 0.55238 0.09591 0.30647 0.40750 0.07590 -0.27037 0.55152 0.09523 0.30640 0.40750 0.09358 0.30628 0.40748 0.08307 0.30538 0.40738 0.07520 0.30475 0.40730 0.07550 -0.27036 0.55150 0.07513 -0.27033 0.55148 0.07536 -0.30486 0.40730 0.06875 -0.30430 0.40723 0.08238 -0.30553 0.40737 0.07995 -0.30532 0.40734 0.08049 0.27043 0.55175 0.07170 0.27004 0.55131 0.06971 0.30432 0.40724 0.06407 -0.30392 0.40719 0.05905 -0.30348 0.40714 0.06507 -0.26971 0.55098 0.06842 0.26991 0.55115 0.06188 0.30362 0.40716 0.05263 0.30294 0.40707 0.06071 -0.26959 0.55076 0.05395 -0.26935 0.55042 0.06220 0.26960 0.55084 0.03982 -0.30181 0.40694 0.05239 -0.30291 0.40707 0.04530 -0.30230 0.40700 0.05462 0.26922 0.55046 0.05258 0.30293 0.40707 0.05247 0.30292 0.40707 0.05312 -0.26930 0.55038 0.05234 -0.26926 0.55034 0.04413 -0.26878 0.54993 0.05186 0.26906 0.55032 0.05332 0.26913 0.55039 0.03611 -0.30150 0.40691 0.02817 -0.30076 0.40683 0.04453 0.26861 0.54995 0.03837 0.26831 0.54965 0.03690 -0.26840 0.54957 0.03709 0.26835 0.54958 0.03566 0.26822 0.54951 0.03639 0.26835 0.54955 0.04387 0.30212 0.40698 0.04048 0.30178 0.40695 0.03434 -0.26825 0.54944 0.03275 -0.26817 0.54936 0.02733 0.26773 0.54909 0.03414 0.30118 0.40689 0.02753 0.30053 0.40682 0.02379 -0.30035 0.40678 0.01993 -0.29998 0.40674 0.02382 -0.26766 0.54892 0.02109 -0.26750 0.54878 0.02261 -0.26758 0.54886 0.01472 -0.26708 0.54846 0.02573 0.26763 0.54901 0.02481 0.26755 0.54897 0.02143 0.26739 0.54880 0.02551 0.30032 0.40680 -0.00045 -0.26608 0.54770 0.01743 -0.26734 0.54860 0.00828 -0.26669 0.54814 0.01422 0.29928 0.40669 0.01360 0.29923 0.40668 0.01661 0.26711 0.54856 0.01407 0.26693 0.54843 0.01086 -0.29908 0.40665 0.00701 -0.29873 0.40662 0.00049 -0.29807 0.40655 0.00262 -0.26630 0.54786 0.00787 -0.26666 0.54812 0.00889 0.26662 0.54817 0.00265 0.26630 0.54786 0.00539 0.29849 0.40660 -0.00224 0.29768 0.40652 -0.00065 -0.26606 0.54769 -0.00623 -0.26567 0.54742 0.00264 0.26630 0.54786 -0.00572 -0.29746 0.40649 -0.01108 -0.29692 0.40643 0.00263 0.26630 0.54786 0.00225 0.26626 0.54784 -0.00557 0.26560 0.54745 -0.00585 0.26558 0.54743 -0.00683 0.26551 0.54739 -0.00486 0.29742 0.40650 -0.00353 0.29758 0.40651 -0.01503 -0.29656 0.40640 -0.01896 -0.29613 0.40636 -0.01113 -0.26532 0.54717 -0.01102 -0.26533 0.54718 -0.01134 -0.26531 0.54716 -0.01477 0.26490 0.54699 -0.01877 0.29596 0.40636 -0.02142 -0.26447 0.54666 -0.01956 0.26463 0.54675 -0.02179 0.29562 0.40633 -0.02501 0.29531 0.40630 -0.02112 -0.29593 0.40633 -0.02215 -0.29578 0.40632 -0.02211 0.26445 0.54662 -0.02345 0.26437 0.54655 -0.03100 -0.29479 0.40624 -0.03458 -0.29436 0.40620 -0.03916 -0.29388 0.40615 -0.02814 -0.26400 0.54632 -0.03134 -0.26376 0.54616 -0.03295 0.29455 0.40622 -0.04093 -0.26300 0.54568 -0.03129 0.26367 0.54616 -0.02933 0.26389 0.54626 -0.03258 0.26355 0.54610 -0.03444 0.26339 0.54600 -0.03838 0.29395 0.40616 -0.04238 0.29355 0.40612 -0.04742 0.29305 0.40607 -0.04966 -0.29273 0.40605 -0.04398 -0.26279 0.54553 -0.04192 -0.26292 0.54563 -0.04289 -0.26285 0.54558 -0.04938 -0.26232 0.54526 -0.04178 0.26280 0.54564 -0.04828 0.29295 0.40606 -0.05806 -0.29188 0.40596 -0.05032 -0.26221 0.54521 -0.04597 0.26243 0.54543 -0.05365 0.29230 0.40601 -0.05962 -0.29173 0.40595 -0.06235 -0.29141 0.40592 -0.05129 -0.26212 0.54516 -0.04773 0.26224 0.54534 -0.05653 0.26138 0.54490 -0.05468 0.29217 0.40600 -0.05715 -0.26152 0.54487 -0.06526 -0.26071 0.54446 -0.05671 0.26136 0.54489 -0.05701 0.26134 0.54488 -0.06060 0.29133 0.40594 -0.06928 0.29038 0.40585 -0.07137 0.29014 0.40583 -0.06637 -0.29096 0.40588 -0.06804 -0.26039 0.54432 -0.07081 -0.26015 0.54419 -0.06772 0.26042 0.54434 -0.07314 0.28996 0.40581 -0.07056 -0.29046 0.40584 -0.07767 -0.28960 0.40577 -0.07117 0.26019 0.54417 -0.08255 -0.25908 0.54360 -0.07476 0.25987 0.54399 -0.07762 0.25955 0.54385 -0.08266 0.25909 0.54359 -0.08321 -0.28893 0.40571 -0.09124 -0.25821 0.54317 -0.08114 0.28907 0.40573 -0.08778 -0.28837 0.40567 -0.08430 -0.25892 0.54351 -0.08630 0.25872 0.54341 -0.08560 0.28859 0.40569 -0.09907 -0.25739 0.54277 -0.08909 0.25842 0.54327 -0.08756 0.25863 0.54335 -0.09495 0.25774 0.54298 -0.09198 0.28780 0.40563 -0.09717 0.28708 0.40557 -0.08819 0.28830 0.40566 -0.09534 -0.28745 0.40559 -0.09917 -0.28697 0.40555 -0.10385 -0.25686 0.54253 -0.11117 -0.25615 0.54217 -0.10703 -0.25653 0.54238 -0.09913 0.25729 0.54277 -0.10331 0.25687 0.54256 -0.10148 0.28649 0.40553 -0.10486 -0.28621 0.40550 -0.11253 -0.28529 0.40542 -0.10961 0.28551 0.40545 -0.11416 -0.28508 0.40540 -0.12196 -0.28403 0.40533 -0.12264 -0.28394 0.40532 -0.13486 -0.28224 0.40520 -0.11543 -0.28493 0.40539 -0.11246 -0.25601 0.54210 -0.10614 0.25663 0.54242 -0.10793 0.25649 0.54233 -0.10880 0.25632 0.54229 -0.11267 0.28511 0.40542 -0.11631 0.28467 0.40538 -0.11664 -0.25552 0.54190 -0.11128 0.25596 0.54216 -0.11792 0.25509 0.54183 -0.12121 -0.28414 0.40533 -0.12086 -0.25502 0.54168 -0.12151 0.25465 0.54165 -0.12582 0.25422 0.54144 -0.12214 0.28393 0.40532 -0.12368 -0.25468 0.54154 -0.13651 -0.28202 0.40518 -0.12326 -0.28386 0.40531 -0.13362 -0.28243 0.40521 -0.14812 -0.25155 0.54032 -0.15684 -0.25055 0.53965 -0.13074 -0.25377 0.54119 -0.13165 0.25357 0.54114 -0.12890 0.25396 0.54128 -0.14032 0.25257 0.54071 -0.12561 0.28347 0.40529 -0.13098 0.28277 0.40524 -0.13758 0.28181 0.40517 -0.13892 -0.28171 0.40516 -0.13288 -0.25349 0.54108 -0.13997 -0.25259 0.54073 -0.13440 -0.25328 0.54101 -0.14111 0.25248 0.54067 -0.14159 0.25242 0.54065 -0.14079 0.28135 0.40514 -0.14782 -0.28047 0.40507 -0.14325 0.28099 0.40511 -0.15688 0.27910 0.40511 -0.15100 -0.27999 0.40504 -0.15430 -0.27950 0.40503 -0.15787 -0.25043 0.53961 -0.15955 -0.25024 0.53942 -0.15121 0.25112 0.54017 -0.15376 0.25079 0.54001 -0.15777 0.25037 0.53957 -0.15787 0.27898 0.40510 -0.15919 0.27878 0.40515 -0.16863 -0.27740 0.40544 -0.16928 -0.27731 0.40546 -0.17108 -0.27703 0.40552 -0.16607 -0.24952 0.53866 -0.17457 -0.24857 0.53766 -0.16302 0.24976 0.53901 -0.16882 0.24916 0.53833 -0.16651 0.27772 0.40537 -0.17373 0.27657 0.40560 -0.17608 0.27619 0.40567 -0.17896 0.27576 0.40576 -0.18231 -0.27529 0.40587 -0.18744 -0.27450 0.40603 -0.17996 -0.24795 0.53703 -0.17109 0.24889 0.53807 -0.17363 0.24862 0.53777 -0.17788 0.24809 0.53728 -0.18203 0.24761 0.53679 -0.18855 0.27424 0.40606 -0.19518 0.27326 0.40627 -0.18880 -0.24697 0.53600 -0.19164 -0.24664 0.53567 -0.18594 0.24710 0.53634 -0.19385 0.24628 0.53541 -0.18735 0.24701 0.53617 -0.19326 0.24636 0.53548 -0.19656 -0.27305 0.40631 -0.21040 -0.24433 0.53348 -0.19770 -0.24589 0.53496 -0.20065 -0.24553 0.53462 -0.19487 0.24617 0.53529 -0.20129 0.24544 0.53455 -0.19553 0.24612 0.53522 -0.20084 -0.27235 0.40645 -0.20356 -0.27186 0.40653 -0.20972 -0.24442 0.53356 -0.20091 0.24551 0.53459 -0.19531 0.27324 0.40627 -0.19556 0.27320 0.40628 -0.20141 0.27219 0.40646 -0.21632 -0.24365 0.53279 -0.21234 -0.24408 0.53326 -0.20230 0.24532 0.53443 -0.20339 0.27182 0.40653 -0.20641 0.27132 0.40662 -0.21631 0.26973 0.40693 -0.21903 -0.26927 0.40702 -0.22008 -0.24303 0.53235 -0.20864 0.24443 0.53369 -0.21442 0.24376 0.53301 -0.21638 -0.24364 0.53279 -0.21826 -0.24334 0.53257 -0.22412 0.24250 0.53188 -0.21817 0.26942 0.40699 -0.21950 0.26919 0.40703 -0.21638 0.24351 0.53279 -0.22045 0.24299 0.53231 -0.22288 -0.26862 0.40714 -0.22578 -0.26814 0.40723 -0.23658 -0.26628 0.40756 -0.22324 -0.24260 0.53199 -0.22490 0.24240 0.53179 -0.22754 0.24205 0.53148 -0.22714 0.26786 0.40727 -0.23721 -0.24067 0.53036 -0.23146 0.26706 0.40740 -0.23064 0.26726 0.40738 -0.22930 0.26748 0.40734 -0.24485 -0.26487 0.40782 -0.24614 -0.26467 0.40786 -0.24769 -0.26438 0.40791 -0.24106 -0.24017 0.52991 -0.24474 -0.23972 0.52948 -0.23190 0.24147 0.53097 -0.23294 0.24133 0.53085 -0.23430 0.24117 0.53070 -0.24169 0.26520 0.40772 -0.24055 0.24028 0.52997 -0.24889 0.26400 0.40795 -0.24121 0.24017 0.52989 -0.24245 0.24000 0.52974 -0.25453 0.26315 0.40812 -0.25425 0.26311 0.40812 -0.25698 0.26273 0.40820 -0.25541 -0.23828 0.52823 -0.25622 -0.23818 0.52814 -0.25698 -0.23807 0.52805 -0.26157 -0.23741 0.52751 -0.25013 0.23881 0.52885 -0.25553 0.23812 0.52822 -0.25923 0.26235 0.40827 -0.26442 0.26140 0.40843 -0.26998 0.26041 0.40861 -0.26284 -0.26170 0.40838 -0.26415 -0.26148 0.40843 -0.26756 -0.26086 0.40853 -0.25817 0.23775 0.52791 -0.26833 -0.23643 0.52673 -0.26576 0.23669 0.52703 -0.26964 -0.23623 0.52657 -0.27052 -0.23612 0.52647 -0.27316 -0.23573 0.52616 -0.26672 0.23655 0.52691 -0.26763 0.23642 0.52681 -0.27689 -0.25914 0.40882 -0.28018 -0.25856 0.40893 -0.27675 0.23509 0.52574 -0.27504 0.25950 0.40877 -0.28080 0.25850 0.40895 -0.28535 -0.23387 0.52474 -0.27812 -0.23498 0.52558 -0.27759 0.23497 0.52565 -0.28345 0.23411 0.52496 -0.28847 0.25703 0.40919 -0.28134 0.25841 0.40896 -0.28966 -0.25683 0.40922 -0.29559 -0.25574 0.40941 -0.28237 -0.23434 0.52509 -0.28509 0.23387 0.52477 -0.28823 0.23338 0.52440 -0.28692 0.25734 0.40914 -0.28849 -0.23337 0.52437 -0.29369 -0.23250 0.52377 -0.29059 0.23302 0.52413 -0.28970 0.25679 0.40922 -0.29248 0.25628 0.40931 -0.30062 -0.25479 0.40956 -0.31069 -0.25288 0.40988 -0.30388 -0.25421 0.40967 -0.29514 -0.23228 0.52360 -0.29671 -0.23204 0.52341 -0.29674 0.23205 0.52341 -0.30057 0.25478 0.40956 -0.30467 0.25396 0.40969 -0.29832 0.23177 0.52323 -0.30038 0.23148 0.52299 -0.30724 -0.25357 0.40977 -0.30600 -0.23055 0.52233 -0.30880 -0.23016 0.52200 -0.31225 -0.22962 0.52160 -0.30927 0.23010 0.52195 -0.31336 -0.25237 0.40996 -0.31612 -0.25187 0.41005 -0.31810 0.25141 0.41011 -0.31385 0.25224 0.40998 -0.32258 -0.25066 0.41025 -0.31632 -0.22897 0.52113 -0.32142 -0.22815 0.52053 -0.31118 0.22979 0.52173 -0.31727 0.22881 0.52102 -0.32615 0.22731 0.51998 -0.32379 0.25033 0.41029 -0.32837 -0.24955 0.41043 -0.32387 -0.22776 0.52025 -0.32977 -0.24927 0.41048 -0.32777 -0.22707 0.51979 -0.32669 0.22723 0.51992 -0.33153 0.24884 0.41053 -0.33009 -0.24921 0.41049 -0.33030 -0.24917 0.41049 -0.33292 -0.22618 0.51919 -0.32705 0.22717 0.51987 -0.32809 0.22701 0.51975 -0.33873 -0.24746 0.41076 -0.33793 -0.22542 0.51860 -0.34137 -0.22486 0.51820 -0.34116 -0.24696 0.41083 -0.34449 -0.24632 0.41094 -0.33704 0.22561 0.51871 -0.34211 0.22478 0.51812 -0.33664 0.24788 0.41069 -0.34268 0.24669 0.41088 -0.35141 -0.24502 0.41115 -0.35562 -0.24420 0.41128 -0.34709 -0.22395 0.51754 -0.34846 -0.22372 0.51738 -0.34783 0.22372 0.51745 -0.35372 0.22266 0.51676 -0.34272 0.22468 0.51805 -0.35376 -0.22281 0.51676 -0.36000 -0.22172 0.51603 -0.34324 0.22459 0.51799 -0.34322 0.24659 0.41090 -0.35181 0.24484 0.41116 -0.35750 -0.24383 0.41134 -0.36651 -0.24199 0.41162 -0.35513 0.24422 0.41127 -0.35958 0.24332 0.41141 -0.36741 -0.24181 0.41165 -0.35817 -0.24370 0.41136 -0.36193 -0.22137 0.51580 -0.36866 -0.22019 0.51502 -0.35602 0.22225 0.51649 -0.36485 0.24225 0.41157 -0.36606 -0.24209 0.41161 -0.36807 -0.24168 0.41167 -0.37007 -0.24129 0.41174 -0.37811 -0.21847 0.51392 -0.36346 0.22092 0.51563 -0.36692 0.22032 0.51522 -0.37078 0.24110 0.41176 -0.37884 -0.23955 0.41201 -0.38175 -0.23896 0.41210 -0.38794 -0.23770 0.41229 -0.37238 -0.21952 0.51459 -0.37270 0.21936 0.51455 -0.37454 0.21911 0.51433 -0.37932 -0.21825 0.51378 -0.37881 -0.21834 0.51384 -0.38155 -0.21785 0.51352 -0.37869 0.21841 0.51385 -0.37869 0.21841 0.51385 -0.37124 0.24101 0.41177 -0.38381 0.21741 0.51325 -0.37720 0.23974 0.41196 -0.38138 0.23889 0.41209 -0.39366 -0.21561 0.51210 -0.39868 -0.21471 0.51152 -0.37870 0.21841 0.51385 -0.38579 0.21701 0.51302 -0.39659 0.23581 0.41256 -0.38879 -0.23752 0.41232 -0.39527 -0.23616 0.41252 -0.40214 -0.23474 0.41274 -0.38944 0.21637 0.51260 -0.38772 0.23767 0.41229 -0.38920 0.23737 0.41233 -0.39424 0.21549 0.51204 -0.39701 0.21495 0.51171 -0.40463 -0.21361 0.51082 -0.40291 0.21383 0.51102 -0.40881 0.21273 0.51034 -0.40159 0.23481 0.41272 -0.40612 -0.23392 0.41286 -0.41316 -0.23243 0.41308 -0.41598 -0.23184 0.41317 -0.42115 -0.23076 0.41333 -0.40884 -0.21284 0.51033 -0.41661 -0.21137 0.50943 -0.42120 -0.21051 0.50889 -0.41013 0.21249 0.51018 -0.41114 0.21226 0.51006 -0.40524 0.23411 0.41283 -0.40860 0.23343 0.41294 -0.41081 0.23297 0.41301 -0.41670 0.23173 0.41319 -0.41980 0.21067 0.50905 -0.42119 0.21041 0.50889 -0.41700 0.23167 0.41320 -0.42272 0.23043 0.41338 -0.42596 -0.22976 0.41348 -0.42814 -0.20914 0.50808 -0.42773 -0.22939 0.41354 -0.43294 -0.22828 0.41370 -0.43304 -0.20818 0.50751 -0.43853 -0.20707 0.50687 -0.42998 0.20874 0.50787 -0.43102 0.20859 0.50774 -0.43280 0.20822 0.50754 -0.43019 0.22876 0.41361 -0.42494 0.22994 0.41345 -0.43476 0.22780 0.41376 -0.43636 -0.22754 0.41381 -0.43774 -0.22723 0.41385 -0.44719 -0.20533 0.50586 -0.43920 0.20698 0.50679 -0.44460 0.22574 0.41406 -0.44672 0.22529 0.41413 -0.44824 -0.22498 0.41418 -0.44961 -0.22468 0.41422 -0.45454 -0.20388 0.50493 -0.46015 -0.20338 0.50259 -0.44317 0.20616 0.50633 -0.44753 0.20526 0.50582 -0.45069 0.20458 0.50545 -0.45810 0.20372 0.50293 -0.45494 0.22354 0.41439 -0.45534 0.22346 0.41440 -0.45694 0.22311 0.41445 -0.46155 -0.22207 0.41459 -0.46659 -0.20276 0.49998 -0.46900 -0.20253 0.49898 -0.46171 0.20318 0.50201 -0.46381 -0.22158 0.41466 -0.46487 -0.22137 0.41470 -0.46691 -0.22091 0.41476 -0.46360 0.20299 0.50123 -0.46616 0.20276 0.50016 -0.46173 0.22206 0.41460 -0.46780 0.22074 0.41479 -0.47254 0.20213 0.49750 -0.46838 0.22061 0.41481 -0.47684 0.21873 0.41507 -0.47410 -0.20198 0.49685 -0.48141 -0.20118 0.49380 -0.47430 -0.21929 0.41499 -0.48082 -0.21785 0.41520 -0.48608 -0.20067 0.49186 -0.49178 -0.20004 0.48948 -0.47474 0.20188 0.49658 -0.47930 0.20138 0.49469 -0.48274 -0.21743 0.41526 -0.47735 0.21861 0.41509 -0.47807 0.21845 0.41511 -0.48574 0.21672 0.41535 -0.48906 0.21593 0.41545 -0.49756 0.21408 0.41572 -0.48908 -0.21596 0.41545 -0.49428 -0.21484 0.41562 -0.48584 0.20066 0.49196 -0.48681 0.20057 0.49156 -0.48787 0.20043 0.49111 -0.49696 -0.19946 0.48733 -0.49588 -0.21449 0.41567 -0.50331 -0.19871 0.48468 -0.50297 0.19864 0.48482 -0.49435 0.19969 0.48841 -0.50046 0.19896 0.48587 -0.50092 -0.21334 0.41582 -0.50520 -0.21238 0.41596 -0.51009 -0.21128 0.41611 -0.50458 -0.19859 0.48415 -0.50719 -0.19828 0.48307 -0.49956 0.21364 0.41578 -0.50049 0.21341 0.41581 -0.50378 0.19853 0.48449 -0.50563 0.19832 0.48371 -0.50683 0.21200 0.41601 -0.51731 -0.20957 0.41634 -0.51066 -0.19784 0.48162 -0.51515 -0.19727 0.47975 -0.52102 -0.19654 0.47730 -0.51504 0.19717 0.47979 -0.51860 0.19677 0.47831 -0.51250 0.21071 0.41619 -0.51521 0.21012 0.41627 -0.51208 -0.21083 0.41617 -0.52165 -0.20862 0.41647 -0.52298 -0.20839 0.41651 -0.52631 -0.20765 0.41662 -0.52523 -0.20789 0.41658 -0.52705 -0.20749 0.41664 -0.53288 -0.20616 0.41682 -0.52560 -0.19594 0.47539 -0.52405 0.19607 0.47604 -0.52440 0.20804 0.41656 -0.53421 -0.20588 0.41686 -0.53703 -0.20523 0.41695 -0.53896 -0.19426 0.46983 -0.53047 0.19528 0.47336 -0.53288 0.20614 0.41682 -0.53727 0.20517 0.41696 -0.54008 -0.20454 0.41705 -0.54108 -0.19399 0.46894 -0.53766 0.19438 0.47037 -0.54329 0.19366 0.46802 -0.54640 0.19330 0.46673 -0.55300 0.19249 0.46398 -0.54303 -0.20389 0.41714 -0.54144 -0.19395 0.46879 -0.54199 -0.19388 0.46857 -0.54280 -0.19379 0.46822 -0.54651 -0.20310 0.41725 -0.55101 -0.20207 0.41739 -0.55367 -0.19240 0.46370 -0.54255 0.20399 0.41713 -0.55419 -0.20135 0.41749 -0.55659 -0.20085 0.41756 -0.55240 -0.19258 0.46423 -0.54874 0.20254 0.41732 -0.55363 0.20144 0.41747 -0.56202 -0.19962 0.41773 -0.55666 -0.19202 0.46245 -0.55932 0.20020 0.41765 -0.56095 0.19983 0.41770 -0.56081 -0.19990 0.41770 -0.56408 -0.19104 0.45936 -0.55668 0.19202 0.46244 -0.56748 0.19063 0.45794 -0.56225 -0.19956 0.41774 -0.56397 -0.19918 0.41779 -0.56569 -0.19086 0.45869 -0.56830 -0.19049 0.45760 -0.56302 0.19936 0.41776 -0.56978 0.19782 0.41798 -0.57523 -0.19664 0.41815 -0.57660 -0.19634 0.41819 -0.58176 -0.19520 0.41835 -0.57399 -0.18975 0.45523 -0.56923 0.19040 0.45722 -0.57055 0.19764 0.41800 -0.58021 -0.18898 0.45264 -0.57097 0.19017 0.45649 -0.57101 0.19754 0.41801 -0.57285 0.19712 0.41807 -0.59123 -0.19309 0.41865 -0.59365 -0.19254 0.41872 -0.59800 -0.19157 0.41886 -0.58685 -0.18810 0.44987 -0.58028 -0.18897 0.45261 -0.57654 0.18949 0.45417 -0.58387 0.18843 0.45110 -0.58073 0.18888 0.45242 -0.59639 -0.18683 0.44590 -0.59023 0.18759 0.44846 -0.58269 0.19491 0.41838 -0.58556 0.19426 0.41847 -0.58950 0.19340 0.41859 -0.59973 -0.18639 0.44451 -0.60122 -0.18618 0.44388 -0.60459 -0.18573 0.44248 -0.59762 0.18661 0.44538 -0.60354 0.18585 0.44292 -0.59933 0.18642 0.44467 -0.59706 0.19174 0.41883 -0.60020 0.19106 0.41893 -0.60869 0.18524 0.44021 -0.61322 0.18457 0.43869 -0.60613 0.18973 0.41911 -0.60483 -0.19003 0.41907 -0.60263 -0.19055 0.41900 -0.61519 -0.18772 0.41940 -0.60820 0.18926 0.41918 -0.60963 0.18892 0.41922 -0.61721 -0.18723 0.41963 -0.61852 -0.18687 0.42005 -0.61229 -0.18469 0.43927 -0.62554 -0.18525 0.42068 -0.62745 -0.18335 0.42873 -0.62858 -0.18414 0.42311 -0.61746 -0.18407 0.43644 -0.62595 -0.18321 0.43130 -0.61744 0.18401 0.43691 -0.61790 0.18706 0.41948 -0.61968 0.18666 0.41954 -0.62522 0.18496 0.42229 -0.62059 0.18359 0.43546 -0.62537 0.18363 0.42949 -0.62857 0.18396 0.42388 -0.62874 0.18343 0.42668 -0.62689 0.18451 0.42277</float_array>
          <technique_common><accessor source="#canopy-pos-array" count="9911" stride="3">
            <param name="X" type="float"/><param name="Y" type="float"/><param name="Z" type="float"/>
          </accessor></technique_common>
        </source>
        <source id="canopy-nrm">
          <float_array id="canopy-nrm-array" count="29733">0.4317 0.1680 0.8862 0.4252 0.2933 0.8563 0.4330 -0.0998 0.8959 0.4288 0.2116 0.8783 0.4232 0.3148 0.8496 0.4269 -0.2745 0.8616 0.4299 -0.2198 0.8757 0.4251 -0.2156 0.8791 0.4328 -0.1228 0.8931 0.4315 -0.0725 0.8992 0.4334 -0.0143 0.9011 0.4296 -0.0203 0.9028 0.4310 -0.0051 0.9023 0.4290 -0.0011 0.9033 0.4335 0.0078 0.9011 0.4288 0.0158 0.9033 0.4294 0.0300 0.9026 0.4333 0.0734 0.8982 0.4288 0.0755 0.9002 0.4290 0.1328 0.8935 0.4286 0.1942 0.8824 0.4185 0.3263 0.8476 0.4132 0.3974 0.8193 0.4144 -0.4042 0.8154 0.4225 -0.3144 0.8501 0.4247 -0.2411 0.8726 0.4234 -0.2050 0.8824 0.4266 -0.1846 0.8854 0.4266 -0.1580 0.8905 0.4279 -0.1206 0.8957 0.4274 -0.1012 0.8984 0.4250 -0.0808 0.9016 0.4275 -0.0495 0.9026 0.4265 0.0358 0.9038 0.4275 0.0903 0.8995 0.4256 0.1056 0.8987 0.4240 0.1261 0.8968 0.4246 0.1444 0.8938 0.4274 0.1468 0.8921 0.4230 0.2212 0.8787 0.4255 0.2584 0.8673 0.4198 0.2946 0.8585 0.4167 0.3171 0.8519 0.4150 0.3683 0.8319 0.4042 0.4661 0.7870 0.4020 -0.4651 0.7887 0.4080 -0.4443 0.7976 0.4181 -0.3469 0.8396 0.4172 -0.3247 0.8488 0.4209 -0.2730 0.8651 0.4216 -0.2143 0.8811 0.4217 -0.1807 0.8885 0.4229 -0.1677 0.8905 0.4258 -0.1407 0.8938 0.4214 -0.1387 0.8962 0.4237 -0.0584 0.9039 0.4216 -0.0521 0.9053 0.4223 -0.0275 0.9061 0.4227 -0.0068 0.9062 0.4274 0.0041 0.9041 0.4232 0.0118 0.9060 0.4215 0.0321 0.9063 0.4282 0.0529 0.9021 0.4235 0.0490 0.9046 0.4203 0.0561 0.9057 0.4250 0.0743 0.9022 0.4222 0.0787 0.9031 0.4255 0.1688 0.8891 0.4198 0.1764 0.8903 0.4190 0.1997 0.8857 0.4147 0.2555 0.8734 0.4218 0.2620 0.8680 0.4169 0.2771 0.8657 0.4107 0.3293 0.8502 0.4066 0.4105 0.8162 0.4033 0.4401 0.8023 0.4040 0.4579 0.7919 0.4034 0.4609 0.7904 0.4023 -0.4582 0.7926 0.3936 -0.4641 0.7935 0.4023 -0.4349 0.8056 0.4108 -0.3806 0.8285 0.4147 -0.3420 0.8433 0.4153 -0.3172 0.8526 0.4175 -0.2290 0.8793 0.4208 -0.1649 0.8921 0.4215 -0.0845 0.9029 0.4175 -0.0978 0.9034 0.4213 -0.0727 0.9040 0.4245 -0.0139 0.9053 0.4219 0.0033 0.9066 0.4215 0.1076 0.9004 0.4174 0.1128 0.9017 0.4203 0.1425 0.8961 0.4163 0.2194 0.8824 0.4120 0.2426 0.8783 0.4077 0.3050 0.8607 0.4075 0.3243 0.8537 0.4091 0.3667 0.8355 0.4042 0.4013 0.8220 0.4017 0.4548 0.7949 0.3991 0.4594 0.7935 0.4109 -0.3208 0.8534 0.4163 -0.2609 0.8710 0.4202 -0.2044 0.8841 0.4179 -0.1978 0.8867 0.4172 -0.1890 0.8889 0.4172 -0.1623 0.8942 0.4174 -0.0717 0.9059 0.4153 -0.0763 0.9065 0.4224 -0.0353 0.9057 0.4171 -0.0434 0.9078 0.4187 -0.0276 0.9077 0.4188 -0.0192 0.9079 0.4163 -0.0150 0.9091 0.4205 -0.0034 0.9073 0.4170 0.0019 0.9089 0.4184 0.0130 0.9082 0.4177 0.0341 0.9080 0.4147 0.0366 0.9092 0.4146 0.0620 0.9079 0.4185 0.0907 0.9037 0.4161 0.1306 0.8999 0.4149 0.1875 0.8903 0.4103 0.2168 0.8858 0.4080 0.2528 0.8773 0.4086 0.2704 0.8718 0.4018 0.3804 0.8330 0.4024 0.3936 0.8265 0.3968 0.4409 0.8051 0.3956 0.4593 0.7953 0.3941 0.4623 0.7944 0.4099 0.4333 0.8027 0.4050 -0.4413 0.8008 0.3921 -0.4592 0.7971 0.4002 -0.4080 0.8206 0.4062 -0.3630 0.8386 0.4083 -0.3337 0.8497 0.4101 -0.3106 0.8575 0.4131 -0.2156 0.8848 0.4134 -0.1869 0.8912 0.4137 -0.1616 0.8959 0.4172 -0.1244 0.9003 0.4149 -0.0853 0.9058 0.4134 -0.0706 0.9078 0.4105 -0.0582 0.9100 0.4137 0.0167 0.9103 0.4126 0.0503 0.9095 0.4121 0.0792 0.9077 0.4145 0.0947 0.9051 0.4132 0.1212 0.9026 0.4132 0.1500 0.8982 0.4114 0.1736 0.8948 0.4081 0.1959 0.8917 0.4038 0.2498 0.8801 0.4072 0.2659 0.8738 0.4028 0.3245 0.8558 0.4007 0.3638 0.8409 0.3917 0.4041 0.8266 0.3893 0.4640 0.7957 0.3965 -0.4480 0.8013 0.3854 -0.4636 0.7978 0.3933 -0.4426 0.8059 0.3939 -0.4224 0.8163 0.4061 -0.2987 0.8637 0.4087 -0.2609 0.8746 0.4055 -0.2421 0.8815 0.4084 -0.2201 0.8859 0.4099 -0.2091 0.8878 0.4055 -0.2124 0.8891 0.4099 -0.1852 0.8931 0.4131 -0.1200 0.9028 0.4090 -0.1140 0.9054 0.4121 -0.0372 0.9104 0.4094 -0.0255 0.9120 0.4145 -0.0065 0.9100 0.4138 -0.0027 0.9104 0.4107 -0.0034 0.9118 0.4083 0.0101 0.9128 0.4115 0.0217 0.9111 0.4096 0.0284 0.9118 0.4137 0.0459 0.9093 0.4089 0.0416 0.9116 0.4095 0.0958 0.9073 0.4088 0.1200 0.9047 0.4061 0.1371 0.9035 0.4053 0.1743 0.8974 0.4105 0.1881 0.8923 0.4053 0.2709 0.8731 0.4039 0.2937 0.8664 0.3971 0.3287 0.8569 0.4033 0.3357 0.8513 0.3939 0.4250 0.8149 0.3877 0.4592 0.7992 0.3863 0.4598 0.7996 0.3965 0.4336 0.8092 0.4017 0.4035 0.8221 0.3868 -0.4555 0.8018 0.4008 -0.3534 0.8453 0.4029 -0.3260 0.8552 0.4025 -0.2956 0.8664 0.4073 -0.1813 0.8951 0.4101 -0.1562 0.8986 0.4083 -0.1418 0.9018 0.4100 -0.0922 0.9074 0.4057 -0.0897 0.9096 0.4080 -0.0718 0.9102 0.4020 -0.0729 0.9127 0.4072 -0.0168 0.9132 0.4076 0.0746 0.9101 0.4061 0.1049 0.9078 0.4045 0.2093 0.8903 0.4033 0.1939 0.8943 0.3979 0.2743 0.8755 0.3986 0.2430 0.8843 0.4005 0.2872 0.8701 0.3948 0.3027 0.8675 0.3944 0.3685 0.8418 0.3821 0.4626 0.8000 0.3837 0.4388 0.8126 0.3906 -0.4209 0.8187 0.3787 -0.4638 0.8009 0.3873 -0.4368 0.8119 0.3958 -0.3981 0.8276 0.3956 -0.3375 0.8542 0.3989 -0.2863 0.8711 0.4007 -0.2007 0.8939 0.4044 -0.1711 0.8984 0.4029 -0.1606 0.9011 0.4046 -0.1251 0.9059 0.4033 -0.1171 0.9075 0.4071 -0.1028 0.9076 0.4059 -0.0123 0.9138 0.4047 -0.0089 0.9144 0.4052 0.0009 0.9142 0.4061 0.0065 0.9138 0.4056 0.0106 0.9140 0.4029 0.0183 0.9151 0.4062 0.0550 0.9121 0.3981 0.1317 0.9078 0.4012 0.1811 0.8979 0.3994 0.1992 0.8949 0.3933 0.2401 0.8875 0.3920 0.3069 0.8673 0.3792 0.4447 0.8115 0.3847 0.4429 0.8099 0.3794 0.4613 0.8021 0.3829 0.4033 0.8311 0.3894 0.3740 0.8417 0.3791 -0.4346 0.8169 0.3799 -0.4523 0.8069 0.3779 -0.4653 0.8004 0.3884 -0.3968 0.8317 0.3965 -0.2795 0.8745 0.3972 -0.2307 0.8883 0.4011 -0.1454 0.9044 0.3994 -0.1092 0.9102 0.4011 -0.0918 0.9114 0.4043 -0.0471 0.9134 0.4019 -0.0375 0.9149 0.4010 -0.0232 0.9158 0.4023 0.0429 0.9145 0.4013 0.0655 0.9136 0.4020 0.0900 0.9112 0.4033 0.1131 0.9081 0.3983 0.1720 0.9010 0.3976 0.1854 0.8986 0.3944 0.2118 0.8942 0.3905 0.2909 0.8734 0.3905 0.3225 0.8623 0.3872 0.3745 0.8425 0.3847 0.4034 0.8302 0.3766 0.4647 0.8014 0.3737 0.4677 0.8010 0.3695 0.4285 0.8245 0.3699 0.3752 0.8500 0.3720 -0.3615 0.8550 0.3735 -0.3947 0.8395 0.3637 -0.4285 0.8271 0.3745 -0.4505 0.8105 0.3851 -0.3833 0.8395 0.3816 -0.3911 0.8375 0.3902 -0.3259 0.8611 0.3920 -0.2958 0.8711 0.3971 -0.2600 0.8802 0.3977 -0.1838 0.8989 0.3963 -0.1017 0.9125 0.3976 -0.0402 0.9167 0.4014 0.0316 0.9154 0.3970 0.0958 0.9128 0.3925 0.1582 0.9061 0.3953 0.1706 0.9026 0.3946 0.1868 0.8997 0.3878 0.2870 0.8759 0.3842 0.3644 0.8483 0.3842 0.3758 0.8433 0.3835 0.3928 0.8358 0.3799 0.4063 0.8310 0.3729 0.4667 0.8019 0.3676 0.4720 0.8013 0.3676 0.4717 0.8015 0.3748 0.4165 0.8283 0.3689 0.3501 0.8610 0.3690 -0.4646 0.8050 0.3708 -0.4701 0.8009 0.3781 -0.4454 0.8116 0.3758 -0.4189 0.8266 0.3836 -0.3708 0.8458 0.3870 -0.3217 0.8641 0.3883 -0.2861 0.8760 0.3891 -0.2586 0.8842 0.3955 -0.1552 0.9053 0.3958 -0.0669 0.9159 0.3970 -0.0498 0.9165 0.3952 -0.0381 0.9178 0.3942 -0.0289 0.9185 0.4003 -0.0128 0.9163 0.3956 -0.0123 0.9183 0.3990 -0.0034 0.9169 0.3965 -0.0006 0.9180 0.3949 0.0087 0.9187 0.3942 0.0183 0.9188 0.3919 0.0213 0.9198 0.3983 0.0387 0.9164 0.3965 0.0590 0.9161 0.3936 0.0660 0.9169 0.3933 0.0834 0.9156 0.3917 0.1797 0.9024 0.3910 0.1926 0.9000 0.3891 0.2203 0.8945 0.3828 0.2540 0.8882 0.3866 0.2933 0.8744 0.3843 0.3348 0.8604 0.3821 0.3878 0.8388 0.3753 0.4352 0.8184 0.3503 0.4086 0.8428 0.3629 0.3961 0.8435 0.3491 -0.3421 0.8724 0.3572 -0.3665 0.8591 0.3498 -0.4096 0.8425 0.3566 -0.4538 0.8166 0.3697 -0.4620 0.8061 0.3709 -0.4288 0.8238 0.3737 -0.3923 0.8405 0.3823 -0.3479 0.8560 0.3926 -0.2239 0.8920 0.3866 -0.2364 0.8914 0.3923 -0.1766 0.9027 0.3930 -0.1606 0.9054 0.3952 -0.1410 0.9077 0.3936 -0.1240 0.9109 0.3953 -0.0801 0.9151 0.3936 -0.0820 0.9156 0.3902 -0.0463 0.9196 0.3923 0.0296 0.9194 0.3941 0.0448 0.9180 0.3914 0.0789 0.9168 0.3902 0.0932 0.9160 0.3878 0.1373 0.9115 0.3882 0.1862 0.9026 0.3861 0.2092 0.8984 0.3841 0.2259 0.8953 0.3816 0.2728 0.8832 0.3850 0.2776 0.8802 0.3815 0.3199 0.8673 0.3742 0.4126 0.8305 0.3499 0.4614 0.8153 0.3609 0.4470 0.8185 0.3448 0.3858 0.8558 0.3445 0.3607 0.8667 0.3334 0.3436 0.8779 0.3401 0.3317 0.8799 0.3369 -0.3545 0.8722 0.3482 -0.4264 0.8348 0.3518 -0.4631 0.8135 0.3682 -0.4401 0.8190 0.3686 -0.4286 0.8249 0.3826 -0.3218 0.8661 0.3872 -0.2465 0.8884 0.3894 -0.2099 0.8968 0.3884 -0.1844 0.9028 0.3888 -0.1719 0.9051 0.3905 -0.1209 0.9126 0.3864 -0.1291 0.9132 0.3902 -0.0989 0.9154 0.3864 -0.0839 0.9185 0.3927 -0.0550 0.9180 0.3903 -0.0380 0.9199 0.3867 -0.0394 0.9214 0.3876 -0.0184 0.9216 0.3889 -0.0080 0.9212 0.3892 -0.0027 0.9211 0.3909 0.0079 0.9204 0.3872 0.0169 0.9218 0.3862 0.0323 0.9218 0.3878 0.0731 0.9188 0.3896 0.1222 0.9128 0.3846 0.1781 0.9057 0.3759 0.3169 0.8708 0.3664 0.4252 0.8276 0.3653 0.4619 0.8082 0.3573 0.4802 0.8011 0.3474 0.4423 0.8269 0.3460 -0.3840 0.8561 0.3581 -0.4766 0.8029 0.3642 -0.4640 0.8075 0.3757 -0.3594 0.8542 0.3788 -0.3037 0.8742 0.3833 -0.2341 0.8935 0.3840 -0.2050 0.9003 0.3860 -0.1522 0.9099 0.3865 -0.0974 0.9171 0.3882 -0.0625 0.9194 0.3877 0.0010 0.9218 0.3888 0.0273 0.9209 0.3864 0.0807 0.9188 0.3807 0.0752 0.9216 0.3858 0.1018 0.9169 0.3862 0.1565 0.9090 0.3830 0.2021 0.9014 0.3789 0.2394 0.8939 0.3725 0.2624 0.8902 0.3755 0.2866 0.8814 0.3706 0.3228 0.8709 0.3680 0.3464 0.8629 0.3742 0.3774 0.8471 0.3659 0.4113 0.8348 0.3662 0.4421 0.8188 0.3551 0.4827 0.8006 0.3405 0.4393 0.8313 0.3355 0.4185 0.8440 0.3211 0.3998 0.8585 0.3200 0.3772 0.8691 0.3163 0.3387 0.8861 0.3172 -0.3306 0.8888 0.3255 -0.3771 0.8671 0.3329 -0.3976 0.8550 0.3321 -0.4186 0.8453 0.3425 -0.4453 0.8273 0.3611 -0.4579 0.8124 0.3725 -0.3489 0.8599 0.3806 -0.2655 0.8858 0.3783 -0.2057 0.9025 0.3826 -0.1852 0.9051 0.3839 -0.1271 0.9146 0.3837 -0.1193 0.9157 0.3837 -0.1089 0.9170 0.3849 -0.0054 0.9230 0.3803 -0.0073 0.9248 0.3861 0.0062 0.9224 0.3841 0.0174 0.9231 0.3803 0.0262 0.9245 0.3834 0.0467 0.9224 0.3798 0.0954 0.9201 0.3821 0.1200 0.9163 0.3808 0.1708 0.9087 0.3786 0.1851 0.9069 0.3776 0.2047 0.9030 0.3712 0.2233 0.9013 0.3746 0.2366 0.8965 0.3712 0.3560 0.8576 0.3637 0.4025 0.8401 0.3588 0.4421 0.8221 0.3588 0.4653 0.8092 0.3429 0.4782 0.8086 0.2989 0.3617 0.8831 0.2934 0.3432 0.8922 0.2983 0.3323 0.8948 0.2868 0.3165 0.9042 0.3086 -0.3532 0.8832 0.3095 -0.3752 0.8737 0.3454 -0.4649 0.8152 0.3613 -0.4333 0.8257 0.3672 -0.3890 0.8449 0.3731 -0.2828 0.8836 0.3760 -0.2270 0.8984 0.3822 -0.1437 0.9128 0.3777 -0.1408 0.9152 0.3787 -0.1132 0.9186 0.3846 -0.0651 0.9208 0.3781 -0.0715 0.9230 0.3829 -0.0348 0.9232 0.3803 -0.0319 0.9243 0.3827 -0.0151 0.9238 0.3790 0.0118 0.9253 0.3806 0.0336 0.9241 0.3785 0.0484 0.9243 0.3782 0.0575 0.9240 0.3758 0.0945 0.9219 0.3759 0.1492 0.9146 0.3769 0.1816 0.9083 0.3747 0.1988 0.9056 0.3711 0.2491 0.8946 0.3688 0.3189 0.8731 0.3622 0.3511 0.8635 0.3642 0.3584 0.8596 0.3609 0.3814 0.8511 0.3559 0.4360 0.8266 0.3564 0.4190 0.8351 0.3456 0.4908 0.7998 0.3356 0.4841 0.8081 0.3073 0.4017 0.8627 0.2665 0.3288 0.9060 0.2818 0.3290 0.9013 0.2841 -0.3238 0.9025 0.3211 -0.4278 0.8449 0.3312 -0.4533 0.8276 0.3376 -0.4755 0.8124 0.3505 -0.4878 0.7995 0.3527 -0.4734 0.8072 0.3556 -0.4209 0.8345 0.3636 -0.3785 0.8512 0.3661 -0.3309 0.8698 0.3700 -0.3102 0.8757 0.3753 -0.2545 0.8913 0.3763 -0.1917 0.9064 0.3783 -0.1633 0.9112 0.3787 -0.0919 0.9210 0.3771 -0.0520 0.9247 0.3767 -0.0321 0.9258 0.3778 0.0303 0.9254 0.3740 0.0473 0.9262 0.3743 0.0753 0.9243 0.3729 0.1073 0.9216 0.3759 0.1178 0.9192 0.3721 0.1841 0.9097 0.3669 0.2065 0.9071 0.3683 0.2887 0.8838 0.3599 0.3719 0.8557 0.3489 0.4319 0.8317 0.3485 0.4696 0.8112 0.3509 0.4791 0.8046 0.3232 0.4693 0.8218 0.3232 0.4522 0.8313 0.3267 0.4326 0.8403 0.2816 0.3639 0.8879 0.2736 -0.3378 0.9006 0.3059 -0.3955 0.8661 0.3240 -0.4610 0.8261 0.3488 -0.4651 0.8136 0.3567 -0.3865 0.8505 0.3661 -0.3448 0.8643 0.3661 -0.3163 0.8752 0.3684 -0.2735 0.8885 0.3692 -0.2517 0.8946 0.3732 -0.2210 0.9011 0.3724 -0.1478 0.9162 0.3739 -0.1348 0.9176 0.3756 -0.0432 0.9258 0.3714 -0.0480 0.9272 0.3747 -0.0261 0.9268 0.3709 -0.0190 0.9285 0.3766 -0.0033 0.9264 0.3801 0.0061 0.9249 0.3768 0.0046 0.9263 0.3723 -0.0011 0.9281 0.3745 0.0119 0.9272 0.3713 0.0173 0.9284 0.3745 0.0340 0.9266 0.3693 0.0559 0.9276 0.3697 0.1754 0.9124 0.3691 0.1858 0.9106 0.3650 0.2337 0.9012 0.3620 0.2539 0.8969 0.3642 0.2717 0.8908 0.3625 0.3069 0.8800 0.3615 0.3369 0.8694 0.3555 0.3853 0.8516 0.3507 0.4458 0.8236 0.3185 0.4579 0.8300 0.2990 0.4251 0.8544 0.3100 0.4427 0.8413 0.2944 0.4068 0.8647 0.2567 0.3695 0.8931 0.2628 0.3596 0.8953 0.2498 0.3461 0.9043 0.2671 -0.3572 0.8950 0.2713 -0.3932 0.8785 0.2809 -0.4106 0.8674 0.2959 -0.4151 0.8603 0.3111 -0.4437 0.8404 0.3029 -0.4507 0.8397 0.3321 -0.4930 0.8041 0.3396 -0.4985 0.7976 0.3444 -0.4696 0.8129 0.3591 -0.3611 0.8606 0.3629 -0.3350 0.8695 0.3662 -0.3021 0.8802 0.3658 -0.2329 0.9011 0.3702 -0.1623 0.9146 0.3679 -0.1515 0.9174 0.3723 -0.1216 0.9201 0.3718 -0.1028 0.9226 0.3691 -0.0866 0.9253 0.3714 -0.0620 0.9264 0.3736 -0.0517 0.9261 0.3718 -0.0086 0.9283 0.3691 0.0258 0.9290 0.3706 0.0771 0.9256 0.3680 0.0961 0.9248 0.3714 0.1251 0.9200 0.3640 0.1340 0.9217 0.3698 0.1560 0.9159 0.3667 0.1779 0.9131 0.3653 0.2205 0.9044 0.3573 0.2712 0.8937 0.3570 0.3172 0.8786 0.3653 0.3182 0.8748 0.3569 0.3425 0.8691 0.3470 0.4173 0.8399 0.3534 0.4034 0.8440 0.3390 0.4941 0.8006 0.3394 0.4988 0.7975 0.3268 0.4915 0.8072 0.3092 0.4510 0.8372 0.2804 0.3944 0.8751 0.2342 0.3524 0.9061 0.2428 -0.3403 0.9084 0.3288 -0.5019 0.8000 0.3328 -0.5074 0.7949 0.3425 -0.4706 0.8132 0.3461 -0.4550 0.8205 0.3594 -0.3344 0.8712 0.3632 -0.2878 0.8862 0.3704 -0.1846 0.9104 0.3684 -0.1231 0.9215 0.3687 -0.0132 0.9295 0.3675 -0.0046 0.9300 0.3640 -0.0159 0.9313 0.3662 -0.0003 0.9305 0.3642 0.0078 0.9313 0.3662 0.1568 0.9172 0.3636 0.1662 0.9166 0.3636 0.2214 0.9049 0.3602 0.2395 0.9016 0.3496 0.3508 0.8687 0.3486 0.3714 0.8605 0.3484 0.3891 0.8527 0.3425 0.4728 0.8119 0.3384 0.4889 0.8040 0.3291 0.5040 0.7986 0.3282 0.5109 0.7945 0.3190 0.5018 0.8040 0.3136 0.4887 0.8141 0.2914 0.4399 0.8494 0.2603 0.3881 0.8841 0.2301 -0.3420 0.9111 0.2416 -0.3703 0.8969 0.2747 -0.4097 0.8699 0.2855 -0.4327 0.8551 0.2767 -0.4520 0.8480 0.2997 -0.4566 0.8376 0.3145 -0.4713 0.8240 0.3181 -0.4970 0.8074 0.3387 -0.4905 0.8029 0.3398 -0.4706 0.8143 0.3523 -0.3722 0.8587 0.3576 -0.3251 0.8755 0.3562 -0.3057 0.8830 0.3619 -0.2718 0.8917 0.3574 -0.2507 0.8997 0.3612 -0.2185 0.9065 0.3647 -0.1534 0.9184 0.3661 -0.1408 0.9198 0.3610 -0.1157 0.9254 0.3661 -0.0728 0.9277 0.3665 -0.0579 0.9286 0.3611 -0.0704 0.9299 0.3670 -0.0432 0.9292 0.3648 -0.0350 0.9304 0.3656 -0.0239 0.9304 0.3661 0.0429 0.9296 0.3651 0.0323 0.9304 0.3623 0.0489 0.9308 0.3650 0.0672 0.9286 0.3616 0.0992 0.9270 0.3569 0.1121 0.9274 0.3598 0.1655 0.9182 0.3602 0.2058 0.9099 0.3393 0.4340 0.8345 0.3424 0.4325 0.8341 0.3368 0.4744 0.8133 0.3408 0.4449 0.8282 0.3336 0.4996 0.7995 0.3002 0.4664 0.8321 0.2816 0.4258 0.8599 0.2704 0.4075 0.8723 0.2390 0.3785 0.8942 0.2286 0.3555 0.9063 0.2517 -0.3946 0.8837 0.2664 -0.4091 0.8727 0.2956 -0.4724 0.8303 0.3080 -0.4870 0.8173 0.3242 -0.5081 0.7980 0.3359 -0.4722 0.8150 0.3445 -0.4358 0.8315 0.3491 -0.3482 0.8700 0.3512 -0.2758 0.8947 0.3629 -0.1849 0.9133 0.3599 -0.1834 0.9148 0.3627 -0.0968 0.9269 0.3605 -0.0205 0.9325 0.3612 -0.0010 0.9325 0.3557 0.1484 0.9227 0.3568 0.1849 0.9157 0.3567 0.2026 0.9120 0.3582 0.2339 0.9039 0.3541 0.2526 0.9005 0.3505 0.2924 0.8898 0.3511 0.3173 0.8810 0.3440 0.3828 0.8574 0.3456 0.3865 0.8551 0.3060 0.4911 0.8156 0.2679 0.4263 0.8640 0.2263 0.3694 0.9013 0.2237 0.3621 0.9049 0.3156 -0.5043 0.8038 0.3297 -0.5004 0.8005 0.3389 -0.4267 0.8385 0.3426 -0.3913 0.8541 0.3394 -0.3980 0.8523 0.3510 -0.3196 0.8801 0.3543 -0.2873 0.8899 0.3520 -0.2504 0.9019 0.3564 -0.2165 0.9089 0.3567 -0.1977 0.9131 0.3630 -0.1311 0.9225 0.3593 -0.0941 0.9285 0.3600 -0.0535 0.9314 0.3608 -0.0351 0.9320 0.3607 -0.0278 0.9323 0.3577 -0.0314 0.9333 0.3597 -0.0149 0.9330 0.3605 -0.0057 0.9327 0.3542 -0.0122 0.9351 0.3594 0.0002 0.9332 0.3569 0.0018 0.9341 0.3626 0.0153 0.9318 0.3630 0.0391 0.9310 0.3580 0.0536 0.9322 0.3612 0.0769 0.9293 0.3572 0.1648 0.9194 0.3560 0.1674 0.9194 0.3537 0.1781 0.9182 0.3530 0.2149 0.9106 0.3453 0.2355 0.9084 0.3434 0.3241 0.8815 0.3409 0.3722 0.8633 0.3435 0.3947 0.8522 0.3303 0.4788 0.8134 0.3228 0.5203 0.7907 0.2872 0.4806 0.8286 0.2485 0.4261 0.8699 0.2408 0.4029 0.8830 0.2167 0.3651 0.9054 0.2159 -0.3484 0.9122 0.1953 -0.3591 0.9126 0.2312 -0.3836 0.8941 0.2552 -0.4210 0.8704 0.2639 -0.4522 0.8519 0.2607 -0.4642 0.8465 0.2942 -0.4880 0.8218 0.3056 -0.5047 0.8074 0.3255 -0.5157 0.7925 0.3213 -0.5163 0.7939 0.3270 -0.4995 0.8022 0.3394 -0.3857 0.8579 0.3600 -0.1693 0.9175 0.3530 -0.1726 0.9196 0.3523 -0.1516 0.9235 0.3528 -0.0828 0.9320 0.3535 -0.0581 0.9336 0.3558 0.0098 0.9345 0.3581 0.0236 0.9334 0.3573 0.0672 0.9316 0.3528 0.0561 0.9340 0.3563 0.0820 0.9308 0.3510 0.0919 0.9319 0.3507 0.1637 0.9221 0.3488 0.1949 0.9167 0.3445 0.2978 0.8903 0.3423 0.3171 0.8845 0.3430 0.3432 0.8744 0.3382 0.4120 0.8461 0.3286 0.4589 0.8255 0.3241 0.5133 0.7946 0.3240 0.5033 0.8011 0.3151 0.5273 0.7891 0.3072 0.5119 0.8022 0.2852 0.4950 0.8207 0.2682 0.4512 0.8512 0.2685 0.4650 0.8436 0.2490 0.4391 0.8632 0.2276 0.4040 0.8860 0.2811 -0.4843 0.8285 0.2920 -0.5047 0.8124 0.3140 -0.5301 0.7877 0.3158 -0.5299 0.7871 0.3294 -0.4812 0.8124 0.3283 -0.4589 0.8256 0.3356 -0.4170 0.8447 0.3440 -0.3423 0.8743 0.3465 -0.2847 0.8938 0.3475 -0.2558 0.9021 0.3525 -0.2003 0.9141 0.3527 -0.1880 0.9166 0.3564 -0.1181 0.9268 0.3547 -0.0962 0.9300 0.3558 0.0311 0.9340 0.3510 0.1444 0.9252 0.3436 0.2083 0.9157 0.3437 0.2284 0.9108 0.3444 0.2547 0.9036 0.3393 0.3382 0.8778 0.3316 0.4182 0.8457 0.3313 0.4348 0.8374 0.3183 0.5229 0.7907 0.2877 0.5118 0.8095 0.3041 0.5279 0.7930 0.2701 0.4907 0.8284 0.2676 0.4754 0.8381 0.2476 0.4516 0.8572 0.2294 0.4254 0.8754 0.1938 -0.3797 0.9046 0.2154 -0.4017 0.8901 0.2042 -0.4405 0.8742 0.2395 -0.4446 0.8631 0.2323 -0.4483 0.8632 0.3323 -0.4126 0.8481 0.3432 -0.3167 0.8843 0.3451 -0.2619 0.9013 0.3476 -0.2385 0.9068 0.3478 -0.1881 0.9185 0.3492 -0.1756 0.9204 0.3487 -0.1395 0.9268 0.3532 -0.1141 0.9286 0.3468 -0.1009 0.9325 0.3488 -0.0533 0.9357 0.3539 -0.0289 0.9349 0.3485 -0.0181 0.9371 0.3512 -0.0123 0.9362 0.3502 -0.0093 0.9366 0.3505 -0.0020 0.9366 0.3480 0.0175 0.9373 0.3510 0.0347 0.9357 0.3479 0.0378 0.9368 0.3507 0.0700 0.9339 0.3504 0.1222 0.9286 0.3471 0.1475 0.9261 0.3473 0.1735 0.9215 0.3460 0.1880 0.9192 0.3427 0.2465 0.9065 0.3407 0.2626 0.9028 0.3457 0.2616 0.9012 0.3377 0.3331 0.8804 0.3281 0.3556 0.8751 0.3355 0.3495 0.8748 0.3339 0.3908 0.8578 0.3282 0.4436 0.8340 0.3215 0.4831 0.8144 0.3176 0.5170 0.7949 0.3127 0.5332 0.7860 0.3075 0.5405 0.7831 0.2805 0.5171 0.8087 0.2375 0.4725 0.8487 0.2006 0.4351 0.8778 0.1943 0.3884 0.9008 0.1709 -0.3815 0.9084 0.2298 -0.4573 0.8591 0.2714 -0.5025 0.8209 0.2889 -0.5226 0.8021 0.3018 -0.5406 0.7853 0.3101 -0.5375 0.7842 0.3185 -0.5142 0.7963 0.3265 -0.4438 0.8346 0.3240 -0.4364 0.8394 0.3285 -0.4223 0.8449 0.3379 -0.3524 0.8727 0.3370 -0.3314 0.8813 0.3400 -0.3095 0.8880 0.3443 -0.2775 0.8969 0.3404 -0.2793 0.8978 0.3404 -0.2497 0.9065 0.3452 -0.2142 0.9138 0.3430 -0.1951 0.9188 0.3477 -0.0687 0.9351 0.3495 0.0094 0.9369 0.3449 0.1219 0.9307 0.3435 0.1722 0.9233 0.3408 0.2379 0.9095 0.3326 0.3574 0.8727 0.3360 0.3606 0.8701 0.3277 0.4115 0.8505 0.3181 0.4669 0.8251 0.3071 0.5403 0.7834 0.2948 0.5335 0.7927 0.2872 0.5379 0.7926 0.2653 0.5009 0.8238 0.2583 0.5057 0.8231 0.1660 -0.4284 0.8882 0.2269 -0.4466 0.8655 0.2334 -0.4758 0.8481 0.2521 -0.4785 0.8411 0.2724 -0.5171 0.8114 0.3005 -0.5469 0.7814 0.3192 -0.4973 0.8067 0.3198 -0.4792 0.8174 0.3313 -0.3934 0.8576 0.3334 -0.3557 0.8731 0.3374 -0.3056 0.8904 0.3458 -0.1234 0.9301 0.3415 -0.1149 0.9328 0.3457 -0.0869 0.9343 0.3486 -0.0381 0.9365 0.3466 -0.0169 0.9379 0.3424 0.0187 0.9394 0.3454 0.0340 0.9378 0.3436 0.0328 0.9385 0.3464 0.0478 0.9369 0.3454 0.0678 0.9360 0.3444 0.0943 0.9341 0.3398 0.1609 0.9266 0.3392 0.2171 0.9153 0.3345 0.2851 0.8982 0.3340 0.3092 0.8904 0.3220 0.4256 0.8457 0.3227 0.4564 0.8292 0.3226 0.4368 0.8397 0.3135 0.4885 0.8143 0.3101 0.5229 0.7940 0.3172 0.4946 0.8092 0.2995 0.5486 0.7806 0.2909 0.5548 0.7795 0.2731 0.5215 0.8084 0.2651 0.5261 0.8081 0.2460 0.4949 0.8334 0.2111 0.4572 0.8639 0.1727 0.3979 0.9010 0.1537 0.3930 0.9066 0.1868 -0.4492 0.8737 0.2182 -0.4700 0.8553 0.2579 -0.5088 0.8214 0.2822 -0.5419 0.7916 0.2918 -0.5464 0.7850 0.3119 -0.5244 0.7923 0.3167 -0.4719 0.8228 0.3295 -0.3621 0.8720 0.3321 -0.3410 0.8794 0.3368 -0.2768 0.9000 0.3314 -0.2772 0.9019 0.3358 -0.2364 0.9118 0.3375 -0.2018 0.9194 0.3418 -0.1563 0.9267 0.3357 -0.1451 0.9307 0.3392 -0.1062 0.9347 0.3443 -0.0647 0.9366 0.3422 -0.0624 0.9376 0.3433 -0.0396 0.9384 0.3442 -0.0252 0.9385 0.3431 -0.0166 0.9392 0.3466 -0.0015 0.9380 0.3432 0.0503 0.9379 0.3393 0.0321 0.9401 0.3410 0.0519 0.9386 0.3369 0.0843 0.9378 0.3381 0.1016 0.9356 0.3405 0.1085 0.9339 0.3413 0.1381 0.9297 0.3377 0.1878 0.9223 0.3333 0.2338 0.9134 0.3341 0.2675 0.9038 0.3279 0.3184 0.8894 0.3265 0.3422 0.8811 0.3212 0.3667 0.8731 0.3248 0.3938 0.8599 0.3181 0.4544 0.8321 0.3107 0.4739 0.8239 0.2877 0.5634 0.7745 0.2796 0.5420 0.7925 0.2723 0.5464 0.7921 0.2505 0.5111 0.8222 0.2346 0.5127 0.8259 0.2204 0.4927 0.8418 0.1975 0.4631 0.8640 0.1683 0.4339 0.8851 0.2319 -0.4949 0.8374 0.2687 -0.5350 0.8010 0.2972 -0.5553 0.7768 0.3033 -0.5445 0.7820 0.3168 -0.4454 0.8374 0.3132 -0.4365 0.8434 0.3242 -0.3850 0.8641 0.3268 -0.3521 0.8771 0.3311 -0.3186 0.8882 0.3325 -0.2292 0.9148 0.3412 -0.1761 0.9233 0.3381 -0.1727 0.9251 0.3349 -0.1703 0.9267 0.3403 -0.0938 0.9356 0.3424 -0.0774 0.9364 0.3393 -0.0367 0.9400 0.3419 -0.0024 0.9397 0.3366 0.0438 0.9406 0.3396 0.0649 0.9383 0.3360 0.1125 0.9351 0.3345 0.1274 0.9337 0.3361 0.1451 0.9306 0.3318 0.2013 0.9216 0.3262 0.2564 0.9099 0.3277 0.3047 0.8943 0.3212 0.3452 0.8819 0.3163 0.4356 0.8427 0.3075 0.4639 0.8308 0.3043 0.5104 0.8043 0.3049 0.5268 0.7935 0.2959 0.5593 0.7743 0.2827 0.5579 0.7803 0.2770 0.5593 0.7813 0.2566 0.5312 0.8075 0.2488 0.5380 0.8054 0.2184 0.5076 0.8335 0.1922 0.4802 0.8558 0.1629 0.4562 0.8749 0.1400 -0.4101 0.9012 0.1477 -0.4481 0.8817 0.1567 -0.4315 0.8884 0.1625 -0.4501 0.8781 0.1936 -0.4762 0.8577 0.2464 -0.5232 0.8158 0.2667 -0.5536 0.7889 0.2794 -0.5624 0.7782 0.2975 -0.5466 0.7828 0.3090 -0.5142 0.8001 0.3114 -0.4554 0.8341 0.3210 -0.3591 0.8763 0.3298 -0.3043 0.8937 0.3350 -0.1867 0.9235 0.3338 -0.1326 0.9333 0.3343 -0.1069 0.9364 0.3364 -0.0853 0.9379 0.3330 -0.0513 0.9415 0.3362 -0.0350 0.9412 0.3399 -0.0111 0.9404 0.3406 0.0023 0.9402 0.3345 -0.0054 0.9424 0.3337 -0.0001 0.9427 0.3371 0.0081 0.9414 0.3344 0.0094 0.9424 0.3335 0.0177 0.9426 0.3310 0.1234 0.9355 0.3311 0.1669 0.9287 0.3262 0.2259 0.9179 0.3228 0.2756 0.9054 0.3254 0.2853 0.9015 0.3252 0.3007 0.8966 0.3218 0.3268 0.8886 0.3177 0.4142 0.8529 0.3174 0.4002 0.8597 0.2878 0.5725 0.7677 0.2784 0.5765 0.7682 0.2764 0.5651 0.7773 0.2661 0.5510 0.7910 0.2596 0.5570 0.7889 0.2288 0.5240 0.8204 0.1924 0.5007 0.8440 0.1740 -0.4864 0.8562 0.1935 -0.5057 0.8407 0.2196 -0.5255 0.8220 0.2518 -0.5492 0.7969 0.2721 -0.5698 0.7754 0.2925 -0.5659 0.7709 0.3003 -0.5284 0.7941 0.3044 -0.5028 0.8090 0.3068 -0.4769 0.8237 0.3135 -0.4120 0.8556 0.3121 -0.3985 0.8625 0.3263 -0.3269 0.8870 0.3277 -0.2348 0.9151 0.3323 -0.2101 0.9195 0.3312 -0.1580 0.9302 0.3320 -0.1504 0.9312 0.3354 -0.0558 0.9404 0.3286 -0.0728 0.9417 0.3302 -0.0462 0.9428 0.3351 -0.0262 0.9418 0.3304 0.0235 0.9435 0.3307 0.0657 0.9414 0.3315 0.0855 0.9396 0.3316 0.1022 0.9379 0.3285 0.1953 0.9241 0.3220 0.3145 0.8930 0.3113 0.3986 0.8626 0.3127 0.4318 0.8460 0.3037 0.4944 0.8145 0.3001 0.5248 0.7966 0.2662 0.5731 0.7750 0.2407 0.5450 0.8031 0.2076 0.5301 0.8221 0.2352 -0.5577 0.7960 0.2554 -0.5786 0.7746 0.2662 -0.5662 0.7801 0.2702 -0.5794 0.7690 0.2886 -0.5678 0.7709 0.2973 -0.5100 0.8072 0.3076 -0.4621 0.8318 0.3253 -0.3203 0.8897 0.3233 -0.3000 0.8975 0.3255 -0.2745 0.9048 0.3235 -0.2597 0.9099 0.3304 -0.1696 0.9285 0.3318 -0.0992 0.9381 0.3256 0.0641 0.9433 0.3234 0.1181 0.9389 0.3247 0.1828 0.9280 0.3263 0.2028 0.9232 0.3241 0.2094 0.9226 0.3222 0.2242 0.9197 0.3199 0.2687 0.9085 0.3151 0.3277 0.8907 0.3161 0.3434 0.8844 0.3117 0.3804 0.8707 0.3051 0.4506 0.8390 0.3040 0.4697 0.8288 0.3007 0.5034 0.8100 0.2996 0.5170 0.8019 0.2968 0.5435 0.7851 0.2831 0.5792 0.7645 0.2738 0.5878 0.7613 0.2472 0.5631 0.7886 0.2257 0.5593 0.7976 0.2177 0.5493 0.8068 0.1964 0.5366 0.8207 0.1692 0.5106 0.8430 0.1481 0.4634 0.8737 0.1330 0.4344 0.8908 0.1358 -0.4426 0.8864 0.1623 -0.4895 0.8568 0.1595 -0.5045 0.8486 0.1700 -0.5082 0.8443 0.2147 -0.5512 0.8063 0.2654 -0.5868 0.7650 0.2814 -0.5814 0.7634 0.2975 -0.5206 0.8003 0.3021 -0.4818 0.8226 0.3087 -0.4058 0.8602 0.3200 -0.3307 0.8878 0.3294 -0.2034 0.9220 0.3265 -0.1442 0.9341 0.3222 -0.1521 0.9344 0.3321 -0.0821 0.9397 0.3341 -0.0138 0.9424 0.3250 -0.0298 0.9452 0.3297 -0.0130 0.9440 0.3259 -0.0120 0.9453 0.3292 -0.0042 0.9442 0.3278 -0.0018 0.9448 0.3305 0.0048 0.9438 0.3286 0.0076 0.9444 0.3272 0.0125 0.9449 0.3320 0.0498 0.9420 0.3264 0.0495 0.9439 0.3203 0.0443 0.9463 0.3248 0.1094 0.9394 0.3249 0.1372 0.9357 0.3194 0.1588 0.9342 0.3204 0.1851 0.9290 0.3184 0.2121 0.9239 0.3179 0.2480 0.9151 0.3178 0.2977 0.9002 0.3114 0.3703 0.8752 0.2985 0.4476 0.8430 0.2999 0.4954 0.8152 0.2931 0.5379 0.7904 0.2322 0.5772 0.7829 0.2241 0.5678 0.7921 0.2143 0.5567 0.8026 0.1334 0.4544 0.8808 0.1869 -0.5218 0.8324 0.2310 -0.5781 0.7826 0.2809 -0.5834 0.7621 0.3040 -0.4569 0.8360 0.3032 -0.4492 0.8404 0.3057 -0.4302 0.8494 0.3058 -0.4103 0.8591 0.3115 -0.3793 0.8712 0.3092 -0.3761 0.8734 0.3171 -0.3202 0.8927 0.3225 -0.2424 0.9150 0.3232 -0.2081 0.9232 0.3270 -0.1671 0.9302 0.3229 -0.1570 0.9333 0.3272 -0.0637 0.9428 0.3210 -0.0857 0.9432 0.3217 -0.0649 0.9446 0.3276 -0.0382 0.9440 0.3252 -0.0216 0.9454 0.3217 0.0064 0.9468 0.3266 0.0894 0.9409 0.3205 0.1055 0.9414 0.3186 0.1224 0.9399 0.3162 0.1884 0.9298 0.3176 0.2021 0.9264 0.3129 0.2820 0.9070 0.2981 0.4666 0.8327 0.2960 0.4897 0.8201 0.2907 0.5290 0.7973 0.2875 0.5545 0.7809 0.2682 0.6067 0.7483 0.2509 0.5815 0.7739 0.2266 0.5814 0.7814 0.2223 0.5751 0.7873 0.1397 0.4763 0.8681 0.1990 -0.5616 0.8031 0.2368 -0.5964 0.7670 0.2499 -0.5983 0.7613 0.2691 -0.5968 0.7559 0.2855 -0.5685 0.7715 0.2913 -0.5445 0.7865 0.2947 -0.4968 0.8163 0.2952 -0.4745 0.8293 0.3009 -0.4528 0.8393 0.3118 -0.3583 0.8800 0.3181 -0.2745 0.9075 0.3196 -0.1762 0.9310 0.3250 -0.1241 0.9375 0.3242 -0.1087 0.9397 0.3219 0.0257 0.9464 0.3220 0.0568 0.9450 0.3221 0.1208 0.9390 0.3171 0.1682 0.9334 0.3164 0.2045 0.9263 0.3142 0.2249 0.9223 0.3106 0.2765 0.9095 0.3119 0.3033 0.9004 0.3099 0.3299 0.8917 0.3081 0.3491 0.8850 0.3059 0.3721 0.8763 0.3031 0.4060 0.8621 0.2922 0.4845 0.8246 0.2891 0.5178 0.8052 0.2864 0.5398 0.7916 0.2500 0.6010 0.7591 0.2354 0.5890 0.7731 0.2065 0.5856 0.7839 0.2058 0.5717 0.7943 0.1928 0.5487 0.8135 0.1456 0.4993 0.8541 0.1564 -0.5161 0.8422 0.2084 -0.5878 0.7817 0.2238 -0.5949 0.7720 0.2609 -0.6132 0.7456 0.2752 -0.5936 0.7562 0.2818 -0.5742 0.7686 0.2981 -0.4410 0.8465 0.3056 -0.3891 0.8690 0.3088 -0.3534 0.8831 0.3143 -0.3072 0.8982 0.3185 -0.2034 0.9259 0.3183 -0.1420 0.9373 0.3184 -0.1286 0.9392 0.3210 -0.1025 0.9415 0.3190 -0.0983 0.9426 0.3208 -0.0297 0.9467 0.3234 -0.0107 0.9462 0.3224 -0.0090 0.9465 0.3212 -0.0046 0.9470 0.3152 -0.0057 0.9490 0.3177 0.0007 0.9482 0.3151 -0.0001 0.9491 0.3150 0.0064 0.9491 0.3130 0.0118 0.9497 0.3135 0.0224 0.9493 0.3192 0.0610 0.9457 0.3139 0.1599 0.9359 0.3126 0.1964 0.9294 0.3113 0.2132 0.9261 0.3114 0.2465 0.9178 0.3098 0.2887 0.9059 0.3036 0.3369 0.8912 0.2945 0.4381 0.8493 0.2933 0.4682 0.8335 0.2831 0.5464 0.7883 0.2819 0.5674 0.7737 0.2706 0.5993 0.7534 0.2397 0.6078 0.7570 0.1957 0.5730 0.7959 0.1776 0.5567 0.8115 0.1574 -0.5340 0.8307 0.1734 -0.5429 0.8217 0.1908 -0.5791 0.7926 0.2296 -0.6098 0.7586 0.2428 -0.6144 0.7507 0.2694 -0.6059 0.7485 0.2851 -0.5367 0.7941 0.2919 -0.4605 0.8383 0.2982 -0.4101 0.8619 0.3033 -0.3801 0.8738 0.3078 -0.3237 0.8947 0.3125 -0.2907 0.9044 0.3081 -0.2968 0.9039 0.3132 -0.2646 0.9121 0.3126 -0.2174 0.9247 0.3167 -0.1627 0.9345 0.3123 -0.0783 0.9468 0.3197 -0.0508 0.9462 0.3194 -0.0411 0.9467 0.3206 0.0868 0.9432 0.3176 0.0892 0.9440 0.3154 0.0955 0.9441 0.3113 0.1087 0.9441 0.3087 0.1883 0.9323 0.3099 0.2024 0.9290 0.3021 0.3622 0.8818 0.2970 0.3925 0.8705 0.2975 0.4208 0.8570 0.2870 0.4982 0.8182 0.2845 0.5222 0.8040 0.2796 0.5370 0.7959 0.2784 0.5696 0.7734 0.2572 0.6207 0.7406 0.2419 0.6155 0.7501 0.2235 0.6056 0.7638 0.1991 0.5963 0.7777 0.1426 0.5117 0.8472 0.1382 -0.5093 0.8494 0.2202 -0.6150 0.7572 0.2334 -0.6173 0.7513 0.2566 -0.6270 0.7356 0.2685 -0.6066 0.7483 0.2854 -0.5098 0.8116 0.2895 -0.4769 0.8299 0.2896 -0.4673 0.8353 0.3095 -0.1841 0.9329 0.3124 -0.1562 0.9370 0.3145 -0.1073 0.9432 0.3181 -0.0212 0.9478 0.3108 0.0319 0.9499 0.3142 0.0719 0.9466 0.3098 0.0804 0.9474 0.3148 0.1352 0.9395 0.3089 0.1322 0.9419 0.3090 0.1572 0.9380 0.3084 0.2052 0.9289 0.3066 0.2252 0.9248 0.3052 0.2648 0.9147 0.3042 0.2852 0.9089 0.3057 0.3060 0.9016 0.2980 0.3614 0.8835 0.2957 0.4165 0.8597 0.2885 0.4772 0.8301 0.2822 0.5009 0.8182 0.2820 0.5146 0.8097 0.2766 0.5627 0.7790 0.2691 0.5825 0.7670 0.2626 0.6153 0.7433 0.2549 0.6287 0.7347 0.2068 0.6058 0.7683 0.1778 0.5680 0.8036 0.1595 0.5464 0.8222 0.1399 -0.5245 0.8399 0.1756 -0.5816 0.7943 0.2109 -0.6320 0.7457 0.2423 -0.6300 0.7379 0.2479 -0.6259 0.7394 0.2772 -0.5758 0.7691 0.2766 -0.5450 0.7915 0.2769 -0.5282 0.8027 0.2868 -0.4747 0.8321 0.2907 -0.4521 0.8433 0.3015 -0.3653 0.8807 0.3007 -0.3538 0.8857 0.3035 -0.3311 0.8935 0.3031 -0.3058 0.9025 0.3095 -0.2523 0.9168 0.3086 -0.2136 0.9269 0.3049 -0.1846 0.9343 0.3083 -0.1600 0.9378 0.3131 -0.0932 0.9451 0.3109 -0.0916 0.9460 0.3132 -0.0499 0.9484 0.3137 -0.0260 0.9492 0.3098 -0.0370 0.9501 0.3144 -0.0183 0.9491 0.3093 -0.0205 0.9507 0.3113 -0.0115 0.9502 0.3092 -0.0104 0.9509 0.3098 -0.0023 0.9508 0.3062 0.0062 0.9519 0.3115 0.0494 0.9489 0.3087 0.0543 0.9496 0.3030 0.1529 0.9406 0.3042 0.1976 0.9319 0.3022 0.2162 0.9284 0.3053 0.2439 0.9205 0.2979 0.3172 0.9004 0.2938 0.3565 0.8869 0.2928 0.3879 0.8740 0.2892 0.4211 0.8597 0.2842 0.4624 0.8399 0.2760 0.5250 0.8051 0.2746 0.5510 0.7881 0.2701 0.5908 0.7602 0.2370 0.6269 0.7422 0.2320 0.6202 0.7494 0.2165 0.6169 0.7567 0.1711 0.5724 0.8019 0.1534 -0.5492 0.8215 0.1976 -0.6096 0.7677 0.2021 -0.6207 0.7576 0.2386 -0.6422 0.7284 0.2652 -0.5983 0.7561 0.2745 -0.5659 0.7774 0.2808 -0.4991 0.8198 0.2871 -0.4542 0.8434 0.2904 -0.4284 0.8557 0.2903 -0.3972 0.8706 0.2982 -0.3610 0.8836 0.2967 -0.3516 0.8879 0.3026 -0.2703 0.9140 0.3065 -0.2450 0.9198 0.3029 -0.2148 0.9285 0.3059 -0.1659 0.9375 0.3083 -0.1445 0.9402 0.3093 -0.0496 0.9497 0.3059 -0.0591 0.9502 0.3093 0.0655 0.9487 0.3040 0.0891 0.9485 0.3070 0.1131 0.9450 0.3067 0.1207 0.9441 0.3007 0.1894 0.9347 0.3015 0.2031 0.9316 0.2987 0.2570 0.9191 0.2984 0.3027 0.9051 0.2990 0.2822 0.9116 0.2968 0.3123 0.9024 0.2779 0.4679 0.8390 0.2813 0.4940 0.8227 0.2735 0.5263 0.8051 0.2698 0.5705 0.7757 0.2359 0.6396 0.7316 0.1895 0.6006 0.7767 0.1467 0.5464 0.8246 0.1987 -0.6240 0.7557 0.2246 -0.6368 0.7376 0.2439 -0.6388 0.7297 0.2698 -0.5691 0.7767 0.2692 -0.5542 0.7876 0.2845 -0.4715 0.8347 0.2792 -0.4819 0.8306 0.2842 -0.4590 0.8418 0.2947 -0.3413 0.8925 0.3004 -0.1868 0.9353 0.2993 -0.1546 0.9416 0.3070 -0.0910 0.9473 0.3058 -0.0799 0.9487 0.3032 -0.0516 0.9515 0.3072 0.0156 0.9515 0.3054 0.0169 0.9521 0.3038 0.0561 0.9511 0.3040 0.1184 0.9453 0.3003 0.1686 0.9388 0.3013 0.2034 0.9316 0.2918 0.2638 0.9194 0.2943 0.3168 0.9017 0.2918 0.3385 0.8946 0.2863 0.3975 0.8718 0.2840 0.4229 0.8605 0.2821 0.4465 0.8491 0.2720 0.4969 0.8241 0.2747 0.5122 0.8138 0.2690 0.5445 0.7944 0.2682 0.5660 0.7796 0.2658 0.5661 0.7803 0.2618 0.6019 0.7544 0.2672 0.5807 0.7690 0.2496 0.6436 0.7235 0.2500 0.6392 0.7272 0.2134 0.6316 0.7454 0.1870 0.6144 0.7666 0.1362 -0.5355 0.8335 0.1641 -0.5867 0.7930 0.1843 -0.6121 0.7690 0.1944 -0.6360 0.7468 0.2039 -0.6369 0.7435 0.2296 -0.6557 0.7193 0.2497 -0.6397 0.7269 0.2568 -0.6280 0.7347 0.2576 -0.6160 0.7445 0.2731 -0.5278 0.8043 0.2814 -0.4526 0.8462 0.2906 -0.3727 0.8813 0.2959 -0.2951 0.9085 0.2996 -0.2705 0.9149 0.2960 -0.2767 0.9142 0.2990 -0.2513 0.9206 0.2998 -0.2155 0.9293 0.2965 -0.2191 0.9295 0.3037 -0.1221 0.9449 0.3081 -0.0979 0.9463 0.3034 -0.1016 0.9474 0.3015 -0.0308 0.9530 0.3071 0.0008 0.9517 0.3040 0.0006 0.9527 0.2998 0.0041 0.9540 0.3037 0.0185 0.9526 0.3033 0.0312 0.9524 0.2994 0.0357 0.9535 0.2950 0.0368 0.9548 0.2989 0.0616 0.9523 0.2974 0.1813 0.9374 0.3003 0.2042 0.9317 0.2943 0.2799 0.9138 0.2907 0.3080 0.9059 0.2914 0.3321 0.8971 0.2831 0.3934 0.8747 0.2752 0.4751 0.8358 0.2710 0.5277 0.8050 0.2522 0.6300 0.7345 0.2289 0.6638 0.7120 0.2058 0.6564 0.7257 0.2341 0.6513 0.7218 0.2163 0.6447 0.7332 0.1583 0.5786 0.8001 0.1504 0.5800 0.8006 0.1406 -0.5704 0.8092 0.1534 -0.5882 0.7940 0.1733 -0.6276 0.7590 0.2583 -0.5930 0.7627 0.2650 -0.5782 0.7717 0.2637 -0.5731 0.7759 0.2730 -0.5117 0.8147 0.2805 -0.4341 0.8561 0.2838 -0.4036 0.8698 0.2878 -0.3666 0.8847 0.2958 -0.3101 0.9035 0.2933 -0.2554 0.9213 0.2938 -0.1548 0.9433 0.3010 -0.0789 0.9504 0.2941 -0.0927 0.9513 0.3002 -0.0673 0.9515 0.3040 -0.0390 0.9519 0.2948 0.0200 0.9553 0.2933 0.0506 0.9547 0.2971 0.0782 0.9516 0.2995 0.1018 0.9486 0.2977 0.1425 0.9440 0.2949 0.1888 0.9367 0.2971 0.2061 0.9323 0.2929 0.2057 0.9338 0.2917 0.2260 0.9294 0.2905 0.2890 0.9122 0.2892 0.3357 0.8965 0.2754 0.4615 0.8433 0.2686 0.5288 0.8051 0.2680 0.5209 0.8105 0.2597 0.5887 0.7655 0.1841 0.6347 0.7505 0.1572 0.5977 0.7861 0.1946 -0.6546 0.7305 0.2124 -0.6568 0.7235 0.2226 -0.6608 0.7167 0.2402 -0.6613 0.7106 0.2500 -0.6393 0.7272 0.2508 -0.6126 0.7495 0.2634 -0.5654 0.7816 0.2667 -0.5419 0.7970 0.2730 -0.4916 0.8269 0.2895 -0.3268 0.8997 0.2934 -0.2997 0.9078 0.2925 -0.2854 0.9127 0.2965 -0.1830 0.9373 0.2989 -0.1148 0.9474 0.2993 -0.0978 0.9491 0.2942 -0.1188 0.9483 0.3024 -0.0128 0.9531 0.2995 -0.0047 0.9541 0.2991 0.0121 0.9542 0.2988 0.1238 0.9462 0.2951 0.1300 0.9466 0.2949 0.1443 0.9446 0.2968 0.1645 0.9407 0.2844 0.3049 0.9089 0.2831 0.3457 0.8946 0.2854 0.3646 0.8864 0.2794 0.3941 0.8756 0.2791 0.4244 0.8614 0.2680 0.4953 0.8263 0.2689 0.5001 0.8231 0.2608 0.5653 0.7825 0.2599 0.5593 0.7872 0.2576 0.5859 0.7684 0.2475 0.6352 0.7316 0.1596 0.6293 0.7606 0.1461 0.6094 0.7793 0.1314 -0.6028 0.7870 0.1470 -0.6011 0.7856 0.1889 -0.6719 0.7161 0.2081 -0.6758 0.7071 0.2280 -0.6684 0.7080 0.2391 -0.6526 0.7190 0.2452 -0.6356 0.7320 0.2489 -0.6296 0.7360 0.2541 -0.5958 0.7619 0.2630 -0.5436 0.7970 0.2667 -0.5239 0.8090 0.2661 -0.5068 0.8200 0.2733 -0.4693 0.8397 0.2743 -0.4416 0.8542 0.2794 -0.4015 0.8722 0.2796 -0.3910 0.8769 0.2832 -0.3644 0.8871 0.2873 -0.3238 0.9015 0.2913 -0.2451 0.9247 0.2879 -0.2088 0.9346 0.2933 -0.1760 0.9397 0.2958 -0.1313 0.9462 0.2974 -0.0588 0.9530 0.2975 -0.0025 0.9547 0.2947 -0.0057 0.9556 0.2937 -0.0027 0.9559 0.2929 0.0013 0.9561 0.2956 0.0119 0.9552 0.2938 0.1014 0.9505 0.2925 0.1731 0.9405 0.2879 0.2215 0.9317 0.2873 0.2337 0.9289 0.2850 0.2832 0.9157 0.2831 0.2949 0.9126 0.2786 0.3414 0.8977 0.2790 0.3803 0.8818 0.2769 0.4159 0.8662 0.2706 0.4509 0.8506 0.2691 0.4764 0.8370 0.2666 0.5109 0.8173 0.2631 0.5382 0.8007 0.2547 0.5616 0.7872 0.2379 0.6643 0.7086 0.2351 0.6706 0.7036 0.2001 0.6755 0.7097 0.1848 0.6488 0.7382 0.1684 0.6407 0.7491 0.1272 0.5751 0.8081 0.1823 -0.6886 0.7019 0.2245 -0.6790 0.6990 0.2348 -0.6724 0.7019 0.2605 -0.5622 0.7849 0.2772 -0.3983 0.8744 0.2869 -0.3056 0.9079 0.2876 -0.2668 0.9199 0.2835 -0.2261 0.9319 0.2902 -0.1456 0.9458 0.2920 -0.0676 0.9540 0.2935 -0.0515 0.9546 0.2960 -0.0318 0.9546 0.2954 -0.0217 0.9551 0.2925 0.0385 0.9555 0.2883 0.0290 0.9571 0.2878 0.0477 0.9565 0.2922 0.0692 0.9538 0.2884 0.0742 0.9546 0.2886 0.1017 0.9520 0.2901 0.1414 0.9465 0.2883 0.1961 0.9372 0.2845 0.2080 0.9358 0.2842 0.2249 0.9320 0.2848 0.2571 0.9235 0.2809 0.3079 0.9090 0.2742 0.4108 0.8695 0.2608 0.5274 0.8086 0.2556 0.5728 0.7788 0.2515 0.6038 0.7564 0.2424 0.6431 0.7264 0.1717 0.6561 0.7349 0.1190 -0.6263 0.7705 0.1573 -0.6487 0.7446 0.1644 -0.6714 0.7226 0.1915 -0.6855 0.7025 0.2064 -0.6864 0.6974 0.2323 -0.6767 0.6986 0.2423 -0.6398 0.7294 0.2450 -0.6118 0.7521 0.2600 -0.5435 0.7982 0.2655 -0.4838 0.8339 0.2678 -0.4581 0.8476 0.2756 -0.3732 0.8859 0.2801 -0.3503 0.8938 0.2820 -0.3100 0.9080 0.2837 -0.2815 0.9167 0.2871 -0.2445 0.9262 0.2839 -0.2353 0.9295 0.2796 -0.2432 0.9288 0.2870 -0.1892 0.9391 0.2867 -0.1720 0.9425 0.2865 -0.1161 0.9510 0.2888 -0.0955 0.9526 0.2916 -0.0791 0.9533 0.2891 -0.0425 0.9564 0.2919 -0.0186 0.9563 0.2853 0.1117 0.9519 0.2808 0.2018 0.9383 0.2754 0.3236 0.9052 0.2786 0.3213 0.9051 0.2734 0.3843 0.8818 0.2658 0.4372 0.8592 0.2614 0.4804 0.8372 0.2628 0.4990 0.8258 0.2558 0.5470 0.7971 0.2536 0.5558 0.7917 0.2472 0.5976 0.7628 0.2523 0.5785 0.7757 0.2397 0.6375 0.7322 0.2336 0.6709 0.7038 0.1264 0.6208 0.7737 0.1332 -0.6638 0.7359 0.1556 -0.6778 0.7186 0.2051 -0.6965 0.6876 0.2217 -0.6913 0.6878 0.2421 -0.6336 0.7348 0.2534 -0.5820 0.7727 0.2589 -0.5242 0.8113 0.2709 -0.4294 0.8616 0.2745 -0.3914 0.8783 0.2694 -0.4186 0.8673 0.2728 -0.3723 0.8871 0.2737 -0.3412 0.8993 0.2829 -0.1677 0.9444 0.2877 -0.1319 0.9486 0.2837 -0.1341 0.9495 0.2851 -0.1073 0.9525 0.2862 -0.0828 0.9546 0.2828 -0.0661 0.9569 0.2836 0.0808 0.9555 0.2801 0.0819 0.9565 0.2813 0.1290 0.9509 0.2824 0.1646 0.9451 0.2799 0.2263 0.9330 0.2787 0.2509 0.9270 0.2791 0.2740 0.9204 0.2793 0.2981 0.9128 0.2667 0.4126 0.8710 0.2581 0.4730 0.8424 0.2542 0.5423 0.8008 0.2525 0.5393 0.8034 0.2502 0.5693 0.7831 0.2204 0.7014 0.6779 0.2242 0.6910 0.6872 0.2014 0.6945 0.6907 0.1626 0.6706 0.7238 0.1913 -0.7053 0.6826 0.2077 -0.7164 0.6661 0.2290 -0.6818 0.6948 0.2316 -0.6606 0.7141 0.2537 -0.5551 0.7921 0.2519 -0.5412 0.8023 0.2573 -0.5077 0.8222 0.2773 -0.2664 0.9231 0.2788 -0.2186 0.9351 0.2814 -0.1525 0.9474 0.2817 -0.0470 0.9584 0.2865 -0.0289 0.9577 0.2824 -0.0275 0.9589 0.2884 -0.0116 0.9575 0.2870 -0.0048 0.9579 0.2878 0.0025 0.9577 0.2852 0.0034 0.9585 0.2875 0.0117 0.9577 0.2805 0.0072 0.9598 0.2806 -0.0018 0.9598 0.2798 0.0215 0.9598 0.2756 0.0263 0.9609 0.2828 0.0496 0.9579 0.2801 0.0709 0.9574 0.2810 0.1006 0.9544 0.2767 0.1264 0.9526 0.2736 0.2582 0.9265 0.2746 0.3033 0.9125 0.2713 0.3211 0.9073 0.2720 0.3536 0.8950 0.2659 0.3779 0.8869 0.2656 0.3969 0.8786 0.2606 0.4341 0.8624 0.2551 0.5020 0.8264 0.2548 0.5217 0.8142 0.2410 0.6237 0.7436 0.2290 0.6725 0.7038 0.1975 0.7122 0.6736 0.1665 0.7065 0.6878 0.1665 0.6866 0.7077 0.1352 0.6713 0.7288 0.1241 0.6486 0.7509 0.1188 -0.6549 0.7463 0.1403 -0.6882 0.7119 0.2241 -0.6938 0.6844 0.2385 -0.6320 0.7374 0.2395 -0.6105 0.7550 0.2557 -0.4989 0.8281 0.2615 -0.4707 0.8427 0.2611 -0.4574 0.8500 0.2644 -0.4387 0.8588 0.2686 -0.4090 0.8721 0.2702 -0.3399 0.9008 0.2777 -0.3057 0.9107 0.2689 -0.3198 0.9085 0.2793 -0.2269 0.9330 0.2776 -0.2234 0.9344 0.2788 -0.2084 0.9375 0.2789 -0.1727 0.9447 0.2753 -0.1763 0.9451 0.2798 -0.0887 0.9560 0.2794 -0.0771 0.9571 0.2790 -0.0678 0.9579 0.2796 -0.0150 0.9600 0.2787 0.0538 0.9589 0.2775 0.0870 0.9568 0.2755 0.2282 0.9338 0.2677 0.3065 0.9134 0.2707 0.3064 0.9126 0.2654 0.3621 0.8936 0.2594 0.4559 0.8514 0.2573 0.4665 0.8463 0.2523 0.5007 0.8280 0.2487 0.5527 0.7954 0.2462 0.5539 0.7954 0.2438 0.5869 0.7721 0.2489 0.5642 0.7872 0.2351 0.6484 0.7241 0.2079 0.7171 0.6652 0.1707 -0.7108 0.6824 0.1841 -0.7067 0.6831 0.2259 -0.6725 0.7048 0.2454 -0.5792 0.7774 0.2506 -0.5214 0.8157 0.2584 -0.4600 0.8495 0.2544 -0.4574 0.8521 0.2622 -0.4204 0.8687 0.2598 -0.4100 0.8743 0.2655 -0.3778 0.8870 0.2698 -0.2942 0.9169 0.2711 -0.2696 0.9240 0.2782 -0.1368 0.9507 0.2758 -0.1262 0.9529 0.2792 -0.1086 0.9541 0.2776 -0.0100 0.9607 0.2752 0.0485 0.9602 0.2759 0.1437 0.9504 0.2764 0.1722 0.9455 0.2734 0.1958 0.9418 0.2707 0.2222 0.9367 0.2701 0.2507 0.9296 0.2737 0.2886 0.9175 0.2636 0.3420 0.9020 0.2605 0.3958 0.8806 0.2535 0.4739 0.8433 0.2482 0.5355 0.8072 0.2401 0.5597 0.7932 0.2363 0.6327 0.7375 0.1787 0.7130 0.6780 0.1196 0.6826 0.7209 0.1664 -0.7236 0.6699 0.1822 -0.7279 0.6610 0.1968 -0.7274 0.6573 0.2056 -0.7246 0.6578 0.2146 -0.7128 0.6677 0.2202 -0.6871 0.6923 0.2334 -0.6295 0.7411 0.2386 -0.5734 0.7837 0.2460 -0.5523 0.7965 0.2539 -0.4913 0.8332 0.2584 -0.4034 0.8778 0.2653 -0.3570 0.8956 0.2732 -0.2508 0.9287 0.2754 -0.1972 0.9409 0.2731 -0.1495 0.9503 0.2702 -0.1481 0.9513 0.2714 -0.0385 0.9617 0.2730 -0.0246 0.9617 0.2739 -0.0049 0.9618 0.2721 0.0086 0.9622 0.2763 0.0187 0.9609 0.2741 0.0371 0.9610 0.2700 0.0373 0.9621 0.2753 0.1039 0.9557 0.2732 0.1219 0.9542 0.2660 0.2416 0.9332 0.2698 0.2772 0.9221 0.2611 0.3220 0.9100 0.2591 0.4191 0.8702 0.2527 0.4450 0.8591 0.2436 0.5021 0.8298 0.2456 0.5218 0.8169 0.2423 0.5710 0.7844 0.2351 0.5924 0.7706 0.2282 0.6445 0.7297 0.2273 0.6629 0.7134 0.2120 0.7192 0.6617 0.1931 0.7277 0.6582 0.1354 -0.7082 0.6929 0.2434 -0.5409 0.8051 0.2519 -0.4812 0.8396 0.2518 -0.4410 0.8615 0.2607 -0.3824 0.8865 0.2609 -0.3671 0.8928 0.2616 -0.3212 0.9102 0.2708 -0.2592 0.9271 0.2732 -0.2414 0.9312 0.2684 -0.2151 0.9390 0.2700 -0.1656 0.9485 0.2746 -0.1133 0.9549 0.2728 -0.1096 0.9558 0.2747 -0.0915 0.9572 0.2708 -0.0877 0.9586 0.2749 -0.0650 0.9593 0.2710 -0.0567 0.9609 0.2768 -0.0399 0.9601 0.2758 0.0641 0.9591 0.2734 0.0774 0.9588 0.2677 0.0523 0.9621 0.2681 0.1038 0.9578 0.2708 0.1186 0.9553 0.2709 0.1292 0.9539 0.2685 0.1545 0.9508 0.2641 0.1807 0.9474 0.2674 0.2026 0.9420 0.2644 0.2245 0.9379 0.2643 0.2850 0.9214 0.2615 0.3063 0.9153 0.2590 0.3765 0.8895 0.2549 0.3838 0.8876 0.2561 0.4190 0.8711 0.2383 0.5418 0.8060 0.2405 0.5453 0.8030 0.2365 0.5624 0.7923 0.2352 0.6103 0.7564 0.2196 0.6920 0.6877 0.1713 0.7206 0.6718 0.1516 -0.7361 0.6597 0.2066 -0.7309 0.6504 0.2094 -0.7239 0.6573 0.2126 -0.7079 0.6736 0.2229 -0.6507 0.7258 0.2271 -0.6529 0.7226 0.2291 -0.6251 0.7462 0.2361 -0.6027 0.7622 0.2369 -0.5528 0.7990 0.2417 -0.5311 0.8121 0.2465 -0.5101 0.8240 0.2682 -0.2647 0.9263 0.2666 -0.2492 0.9310 0.2677 -0.1928 0.9440 0.2698 -0.1024 0.9575 0.2694 -0.0772 0.9599 0.2680 0.1296 0.9547 0.2672 0.1360 0.9540 0.2604 0.2478 0.9332 0.2627 0.2654 0.9277 0.2588 0.3112 0.9144 0.2568 0.3595 0.8971 0.2503 0.3866 0.8876 0.2528 0.4104 0.8762 0.2491 0.4732 0.8450 0.2384 0.5120 0.8252 0.2317 0.5903 0.7732 0.2225 0.6705 0.7078 0.2087 0.7264 0.6549 0.1926 0.7404 0.6439 0.2042 0.7343 0.6473 0.1345 -0.7266 0.6738 0.1731 -0.7464 0.6426 0.1940 -0.7422 0.6415 0.2168 -0.6753 0.7049 0.2317 -0.6004 0.7654 0.2444 -0.5052 0.8276 0.2472 -0.4859 0.8383 0.2417 -0.4872 0.8392 0.2494 -0.4334 0.8660 0.2537 -0.4067 0.8776 0.2558 -0.3703 0.8930 0.2481 -0.3935 0.8852 0.2607 -0.3406 0.9033 0.2570 -0.3503 0.9007 0.2636 -0.2425 0.9336 0.2688 -0.1231 0.9553 0.2643 -0.1112 0.9580 0.2678 -0.0555 0.9619 0.2687 0.0200 0.9630 0.2666 0.0228 0.9635 0.2642 0.0322 0.9639 0.2687 0.0771 0.9601 0.2626 0.2089 0.9420 0.2577 0.2180 0.9413 0.2590 0.2866 0.9224 0.2534 0.3624 0.8969 0.2502 0.4058 0.8790 0.2460 0.4733 0.8459 0.2331 0.5556 0.7981 0.2305 0.5785 0.7825 0.2228 0.6463 0.7298 0.2147 0.6923 0.6890 0.2216 0.6586 0.7191 0.2075 0.7270 0.6546 0.1737 0.7509 0.6372 0.1918 0.7510 0.6318 0.1643 0.7374 0.6552 0.1216 0.7124 0.6912 0.1347 -0.7421 0.6566 0.1626 -0.7574 0.6323 0.1969 -0.7500 0.6315 0.2054 -0.7247 0.6578 0.2108 -0.6935 0.6889 0.2192 -0.6502 0.7274 0.2243 -0.6198 0.7520 0.2313 -0.5836 0.7784 0.2312 -0.5690 0.7892 0.2402 -0.5190 0.8203 0.2472 -0.4138 0.8761 0.2626 -0.1436 0.9542 0.2580 -0.1596 0.9529 0.2684 -0.0330 0.9627 0.2729 -0.0159 0.9619 0.2691 -0.0157 0.9630 0.2677 -0.0122 0.9634 0.2720 0.0004 0.9623 0.2673 -0.0015 0.9636 0.2635 -0.0019 0.9647 0.2684 0.0095 0.9632 0.2627 0.0123 0.9648 0.2637 0.0218 0.9644 0.2608 0.0525 0.9640 0.2648 0.0752 0.9614 0.2648 0.1225 0.9565 0.2615 0.1345 0.9558 0.2607 0.1575 0.9525 0.2548 0.2841 0.9243 0.2543 0.3424 0.9045 0.2519 0.3620 0.8975 0.2470 0.4189 0.8738 0.2440 0.4541 0.8569 0.2371 0.4604 0.8555 0.2396 0.4941 0.8357 0.2367 0.5111 0.8263 0.2349 0.5234 0.8190 0.2271 0.5704 0.7894 0.2239 0.6164 0.7550 0.2287 0.5949 0.7706 0.2266 0.6282 0.7443 0.2202 0.6519 0.7256 0.2154 0.6743 0.7063 0.2074 0.7158 0.6668 0.2027 0.7322 0.6502 0.1509 0.7503 0.6437 0.1325 0.7375 0.6622 0.1782 -0.7678 0.6154 0.1890 -0.7634 0.6177 0.1994 -0.7309 0.6527 0.2317 -0.5525 0.8007 0.2433 -0.4598 0.8540 0.2473 -0.4443 0.8611 0.2545 -0.3303 0.9089 0.2619 -0.2929 0.9196 0.2519 -0.3136 0.9155 0.2592 -0.2652 0.9287 0.2605 -0.2394 0.9353 0.2573 -0.2406 0.9359 0.2600 -0.2229 0.9395 0.2605 -0.1692 0.9505 0.2605 -0.1575 0.9525 0.2548 -0.1499 0.9553 0.2616 -0.0985 0.9601 0.2652 -0.0766 0.9612 0.2631 -0.0578 0.9630 0.2620 -0.0346 0.9644 0.2614 0.0031 0.9652 0.2605 0.0717 0.9628 0.2616 0.0948 0.9605 0.2593 0.1851 0.9479 0.2540 0.1916 0.9481 0.2572 0.2419 0.9356 0.2536 0.2410 0.9368 0.2555 0.2596 0.9313 0.2498 0.2802 0.9269 0.2506 0.3030 0.9194 0.2521 0.3233 0.9121 0.2518 0.3412 0.9056 0.2420 0.4174 0.8759 0.2417 0.4388 0.8655 0.2323 0.5208 0.8215 0.2350 0.5362 0.8107 0.2310 0.5494 0.8030 0.2210 0.6400 0.7359 0.2135 0.6643 0.7163 0.2041 0.7213 0.6619 0.1505 -0.7660 0.6249 0.1886 -0.7665 0.6139 0.2047 -0.6956 0.6886 0.2136 -0.6678 0.7130 0.2173 -0.6424 0.7349 0.2200 -0.6037 0.7662 0.2249 -0.5887 0.7764 0.2186 -0.5992 0.7702 0.2462 -0.4368 0.8652 0.2388 -0.4519 0.8595 0.2457 -0.3948 0.8853 0.2506 -0.3665 0.8960 0.2542 -0.2772 0.9266 0.2537 -0.2611 0.9314 0.2584 -0.1177 0.9588 0.2576 -0.0972 0.9613 0.2576 -0.0498 0.9650 0.2594 0.0194 0.9656 0.2579 0.0272 0.9658 0.2574 0.1070 0.9604 0.2540 0.1607 0.9538 0.2496 0.3575 0.8999 0.2434 0.3888 0.8886 0.2335 0.4925 0.8384 0.2303 0.5441 0.8068 0.2227 0.6007 0.7678 0.2222 0.5941 0.7731 0.2073 0.7029 0.6804 0.1782 0.7756 0.6056 0.1859 0.7707 0.6095 0.1925 0.7591 0.6219 0.1614 0.7683 0.6194 0.1400 -0.7694 0.6232 0.2114 -0.6546 0.7259 0.2321 -0.5261 0.8182 0.2359 -0.4889 0.8399 0.2431 -0.3977 0.8847 0.2489 -0.3501 0.9030 0.2557 -0.2392 0.9367 0.2593 -0.2071 0.9433 0.2533 -0.1938 0.9478 0.2548 -0.1360 0.9574 0.2544 -0.1257 0.9589 0.2573 -0.0585 0.9646 0.2615 -0.0148 0.9651 0.2582 0.0036 0.9661 0.2571 0.0074 0.9664 0.2563 0.0624 0.9646 0.2551 0.0742 0.9641 0.2544 0.1343 0.9577 0.2522 0.1455 0.9567 0.2534 0.2149 0.9432 0.2504 0.2255 0.9415 0.2457 0.3232 0.9139 0.2445 0.3588 0.9008 0.2388 0.4109 0.8798 0.2375 0.4442 0.8639 0.2349 0.4585 0.8571 0.2303 0.4724 0.8508 0.2251 0.5342 0.8148 0.2259 0.5610 0.7964 0.2217 0.5775 0.7857 0.2165 0.6122 0.7605 0.2157 0.6348 0.7419 0.2089 0.6666 0.7155 0.2049 0.6896 0.6946 0.2045 0.7000 0.6843 0.1926 0.7514 0.6311 0.1629 0.7821 0.6015 0.1792 -0.7745 0.6066 0.1863 -0.7718 0.6079 0.2007 -0.7134 0.6715 0.2049 -0.6693 0.7142 0.2125 -0.6407 0.7378 0.2168 -0.6225 0.7520 0.2249 -0.5608 0.7968 0.2279 -0.5423 0.8087 0.2270 -0.5395 0.8108 0.2329 -0.4849 0.8430 0.2426 -0.4146 0.8770 0.2437 -0.3785 0.8930 0.2460 -0.3540 0.9023 0.2469 -0.3011 0.9211 0.2518 -0.1591 0.9546 0.2492 -0.1577 0.9555 0.2568 -0.0434 0.9655 0.2558 -0.0374 0.9660 0.2542 -0.0285 0.9667 0.2557 -0.0203 0.9665 0.2574 -0.0131 0.9662 0.2568 -0.0073 0.9664 0.2540 0.0490 0.9660 0.2540 0.0587 0.9654 0.2467 0.0665 0.9668 0.2515 0.0877 0.9639 0.2476 0.1754 0.9529 0.2430 0.2834 0.9277 0.2451 0.3012 0.9215 0.2413 0.3230 0.9151 0.2413 0.3413 0.9085 0.2352 0.4017 0.8851 0.2408 0.3577 0.9023 0.2343 0.4534 0.8600 0.2243 0.5537 0.8019 0.2234 0.5478 0.8062 0.2139 0.6328 0.7442 0.1997 0.7312 0.6522 0.2016 0.7155 0.6689 0.1448 0.7825 0.6056 0.1725 0.7864 0.5932 0.1677 -0.7881 0.5922 0.1935 -0.7446 0.6389 0.1943 -0.7298 0.6555 0.1975 -0.7186 0.6668 0.2137 -0.6160 0.7582 0.2161 -0.6133 0.7597 0.2225 -0.5507 0.8045 0.2276 -0.5161 0.8257 0.2409 -0.3681 0.8980 0.2496 -0.2456 0.9367 0.2486 -0.2167 0.9440 0.2497 -0.1732 0.9527 0.2525 -0.1047 0.9619 0.2541 -0.0839 0.9635 0.2529 -0.0721 0.9648 0.2534 -0.0560 0.9657 0.2507 0.0004 0.9681 0.2528 0.0081 0.9675 0.2497 0.1067 0.9624 0.2495 0.2034 0.9468 0.2477 0.2498 0.9361 0.2409 0.2511 0.9375 0.2418 0.2693 0.9322 0.2387 0.3145 0.9187 0.2373 0.3612 0.9018 0.2348 0.4354 0.8691 0.2250 0.4956 0.8389 0.2208 0.5566 0.8009 0.2148 0.5910 0.7775 0.2105 0.6213 0.7548 0.1975 0.7216 0.6635 0.1846 0.7757 0.6035 0.1620 -0.8008 0.5766 0.1867 -0.7685 0.6120 0.1853 -0.7593 0.6238 0.1910 -0.7315 0.6545 0.1969 -0.6955 0.6910 0.2096 -0.6421 0.7374 0.2148 -0.5855 0.7817 0.2180 -0.5500 0.8062 0.2304 -0.4772 0.8480 0.2350 -0.4248 0.8743 0.2301 -0.4346 0.8707 0.2345 -0.3887 0.8910 0.2374 -0.3748 0.8962 0.2426 -0.3388 0.9090 0.2418 -0.3031 0.9218 0.2493 -0.2638 0.9318 0.2407 -0.2836 0.9282 0.2506 -0.2237 0.9419 0.2477 -0.2008 0.9478 0.2495 -0.1284 0.9598 0.2476 -0.1131 0.9622 0.2465 -0.0915 0.9648 0.2487 -0.0451 0.9675 0.2515 -0.0232 0.9676 0.2492 0.0522 0.9670 0.2437 0.0943 0.9653 0.2490 0.1244 0.9605 0.2471 0.1421 0.9585 0.2444 0.1983 0.9492 0.2460 0.2236 0.9431 0.2362 0.3431 0.9091 0.2327 0.3871 0.8922 0.2325 0.4298 0.8725 0.2234 0.4869 0.8444 0.2272 0.4704 0.8527 0.2243 0.5126 0.8288 0.2089 0.6090 0.7652 0.2065 0.6463 0.7346 0.2016 0.6761 0.7087 0.2093 0.6519 0.7289 0.1940 0.7075 0.6795 0.2012 0.6920 0.6933 0.1925 0.7244 0.6620 0.1866 0.7553 0.6283 0.1741 0.7926 0.5844 0.1685 0.8030 0.5716 0.1560 0.7973 0.5830 0.1761 -0.7925 0.5839 0.1813 -0.7795 0.5996 0.1856 -0.7490 0.6360 0.1926 -0.7109 0.6764 0.2075 -0.6261 0.7516 0.2134 -0.5718 0.7922 0.2155 -0.5691 0.7935 0.2223 -0.5082 0.8321 0.2217 -0.4907 0.8427 0.2266 -0.4719 0.8520 0.2375 -0.3648 0.9003 0.2370 -0.3193 0.9175 0.2440 -0.2082 0.9472 0.2427 -0.1596 0.9569 0.2456 -0.1413 0.9590 0.2444 -0.1254 0.9615 0.2518 -0.0062 0.9678 0.2486 0.0006 0.9686 0.2469 0.0011 0.9690 0.2482 0.0081 0.9687 0.2497 0.0235 0.9681 0.2452 0.0301 0.9690 0.2458 0.0844 0.9656 0.2405 0.1607 0.9573 0.2427 0.1809 0.9531 0.2415 0.2206 0.9450 0.2379 0.2268 0.9444 0.2404 0.2330 0.9423 0.2399 0.2763 0.9307 0.2338 0.3315 0.9140 0.2334 0.3697 0.8994 0.2284 0.4499 0.8634 0.2223 0.5061 0.8333 0.2162 0.5575 0.8015 0.2045 0.6329 0.7467 0.1907 0.7242 0.6627 0.1785 0.7856 0.5924 0.1737 -0.7964 0.5792 0.1800 -0.7704 0.6117 0.1847 -0.7399 0.6469 0.1888 -0.7096 0.6788 0.2065 -0.6116 0.7638 0.2070 -0.5919 0.7790 0.2238 -0.4749 0.8511 0.2266 -0.4532 0.8621 0.2286 -0.4250 0.8758 0.2342 -0.3716 0.8984 0.2366 -0.3431 0.9090 0.2423 -0.2471 0.9382 0.2416 -0.2205 0.9450 0.2418 -0.2065 0.9481 0.2383 -0.1971 0.9510 0.2438 -0.1375 0.9600 0.2466 -0.0371 0.9684 0.2442 -0.0452 0.9687 0.2445 -0.0176 0.9695 0.2441 -0.0077 0.9697 0.2419 0.0377 0.9696 0.2445 0.0515 0.9683 0.2386 0.0662 0.9688 0.2414 0.0824 0.9669 0.2381 0.1942 0.9516 0.2376 0.2987 0.9243 0.2339 0.2844 0.9297 0.2321 0.3606 0.9034 0.2302 0.4031 0.8857 0.2167 0.5261 0.8223 0.2143 0.5502 0.8071 0.2098 0.5828 0.7851 0.2094 0.5973 0.7742 0.2069 0.6143 0.7614 0.1972 0.6779 0.7082 0.1863 0.7370 0.6497 0.1546 0.8115 0.5635 0.1723 0.7986 0.5767 0.1642 -0.8108 0.5619 0.1712 -0.7972 0.5789 0.1751 -0.7849 0.5943 0.1790 -0.7542 0.6318 0.1919 -0.6773 0.7102 0.2017 -0.6582 0.7254 0.2037 -0.6133 0.7632 0.2152 -0.5366 0.8159 0.2153 -0.5144 0.8301 0.2337 -0.3377 0.9118 0.2337 -0.3263 0.9159 0.2359 -0.2679 0.9341 0.2386 -0.2448 0.9398 0.2264 -0.2613 0.9383 0.2442 -0.0723 0.9670 0.2414 -0.0596 0.9686 0.2419 -0.0481 0.9691 0.2436 -0.0333 0.9693 0.2390 0.0087 0.9710 0.2362 0.0815 0.9683 0.2434 0.1137 0.9632 0.2414 0.1284 0.9619 0.2385 0.1482 0.9598 0.2356 0.2123 0.9484 0.2336 0.2248 0.9460 0.2333 0.2508 0.9395 0.2338 0.3107 0.9213 0.2284 0.3328 0.9149 0.2279 0.3678 0.9015 0.2288 0.3907 0.8916 0.2257 0.4262 0.8760 0.2197 0.4716 0.8540 0.2179 0.4989 0.8388 0.2095 0.5437 0.8127 0.2097 0.5673 0.7964 0.2052 0.6171 0.7597 0.1830 0.7565 0.6279 0.1646 -0.8144 0.5565 0.1747 -0.7770 0.6047 0.1821 -0.7305 0.6582 0.1876 -0.6986 0.6904 0.2015 -0.6122 0.7646 0.2111 -0.5625 0.7994 0.2204 -0.4813 0.8484 0.2217 -0.4570 0.8614 0.2229 -0.4280 0.8759 0.2292 -0.3875 0.8929 0.2265 -0.3826 0.8957 0.2286 -0.3607 0.9042 0.2340 -0.2893 0.9282 0.2290 -0.2867 0.9302 0.2409 -0.1278 0.9621 0.2399 -0.1144 0.9640 0.2382 -0.1023 0.9658 0.2393 -0.0272 0.9706 0.2402 -0.0101 0.9707 0.2355 0.0148 0.9718 0.2387 0.0478 0.9699 0.2354 0.1177 0.9647 0.2397 0.1401 0.9607 0.2361 0.1455 0.9608 0.2315 0.2026 0.9515 0.2321 0.2689 0.9348 0.2215 0.4141 0.8829 0.2185 0.4468 0.8676 0.2117 0.5112 0.8329 0.2051 0.5696 0.7959 0.2038 0.6096 0.7661 0.1970 0.6493 0.7346 0.2024 0.6282 0.7513 0.1883 0.6968 0.6921 0.1966 0.6653 0.7202 0.1893 0.7122 0.6760 0.1852 0.7280 0.6601 0.1677 0.8043 0.5701 0.1715 0.7897 0.5890 0.1766 0.7736 0.6086 0.1531 -0.8279 0.5395 0.1690 -0.7918 0.5870 0.1731 -0.7665 0.6185 0.1866 -0.7041 0.6852 0.1997 -0.6349 0.7463 0.1956 -0.6221 0.7581 0.2037 -0.5771 0.7908 0.2086 -0.5495 0.8090 0.2297 -0.3283 0.9162 0.2272 -0.3178 0.9205 0.2344 -0.2478 0.9400 0.2312 -0.2179 0.9482 0.2360 -0.1890 0.9532 0.2351 -0.1462 0.9609 0.2373 -0.1324 0.9624 0.2383 -0.1258 0.9630 0.2394 -0.0524 0.9695 0.2409 -0.0041 0.9705 0.2384 -0.0036 0.9712 0.2407 0.0021 0.9706 0.2349 -0.0023 0.9720 0.2312 -0.0025 0.9729 0.2361 0.0297 0.9713 0.2362 0.0709 0.9691 0.2334 0.1855 0.9545 0.2285 0.2293 0.9462 0.2283 0.2720 0.9348 0.2274 0.3064 0.9243 0.2251 0.3301 0.9167 0.2223 0.3802 0.8978 0.2179 0.4136 0.8840 0.2178 0.4372 0.8726 0.2135 0.4787 0.8516 0.2084 0.5349 0.8188 0.2015 0.5977 0.7760 0.1959 0.6332 0.7488 0.1857 0.7198 0.6689 0.1804 0.7398 0.6482 0.1754 0.7625 0.6228 0.1695 0.7788 0.6039 0.1626 0.8158 0.5550 0.1693 0.7923 0.5861 0.1527 0.8326 0.5324 0.1671 -0.7825 0.5998 0.1773 -0.7458 0.6421 0.1782 -0.7317 0.6579 0.1897 -0.6628 0.7243 0.1936 -0.6514 0.7336 0.1951 -0.6381 0.7448 0.2011 -0.5986 0.7754 0.2016 -0.5677 0.7982 0.2129 -0.4922 0.8440 0.2175 -0.4586 0.8616 0.2169 -0.4405 0.8712 0.2225 -0.3994 0.8894 0.2182 -0.3937 0.8930 0.2231 -0.3789 0.8981 0.2240 -0.3632 0.9044 0.2281 -0.2732 0.9345 0.2326 -0.1994 0.9519 0.2347 -0.1727 0.9566 0.2353 -0.1304 0.9631 0.2370 -0.0835 0.9679 0.2354 -0.0508 0.9706 0.2359 -0.0197 0.9716 0.2341 0.0051 0.9722 0.2362 0.0529 0.9703 0.2333 0.0614 0.9705 0.2283 0.1095 0.9674 0.2344 0.1672 0.9577 0.2292 0.1413 0.9631 0.2286 0.2499 0.9409 0.2234 0.3234 0.9195 0.2201 0.3578 0.9075 0.2111 0.4960 0.8423 0.2074 0.5328 0.8204 0.2048 0.5526 0.8079 0.1745 0.7584 0.6280 0.1618 -0.8114 0.5616 0.1702 -0.7663 0.6195 0.1731 -0.7491 0.6394 0.2006 -0.5787 0.7905 0.2264 -0.2854 0.9313 0.2248 -0.2867 0.9313 0.2271 -0.1703 0.9589 0.2329 -0.1048 0.9668 0.2353 -0.0697 0.9694 0.2288 -0.0779 0.9703 0.2331 -0.0396 0.9716 0.2341 -0.0111 0.9721 0.2306 -0.0204 0.9728 0.2328 0.0316 0.9720 0.2220 0.0704 0.9725 0.2233 0.0892 0.9707 0.2293 0.1792 0.9567 0.2283 0.1945 0.9540 0.2238 0.2007 0.9538 0.2236 0.2285 0.9475 0.2238 0.2490 0.9423 0.2234 0.2988 0.9278 0.2197 0.3262 0.9194 0.2148 0.3906 0.8951 0.2168 0.3994 0.8908 0.2141 0.4273 0.8784 0.2141 0.4493 0.8674 0.2113 0.4757 0.8539 0.2084 0.4960 0.8429 0.1999 0.5854 0.7857 0.1949 0.6184 0.7613 0.1719 0.7539 0.6341 0.1625 0.7961 0.5830 0.1594 0.8174 0.5535 0.1562 -0.8196 0.5512 0.1671 -0.7668 0.6197 0.1748 -0.7296 0.6612 0.1831 -0.7054 0.6847 0.1855 -0.6794 0.7099 0.1868 -0.6615 0.7263 0.1913 -0.6460 0.7390 0.1974 -0.5913 0.7819 0.2049 -0.5370 0.8183 0.2120 -0.4711 0.8562 0.2101 -0.4702 0.8572 0.2155 -0.4259 0.8787 0.2214 -0.3552 0.9082 0.2226 -0.3275 0.9183 0.2247 -0.2947 0.9288 0.2252 -0.2430 0.9435 0.2282 -0.2161 0.9493 0.2303 -0.1295 0.9645 0.2285 -0.1174 0.9664 0.2297 -0.0974 0.9684 0.2274 -0.0415 0.9729 0.2308 0.0414 0.9721 0.2279 0.0818 0.9703 0.2166 0.3510 0.9110 0.2166 0.3746 0.9015 0.2111 0.4455 0.8700 0.2098 0.4748 0.8547 0.2041 0.5339 0.8206 0.1990 0.5699 0.7972 0.1934 0.5893 0.7844 0.1938 0.6043 0.7728 0.1822 0.6758 0.7142 0.1899 0.6484 0.7373 0.1802 0.6972 0.6939 0.1880 0.6724 0.7159 0.1749 0.7224 0.6690 0.1821 0.7028 0.6876 0.1786 0.7255 0.6647 0.1579 0.8100 0.5648 0.1604 -0.7917 0.5895 0.1704 -0.7461 0.6436 0.1728 -0.7414 0.6485 0.1812 -0.6913 0.6995 0.1820 -0.6756 0.7145 0.1865 -0.6430 0.7428 0.1917 -0.6156 0.7644 0.2079 -0.4906 0.8462 0.2107 -0.4592 0.8630 0.2163 -0.3570 0.9087 0.2195 -0.3183 0.9222 0.2215 -0.2067 0.9530 0.2254 -0.1350 0.9649 0.2302 -0.0253 0.9728 0.2295 0.0005 0.9733 0.2276 0.0210 0.9735 0.2242 0.0430 0.9736 0.2240 0.1138 0.9679 0.2239 0.1626 0.9610 0.2183 0.2377 0.9465 0.2226 0.2742 0.9355 0.2175 0.2977 0.9295 0.2146 0.3364 0.9169 0.2144 0.3760 0.9015 0.2099 0.4066 0.8892 0.2101 0.4300 0.8780 0.2060 0.4752 0.8554 0.1880 0.6398 0.7452 0.1730 0.7379 0.6523 0.1644 0.7788 0.6053 0.1591 0.7985 0.5806 0.1509 0.8370 0.5260 0.1639 -0.7724 0.6137 0.1634 -0.7587 0.6306 0.1830 -0.6219 0.7614 0.1880 -0.6208 0.7611 0.1974 -0.5409 0.8176 0.2036 -0.5134 0.8337 0.1985 -0.5171 0.8326 0.2085 -0.4772 0.8537 0.2095 -0.4378 0.8743 0.2122 -0.3971 0.8929 0.2090 -0.3839 0.8994 0.2136 -0.3558 0.9098 0.2159 -0.3134 0.9248 0.2125 -0.3056 0.9281 0.2187 -0.2690 0.9380 0.2220 -0.2428 0.9443 0.2149 -0.2605 0.9412 0.2240 -0.2141 0.9508 0.2206 -0.1500 0.9638 0.2281 -0.0596 0.9718 0.2268 -0.0333 0.9734 0.2286 -0.0240 0.9732 0.2291 -0.0144 0.9733 0.2238 -0.0183 0.9745 0.2268 -0.0065 0.9739 0.2260 0.0022 0.9741 0.2305 0.0169 0.9729 0.2248 0.0078 0.9744 0.2257 0.0237 0.9739 0.2233 0.0247 0.9744 0.2262 0.0375 0.9734 0.2225 0.0590 0.9731 0.2212 0.1544 0.9629 0.2178 0.2135 0.9524 0.2204 0.2481 0.9433 0.2110 0.3244 0.9221 0.2128 0.3628 0.9072 0.1966 0.5596 0.8051 0.1999 0.5191 0.8310 0.1868 0.6248 0.7581 0.1699 0.7301 0.6619 0.1665 0.7635 0.6240 0.1660 0.7513 0.6387 0.1539 0.8240 0.5453 0.1528 0.8168 0.5563 0.1525 -0.8181 0.5544 0.1531 -0.8066 0.5710 0.1553 -0.8019 0.5769 0.1705 -0.7317 0.6600 0.1816 -0.6483 0.7394 0.1907 -0.6000 0.7769 0.1959 -0.5688 0.7988 0.2015 -0.5088 0.8370 0.2038 -0.4874 0.8491 0.1962 -0.5002 0.8434 0.2057 -0.4152 0.8862 0.2133 -0.3346 0.9179 0.2185 -0.2188 0.9510 0.2232 -0.1575 0.9620 0.2235 -0.1259 0.9665 0.2235 -0.0492 0.9735 0.2228 -0.0391 0.9741 0.2207 0.0079 0.9753 0.2184 0.0556 0.9743 0.2192 0.0938 0.9712 0.2203 0.1118 0.9690 0.2208 0.1353 0.9659 0.2156 0.1262 0.9683 0.2180 0.1647 0.9619 0.2170 0.1972 0.9560 0.2194 0.2619 0.9398 0.2131 0.2992 0.9301 0.2083 0.3647 0.9076 0.2090 0.3891 0.8972 0.2053 0.4164 0.8857 0.2054 0.4325 0.8779 0.2021 0.4606 0.8643 0.2009 0.4984 0.8434 0.1919 0.5594 0.8064 0.1894 0.5933 0.7824 0.1628 0.7715 0.6151 0.1546 -0.7928 0.5896 0.1756 -0.7019 0.6903 0.1785 -0.6701 0.7205 0.1787 -0.6529 0.7361 0.1928 -0.5580 0.8072 0.2055 -0.4329 0.8777 0.2077 -0.3782 0.9021 0.2098 -0.3601 0.9090 0.2092 -0.3405 0.9167 0.2188 -0.2276 0.9488 0.2178 -0.2057 0.9541 0.2200 -0.1821 0.9584 0.2212 -0.1101 0.9690 0.2164 -0.1188 0.9691 0.2183 -0.1082 0.9699 0.2195 -0.1012 0.9703 0.2225 -0.0853 0.9712 0.2210 -0.0650 0.9731 0.2225 -0.0094 0.9749 0.2179 0.0416 0.9751 0.2170 0.1411 0.9659 0.2129 0.1881 0.9588 0.2096 0.3043 0.9293 0.2027 0.4058 0.8912 0.1970 0.5010 0.8427 0.1877 0.5685 0.8010 0.1843 0.5969 0.7808 0.1811 0.6330 0.7526 0.1746 0.6719 0.7198 0.1807 0.6493 0.7388 0.1729 0.6913 0.7016 0.1801 0.6646 0.7252 0.1693 0.7119 0.6816 0.1754 0.6922 0.7001 0.1737 0.7102 0.6823 0.1600 0.7722 0.6149 0.1502 0.8143 0.5607 0.1561 0.7926 0.5894 0.1497 -0.8140 0.5613 0.1543 -0.7725 0.6160 0.1710 -0.6975 0.6959 0.1741 -0.6866 0.7058 0.1731 -0.6723 0.7198 0.1772 -0.6458 0.7427 0.1833 -0.5767 0.7961 0.1882 -0.5781 0.7940 0.1952 -0.4819 0.8542 0.2008 -0.4653 0.8621 0.2032 -0.3473 0.9155 0.2135 -0.2858 0.9342 0.2148 -0.2353 0.9479 0.2166 -0.1950 0.9566 0.2152 -0.1841 0.9591 0.2157 -0.1033 0.9710 0.2165 -0.0489 0.9751 0.2180 -0.0379 0.9752 0.2166 -0.0288 0.9758 0.2163 0.0541 0.9748 0.2123 0.1396 0.9672 0.2122 0.2184 0.9525 0.2100 0.2526 0.9445 0.2136 0.2757 0.9372 0.2074 0.3248 0.9228 0.2015 0.3870 0.8998 0.1984 0.4101 0.8902 0.1997 0.4414 0.8748 0.1941 0.4784 0.8564 0.1937 0.5323 0.8241 0.1775 0.6312 0.7550 0.1507 0.8063 0.5720 0.1485 -0.8048 0.5747 0.1515 -0.7910 0.5927 0.1595 -0.7542 0.6369 0.1681 -0.7215 0.6717 0.1769 -0.6298 0.7563 0.1864 -0.5620 0.8059 0.1971 -0.4662 0.8625 0.1999 -0.4439 0.8735 0.2023 -0.4134 0.8878 0.2048 -0.3870 0.8990 0.2101 -0.2954 0.9320 0.2158 -0.1307 0.9676 0.2103 -0.1432 0.9671 0.2153 -0.0629 0.9745 0.2149 -0.0170 0.9765 0.2205 -0.0061 0.9754 0.2198 -0.0018 0.9756 0.2133 0.0002 0.9770 0.2184 0.0103 0.9758 0.2166 0.0123 0.9762 0.2134 0.0147 0.9768 0.2166 0.0293 0.9758 0.2144 0.0437 0.9758 0.2136 0.0823 0.9734 0.2156 0.1059 0.9707 0.2113 0.1654 0.9633 0.2070 0.2852 0.9359 0.2038 0.3203 0.9251 0.2040 0.3517 0.9136 0.1990 0.3815 0.9027 0.1895 0.5353 0.8231 0.1894 0.5513 0.8125 0.1880 0.5503 0.8136 0.1788 0.6104 0.7717 0.1805 0.6128 0.7693 0.1641 0.7263 0.6675 0.1655 0.7336 0.6591 0.1606 0.7518 0.6396 0.1479 0.8022 0.5785 0.1465 0.8186 0.5554 0.1439 0.8271 0.5433 0.1483 -0.7938 0.5898 0.1563 -0.7506 0.6421 0.1623 -0.7348 0.6585 0.1733 -0.6498 0.7401 0.1832 -0.5941 0.7833 0.1907 -0.5394 0.8202 0.1898 -0.5053 0.8418 0.2025 -0.3729 0.9055 0.2011 -0.3653 0.9089 0.2058 -0.2945 0.9332 0.2139 -0.2064 0.9548 0.2114 -0.2103 0.9545 0.2152 -0.1514 0.9648 0.2095 -0.1254 0.9697 0.2131 -0.0072 0.9770 0.2153 0.0626 0.9745 0.2069 0.0623 0.9764 0.2099 0.1821 0.9606 0.2077 0.1996 0.9576 0.2068 0.2363 0.9494 0.2024 0.2977 0.9329 0.1963 0.4170 0.8875 0.1959 0.4283 0.8822 0.1928 0.4580 0.8678 0.1839 0.5422 0.8199 0.1844 0.5685 0.8017 0.1771 0.5974 0.7821 0.1744 0.6208 0.7643 0.1545 0.7735 0.6147 0.1493 0.7894 0.5955 0.1411 0.8271 0.5440 0.1445 -0.8228 0.5496 0.1543 -0.7621 0.6288 0.1586 -0.7204 0.6752 0.1658 -0.7002 0.6944 0.1667 -0.6684 0.7249 0.1781 -0.5986 0.7810 0.1933 -0.4703 0.8611 0.1960 -0.4373 0.8777 0.1988 -0.4063 0.8918 0.2061 -0.3166 0.9259 0.2092 -0.2608 0.9424 0.2099 -0.2320 0.9498 0.2082 -0.2148 0.9542 0.2090 -0.1915 0.9590 0.2137 -0.0848 0.9732 0.2077 -0.0893 0.9741 0.2104 -0.0552 0.9761 0.2105 -0.0386 0.9768 0.2105 0.0205 0.9774 0.2122 0.1025 0.9718 0.2096 0.0922 0.9734 0.2111 0.1135 0.9709 0.2084 0.1281 0.9696 0.2091 0.1372 0.9682 0.2068 0.1736 0.9629 0.2005 0.3160 0.9273 0.2007 0.3457 0.9166 0.1961 0.3898 0.8998 0.1895 0.4779 0.8577 0.1880 0.4945 0.8486 0.1770 0.5882 0.7891 0.1709 0.6479 0.7424 0.1678 0.6761 0.7174 0.1723 0.6547 0.7360 0.1735 0.6601 0.7308 0.1607 0.7114 0.6841 0.1683 0.6871 0.7068 0.1663 0.7082 0.6861 0.1535 0.7634 0.6274 0.1425 -0.8114 0.5669 0.1459 -0.7969 0.5863 0.1466 -0.7853 0.6015 0.1512 -0.7647 0.6264 0.1625 -0.6926 0.7028 0.1649 -0.6875 0.7072 0.1719 -0.6328 0.7550 0.1810 -0.5741 0.7985 0.1836 -0.5567 0.8102 0.1900 -0.4601 0.8673 0.1970 -0.3950 0.8973 0.1989 -0.3736 0.9060 0.1991 -0.3124 0.9289 0.2026 -0.2728 0.9405 0.2061 -0.1844 0.9610 0.2087 -0.1117 0.9716 0.2087 -0.0485 0.9768 0.2084 0.0488 0.9768 0.2013 0.1875 0.9614 0.2074 0.2203 0.9531 0.2018 0.2639 0.9432 0.1968 0.3416 0.9190 0.1933 0.4293 0.8822 0.1889 0.4680 0.8633 0.1893 0.5110 0.8384 0.1784 0.5746 0.7987 0.1742 0.5979 0.7824 0.1697 0.6313 0.7568 0.1573 0.7453 0.6479 0.1496 0.7689 0.6217 0.1387 -0.8153 0.5622 0.1481 -0.7721 0.6179 0.1512 -0.7449 0.6498 0.1663 -0.6407 0.7496 0.1793 -0.5669 0.8041 0.1812 -0.5499 0.8153 0.1845 -0.5348 0.8246 0.1844 -0.5190 0.8347 0.1853 -0.4958 0.8485 0.1971 -0.3650 0.9099 0.2009 -0.3314 0.9219 0.2041 -0.2424 0.9485 0.2014 -0.2276 0.9527 0.2010 -0.1315 0.9707 0.2076 -0.0313 0.9777 0.2099 -0.0190 0.9775 0.2098 -0.0080 0.9777 0.2069 0.0313 0.9779 0.2039 0.0403 0.9782 0.2026 0.1617 0.9658 0.2065 0.1438 0.9678 0.2029 0.2237 0.9533 0.1979 0.3066 0.9310 0.1940 0.3331 0.9227 0.1972 0.3705 0.9077 0.1930 0.3973 0.8972 0.1950 0.4114 0.8903 0.1901 0.4465 0.8743 0.1844 0.4853 0.8547 0.1834 0.5179 0.8355 0.1772 0.5527 0.8143 0.1676 0.6189 0.7674 0.1623 0.6872 0.7081 0.1514 0.7562 0.6366 0.1502 0.7483 0.6462 0.1493 0.7606 0.6318 0.1452 0.7925 0.5923 0.1389 -0.8047 0.5772 0.1459 -0.7702 0.6209 0.1612 -0.6790 0.7162 0.1609 -0.6601 0.7338 0.1689 -0.6107 0.7736 0.1780 -0.5452 0.8192 0.1829 -0.4915 0.8514 0.1832 -0.4732 0.8617 0.1920 -0.4249 0.8847 0.1948 -0.3913 0.8994 0.1953 -0.3502 0.9161 0.1993 -0.2773 0.9399 0.1997 -0.2637 0.9437 0.2005 -0.2107 0.9568 0.2025 -0.1524 0.9674 0.2027 -0.0855 0.9755 0.2053 -0.0505 0.9774 0.2056 -0.0189 0.9785 0.2086 -0.0071 0.9780 0.2075 -0.0028 0.9782 0.2058 0.0029 0.9786 0.2048 0.0064 0.9788 0.2031 0.0098 0.9791 0.1998 0.0126 0.9798 0.1983 0.0219 0.9799 0.2039 0.0797 0.9757 0.2026 0.1076 0.9733 0.1998 0.1643 0.9660 0.1988 0.2394 0.9504 0.1960 0.2174 0.9562 0.1952 0.2843 0.9386 0.1942 0.3430 0.9190 0.1899 0.3882 0.9018 0.1873 0.4276 0.8843 0.1850 0.4598 0.8685 0.1802 0.4962 0.8493 0.1757 0.5458 0.8193 0.1729 0.5859 0.7917 0.1639 0.6468 0.7448 0.1462 0.7680 0.6235 0.1414 0.7858 0.6021 0.1377 0.8190 0.5570 0.1357 0.8267 0.5461 0.1431 -0.7857 0.6018 0.1530 -0.7174 0.6796 0.1579 -0.6972 0.6993 0.1580 -0.6777 0.7181 0.1746 -0.5783 0.7969 0.1740 -0.5675 0.8047 0.1798 -0.5099 0.8412 0.1754 -0.5137 0.8399 0.1910 -0.3946 0.8988 0.1943 -0.3314 0.9233 0.1962 -0.2949 0.9352 0.1962 -0.2676 0.9433 0.1988 -0.2250 0.9539 0.1964 -0.2296 0.9533 0.2001 -0.1932 0.9605 0.1984 -0.1562 0.9676 0.1998 -0.1113 0.9735 0.2023 -0.0702 0.9768 0.2011 -0.0429 0.9786 0.1986 0.0380 0.9793 0.1999 0.0595 0.9780 0.1932 0.0370 0.9805 0.1985 0.1190 0.9728 0.1940 0.2525 0.9479 0.1926 0.2757 0.9418 0.1898 0.3404 0.9209 0.1917 0.3540 0.9154 0.1861 0.4137 0.8912 0.1788 0.4800 0.8589 0.1706 0.5497 0.8177 0.1723 0.5617 0.8092 0.1723 0.5750 0.7998 0.1643 0.6239 0.7640 0.1581 0.6776 0.7183 0.1638 0.6563 0.7365 0.1575 0.6942 0.7023 0.1636 0.6670 0.7269 0.1547 0.7168 0.6799 0.1366 0.8065 0.5753 0.1399 -0.7868 0.6011 0.1541 -0.6937 0.7036 0.1581 -0.6686 0.7266 0.1735 -0.5557 0.8131 0.1833 -0.4558 0.8710 0.1856 -0.4381 0.8796 0.1894 -0.3696 0.9097 0.1866 -0.3627 0.9130 0.1908 -0.3342 0.9230 0.1936 -0.2882 0.9378 0.1977 -0.2333 0.9521 0.1991 -0.0999 0.9749 0.1956 -0.0976 0.9758 0.1974 -0.0677 0.9780 0.1966 -0.0388 0.9797 0.1995 0.0775 0.9768 0.1942 0.0781 0.9778 0.1951 0.1096 0.9746 0.1966 0.1686 0.9659 0.1958 0.1899 0.9621 0.1911 0.2954 0.9361 0.1930 0.3133 0.9299 0.1854 0.3767 0.9076 0.1773 0.5234 0.8334 0.1601 0.6490 0.7437 0.1408 0.7752 0.6158 0.1385 0.7869 0.6014 0.1311 -0.8217 0.5546 0.1401 -0.7735 0.6181 0.1446 -0.7562 0.6382 0.1462 -0.7355 0.6616 0.1492 -0.7093 0.6889 0.1628 -0.6331 0.7568 0.1728 -0.5451 0.8203 0.1771 -0.4732 0.8630 0.1805 -0.4600 0.8694 0.1829 -0.3942 0.9006 0.1907 -0.3083 0.9320 0.1916 -0.2800 0.9407 0.1957 -0.2495 0.9484 0.1955 -0.1767 0.9647 0.1969 -0.1104 0.9742 0.1938 -0.0859 0.9773 0.1969 0.0115 0.9804 0.1959 0.0609 0.9787 0.1978 0.1376 0.9705 0.1889 0.2726 0.9434 0.1892 0.3204 0.9282 0.1852 0.3441 0.9205 0.1795 0.4048 0.8966 0.1817 0.4243 0.8871 0.1747 0.4852 0.8568 0.1724 0.5207 0.8361 0.1745 0.4987 0.8490 0.1667 0.6017 0.7811 0.1626 0.6270 0.7619 0.1536 0.6945 0.7029 0.1481 0.7377 0.6586 0.1403 0.7696 0.6229 0.1316 0.8237 0.5515 0.1343 -0.8024 0.5815 0.1363 -0.7886 0.5996 0.1436 -0.7209 0.6780 0.1594 -0.6214 0.7671 0.1637 -0.6179 0.7690 0.1648 -0.6049 0.7791 0.1702 -0.5759 0.7996 0.1750 -0.4916 0.8531 0.1827 -0.4246 0.8867 0.1924 -0.2559 0.9474 0.1910 -0.2425 0.9512 0.1941 -0.1465 0.9700 0.1940 -0.1182 0.9739 0.1918 -0.1201 0.9741 0.1959 -0.0545 0.9791 0.1998 -0.0196 0.9796 0.1997 -0.0100 0.9798 0.1995 -0.0021 0.9799 0.1950 0.0269 0.9804 0.1920 0.0904 0.9772 0.1945 0.1236 0.9731 0.1909 0.1530 0.9696 0.1911 0.1980 0.9614 0.1904 0.2189 0.9570 0.1917 0.2317 0.9537 0.1843 0.2840 0.9409 0.1863 0.3093 0.9325 0.1792 0.3806 0.9072 0.1749 0.4913 0.8533 0.1653 0.5578 0.8133 0.1654 0.5835 0.7951 0.1627 0.6080 0.7771 0.1530 0.6883 0.7091 0.1431 0.7591 0.6350 0.1369 0.7839 0.6056 0.1335 0.7994 0.5858 0.1320 0.8144 0.5651 0.1273 -0.8138 0.5671 0.1324 -0.7976 0.5885 0.1420 -0.7385 0.6592 0.1509 -0.6887 0.7092 0.1554 -0.6696 0.7263 0.1584 -0.6469 0.7460 0.1634 -0.5955 0.7866 0.1696 -0.5404 0.8242 0.1706 -0.5229 0.8352 0.1755 -0.4674 0.8664 0.1774 -0.4452 0.8777 0.1797 -0.3795 0.9076 0.1825 -0.3743 0.9092 0.1860 -0.3420 0.9211 0.1816 -0.3629 0.9140 0.1859 -0.3110 0.9321 0.1885 -0.2764 0.9424 0.1931 -0.2050 0.9595 0.1926 -0.1728 0.9660 0.1942 -0.1299 0.9723 0.1899 -0.1376 0.9721 0.1933 -0.0683 0.9788 0.1954 -0.0141 0.9806 0.1914 -0.0150 0.9814 0.1968 0.0011 0.9804 0.1957 0.0053 0.9807 0.1912 -0.0030 0.9815 0.1958 0.0254 0.9803 0.1909 0.0141 0.9815 0.1946 0.0293 0.9804 0.1915 0.0515 0.9801 0.1927 0.1777 0.9650 0.1858 0.2624 0.9469 0.1833 0.3063 0.9341 0.1839 0.3324 0.9250 0.1779 0.4224 0.8888 0.1760 0.4375 0.8818 0.1734 0.4699 0.8655 0.1717 0.5023 0.8475 0.1682 0.5290 0.8318 0.1610 0.5905 0.7908 0.1594 0.6137 0.7733 0.1521 0.6525 0.7424 0.1504 0.7133 0.6846 0.1435 0.7324 0.6656 0.1363 0.7775 0.6139 0.1285 0.8016 0.5839 0.1279 0.8242 0.5516 0.1300 -0.7963 0.5907 0.1347 -0.7832 0.6070 0.1388 -0.7585 0.6367 0.1474 -0.6980 0.7008 0.1489 -0.6728 0.7247 0.1570 -0.6057 0.7801 0.1606 -0.5995 0.7841 0.1773 -0.4039 0.8975 0.1876 -0.2246 0.9562 0.1890 -0.2059 0.9602 0.1925 -0.0806 0.9780 0.1885 -0.0847 0.9784 0.1921 -0.0593 0.9796 0.1917 -0.0488 0.9802 0.1917 -0.0327 0.9809 0.1933 0.0066 0.9811 0.1879 0.0546 0.9807 0.1888 0.0771 0.9790 0.1899 0.0977 0.9769 0.1908 0.1212 0.9741 0.1880 0.1784 0.9658 0.1817 0.3478 0.9198 0.1777 0.4026 0.8980 0.1737 0.4243 0.8887 0.1728 0.4496 0.8764 0.1674 0.5204 0.8374 0.1553 0.6140 0.7739 0.1594 0.6326 0.7579 0.1462 0.6878 0.7111 0.1521 0.6725 0.7243 0.1418 0.7488 0.6474 0.1240 0.8206 0.5579 0.1314 -0.7809 0.6107 0.1395 -0.7378 0.6604 0.1408 -0.7267 0.6723 0.1443 -0.7000 0.6994 0.1546 -0.6495 0.7445 0.1636 -0.5735 0.8027 0.1654 -0.5448 0.8221 0.1673 -0.5214 0.8367 0.1695 -0.4986 0.8501 0.1736 -0.4567 0.8725 0.1775 -0.4299 0.8853 0.1768 -0.3772 0.9091 0.1822 -0.3448 0.9208 0.1849 -0.2506 0.9503 0.1811 -0.2228 0.9579 0.1897 -0.1003 0.9767 0.1865 -0.0683 0.9801 0.1829 -0.0622 0.9812 0.1892 -0.0277 0.9815 0.1852 0.0867 0.9789 0.1876 0.1036 0.9768 0.1865 0.1328 0.9734 0.1871 0.1948 0.9628 0.1867 0.2099 0.9597 0.1834 0.2630 0.9472 0.1791 0.3106 0.9335 0.1821 0.3264 0.9275 0.1773 0.3531 0.9186 0.1659 0.4562 0.8743 0.1677 0.5048 0.8468 0.1685 0.4847 0.8583 0.1653 0.5254 0.8346 0.1647 0.5394 0.8258 0.1610 0.5607 0.8122 0.1596 0.5817 0.7976 0.1500 0.6723 0.7249 0.1445 0.7143 0.6847 0.1379 0.7466 0.6508 0.1334 0.7694 0.6247 0.1284 0.8081 0.5749 0.1228 -0.8169 0.5636 0.1255 -0.8005 0.5860 0.1325 -0.7587 0.6379 0.1392 -0.7225 0.6772 0.1520 -0.6353 0.7571 0.1602 -0.5621 0.8114 0.1620 -0.5428 0.8241 0.1678 -0.4843 0.8586 0.1701 -0.4521 0.8756 0.1730 -0.3969 0.9014 0.1796 -0.3365 0.9244 0.1752 -0.3362 0.9253 0.1824 -0.2934 0.9384 0.1786 -0.2861 0.9414 0.1864 -0.1746 0.9668 0.1884 -0.1600 0.9690 0.1834 -0.0713 0.9804 0.1871 -0.0023 0.9823 0.1871 0.0170 0.9822 0.1828 0.0378 0.9824 0.1853 0.1104 0.9765 0.1820 0.1934 0.9641 0.1832 0.2170 0.9588 0.1857 0.2402 0.9528 0.1793 0.2600 0.9488 0.1809 0.2794 0.9430 0.1729 0.3686 0.9134 0.1715 0.3938 0.9030 0.1663 0.4331 0.8859 0.1675 0.4710 0.8661 0.1652 0.5013 0.8494 0.1618 0.5377 0.8274 0.1595 0.5605 0.8126 0.1496 0.6451 0.7493 0.1464 0.6537 0.7424 0.1444 0.6748 0.7237 0.1289 0.7893 0.6004 0.1284 -0.7819 0.6100 0.1368 -0.7098 0.6910 0.1425 -0.6895 0.7101 0.1448 -0.6532 0.7432 0.1487 -0.6279 0.7640 0.1521 -0.6130 0.7753 0.1654 -0.4802 0.8614 0.1646 -0.4753 0.8643 0.1708 -0.4193 0.8917 0.1834 -0.2372 0.9540 0.1867 -0.1802 0.9658 0.1847 -0.1786 0.9664 0.1826 -0.1705 0.9683 0.1815 -0.1588 0.9705 0.1866 -0.1312 0.9736 0.1858 -0.1178 0.9755 0.1851 -0.1095 0.9766 0.1834 -0.0207 0.9828 0.1846 -0.0013 0.9828 0.1831 0.0039 0.9831 0.1870 0.0112 0.9823 0.1836 0.0601 0.9812 0.1811 0.0686 0.9811 0.1824 0.1244 0.9753 0.1835 0.1541 0.9709 0.1784 0.2279 0.9572 0.1801 0.2423 0.9533 0.1778 0.2448 0.9531 0.1775 0.2873 0.9413 0.1726 0.3466 0.9220 0.1658 0.4161 0.8941 0.1651 0.4684 0.8680 0.1569 0.5514 0.8194 0.1560 0.5808 0.7990 0.1484 0.6318 0.7608 0.1419 0.6655 0.7328 0.1258 0.7848 0.6068 0.1308 0.7637 0.6321 0.1204 0.8220 0.5566 0.1192 -0.8185 0.5620 0.1250 -0.7842 0.6078 0.1360 -0.6951 0.7059 0.1400 -0.6825 0.7173 0.1554 -0.5863 0.7950 0.1620 -0.5220 0.8374 0.1669 -0.4373 0.8837 0.1704 -0.3972 0.9017 0.1743 -0.3634 0.9152 0.1756 -0.3124 0.9336 0.1785 -0.2673 0.9469 0.1791 -0.2503 0.9515 0.1818 -0.1321 0.9744 0.1848 -0.0359 0.9821 0.1822 -0.0333 0.9827 0.1847 -0.0043 0.9828 0.1826 -0.0091 0.9831 0.1827 0.0126 0.9831 0.1859 0.0305 0.9821 0.1826 0.0274 0.9828 0.1787 0.0160 0.9838 0.1800 0.0950 0.9791 0.1767 0.1680 0.9698 0.1749 0.2782 0.9445 0.1726 0.3098 0.9350 0.1695 0.3379 0.9258 0.1688 0.3827 0.9083 0.1697 0.3914 0.9044 0.1615 0.4815 0.8614 0.1596 0.5166 0.8412 0.1538 0.5368 0.8296 0.1549 0.5466 0.8229 0.1513 0.5757 0.8036 0.1416 0.6448 0.7512 0.1399 0.7153 0.6846 0.1407 0.7014 0.6988 0.1344 0.7420 0.6568 0.1215 0.8100 0.5738 0.1210 0.7977 0.5908 0.1221 -0.8015 0.5854 0.1252 -0.7596 0.6383 0.1331 -0.7367 0.6630 0.1315 -0.7292 0.6715 0.1340 -0.7125 0.6887 0.1465 -0.6296 0.7630 0.1524 -0.5801 0.8002 0.1566 -0.5577 0.8151 0.1561 -0.5365 0.8293 0.1590 -0.5216 0.8382 0.1635 -0.4609 0.8722 0.1688 -0.3753 0.9114 0.1731 -0.2723 0.9465 0.1802 -0.2011 0.9629 0.1721 -0.2202 0.9601 0.1794 -0.1567 0.9712 0.1799 -0.0856 0.9799 0.1799 -0.0754 0.9808 0.1787 -0.0421 0.9830 0.1767 -0.0344 0.9837 0.1809 0.0578 0.9818 0.1774 0.0458 0.9831 0.1788 0.0707 0.9813 0.1770 0.1902 0.9657 0.1748 0.2355 0.9560 0.1680 0.3985 0.9016 0.1611 0.4637 0.8712 0.1519 0.5550 0.8179 0.1488 0.6082 0.7797 0.1444 0.6464 0.7492 0.1392 0.6888 0.7114 0.1387 0.6997 0.7008 0.1289 0.7603 0.6366 0.1224 -0.7824 0.6107 0.1389 -0.6675 0.7315 0.1597 -0.5043 0.8486 0.1660 -0.4304 0.8872 0.1627 -0.4284 0.8888 0.1663 -0.4155 0.8942 0.1659 -0.4056 0.8989 0.1703 -0.3407 0.9246 0.1720 -0.3065 0.9362 0.1650 -0.3317 0.9288 0.1771 -0.1793 0.9677 0.1794 -0.1162 0.9769 0.1790 -0.0569 0.9822 0.1795 -0.0078 0.9837 0.1769 0.1297 0.9757 0.1723 0.1947 0.9656 0.1764 0.2063 0.9625 0.1724 0.2282 0.9582 0.1744 0.2514 0.9520 0.1685 0.3259 0.9303 0.1670 0.3403 0.9254 0.1650 0.3890 0.9063 0.1592 0.4463 0.8806 0.1454 0.6073 0.7811 0.1358 0.6953 0.7058 0.1354 0.7066 0.6945 0.1347 0.7224 0.6783 0.1201 0.7869 0.6053 0.1260 0.7718 0.6233 0.1169 0.8081 0.5774 0.1147 -0.8184 0.5630 0.1198 -0.7992 0.5891 0.1282 -0.7362 0.6646 0.1310 -0.7139 0.6879 0.1446 -0.6305 0.7626 0.1461 -0.5699 0.8086 0.1505 -0.5691 0.8084 0.1505 -0.5417 0.8270 0.1566 -0.4938 0.8553 0.1609 -0.4509 0.8780 0.1749 -0.2291 0.9576 0.1751 -0.1756 0.9688 0.1761 -0.0802 0.9811 0.1709 -0.1034 0.9798 0.1734 -0.0481 0.9837 0.1752 0.0317 0.9840 0.1758 0.0746 0.9816 0.1727 0.1194 0.9777 0.1729 0.1488 0.9736 0.1688 0.2566 0.9517 0.1706 0.2814 0.9443 0.1665 0.3295 0.9293 0.1637 0.4083 0.8980 0.1566 0.4790 0.8637 0.1580 0.4849 0.8602 0.1510 0.5423 0.8265 0.1512 0.5500 0.8214 0.1479 0.5666 0.8106 0.1423 0.5980 0.7888 0.1468 0.5874 0.7959 0.1403 0.6279 0.7656 0.1342 0.6719 0.7284 0.1154 -0.8003 0.5884 0.1197 -0.7848 0.6081 0.1306 -0.6981 0.7039 0.1414 -0.6436 0.7522 0.1423 -0.6188 0.7726 0.1484 -0.6056 0.7818 0.1563 -0.4772 0.8648 0.1670 -0.3404 0.9253 0.1643 -0.3509 0.9219 0.1626 -0.2991 0.9403 0.1715 -0.2395 0.9556 0.1716 -0.1944 0.9658 0.1736 -0.1794 0.9683 0.1742 -0.1660 0.9706 0.1722 -0.1377 0.9754 0.1749 -0.1162 0.9777 0.1735 -0.1068 0.9790 0.1769 -0.0220 0.9840 0.1752 -0.0163 0.9844 0.1752 -0.0071 0.9845 0.1789 0.0037 0.9839 0.1740 0.0203 0.9845 0.1719 0.1322 0.9762 0.1681 0.1173 0.9788 0.1659 0.3102 0.9361 0.1641 0.3405 0.9258 0.1618 0.3643 0.9171 0.1656 0.3657 0.9159 0.1619 0.3965 0.9036 0.1520 0.4842 0.8616 0.1535 0.5133 0.8444 0.1488 0.5451 0.8251 0.1207 0.7763 0.6187 0.1249 0.7599 0.6379 0.1122 0.8201 0.5612 0.1254 -0.7360 0.6652 0.1340 -0.6840 0.7171 0.1363 -0.6464 0.7507 0.1450 -0.5917 0.7930 0.1528 -0.5163 0.8427 0.1523 -0.4623 0.8735 0.1567 -0.4518 0.8783 0.1618 -0.4118 0.8968 0.1629 -0.3764 0.9120 0.1587 -0.3818 0.9105 0.1671 -0.3059 0.9373 0.1709 -0.2546 0.9518 0.1696 -0.2465 0.9542 0.1719 -0.0395 0.9843 0.1756 0.0006 0.9845 0.1735 0.0011 0.9848 0.1731 0.0058 0.9849 0.1714 0.0590 0.9834 0.1722 0.0786 0.9819 0.1730 0.0991 0.9799 0.1705 0.1683 0.9709 0.1670 0.2190 0.9613 0.1638 0.2716 0.9484 0.1672 0.2803 0.9452 0.1640 0.3261 0.9310 0.1588 0.3597 0.9194 0.1583 0.3897 0.9072 0.1572 0.4247 0.8916 0.1521 0.4575 0.8761 0.1480 0.5371 0.8304 0.1440 0.5643 0.8129 0.1446 0.5772 0.8037 0.1355 0.6539 0.7444 0.1297 0.7228 0.6788 0.1332 0.6904 0.7111 0.1161 0.7928 0.5984 0.1171 0.7840 0.6097 0.1143 0.7960 0.5944 0.1108 -0.8171 0.5658 0.1120 -0.7995 0.5901 0.1156 -0.7814 0.6132 0.1197 -0.7549 0.6448 0.1216 -0.7319 0.6705 0.1271 -0.7119 0.6907 0.1300 -0.6797 0.7219 0.1391 -0.6101 0.7800 0.1419 -0.6016 0.7861 0.1420 -0.5862 0.7976 0.1471 -0.5310 0.8345 0.1521 -0.5039 0.8503 0.1578 -0.3991 0.9032 0.1614 -0.3585 0.9195 0.1633 -0.2482 0.9548 0.1665 -0.2227 0.9605 0.1659 -0.1211 0.9787 0.1722 -0.0672 0.9828 0.1699 -0.0284 0.9850 0.1721 -0.0055 0.9851 0.1702 0.0054 0.9854 0.1694 0.0164 0.9854 0.1724 0.0219 0.9848 0.1734 0.0287 0.9844 0.1711 0.0367 0.9846 0.1655 0.0265 0.9859 0.1686 0.0441 0.9847 0.1691 0.0993 0.9806 0.1677 0.1464 0.9749 0.1666 0.1663 0.9719 0.1683 0.2373 0.9568 0.1659 0.2442 0.9554 0.1619 0.3295 0.9302 0.1578 0.3777 0.9124 0.1536 0.4381 0.8857 0.1503 0.4774 0.8657 0.1361 0.6337 0.7615 0.1300 0.6800 0.7216 0.1255 0.7069 0.6961 0.1307 0.6880 0.7139 0.1182 0.7720 0.6245 0.1132 0.8072 0.5793 0.1073 -0.8124 0.5732 0.1127 -0.7914 0.6008 0.1240 -0.7045 0.6987 0.1313 -0.6468 0.7513 0.1343 -0.6391 0.7573 0.1438 -0.5615 0.8149 0.1497 -0.4936 0.8567 0.1545 -0.4316 0.8888 0.1603 -0.3449 0.9249 0.1622 -0.3244 0.9319 0.1653 -0.2640 0.9503 0.1696 -0.1630 0.9719 0.1685 -0.1239 0.9779 0.1682 -0.0597 0.9839 0.1672 -0.0482 0.9847 0.1659 0.0511 0.9848 0.1672 0.0810 0.9826 0.1668 0.0999 0.9809 0.1562 0.3815 0.9111 0.1520 0.4289 0.8905 0.1436 0.5348 0.8327 0.1413 0.5503 0.8229 0.1393 0.5944 0.7920 0.1367 0.6159 0.7759 0.1306 0.6620 0.7380 0.1253 0.7232 0.6792 0.1191 0.7562 0.6434 0.1112 0.8028 0.5857 0.1147 -0.7661 0.6324 0.1261 -0.6726 0.7292 0.1292 -0.6668 0.7340 0.1351 -0.6236 0.7700 0.1378 -0.5828 0.8009 0.1421 -0.5541 0.8202 0.1487 -0.4681 0.8711 0.1513 -0.4502 0.8800 0.1508 -0.4476 0.8814 0.1488 -0.4367 0.8872 0.1543 -0.4051 0.9012 0.1563 -0.3707 0.9155 0.1549 -0.3623 0.9191 0.1610 -0.2881 0.9440 0.1589 -0.2822 0.9461 0.1633 -0.2329 0.9587 0.1605 -0.2448 0.9562 0.1632 -0.2140 0.9631 0.1638 -0.1853 0.9689 0.1665 -0.1689 0.9715 0.1683 -0.1559 0.9733 0.1672 -0.0868 0.9821 0.1666 -0.0783 0.9829 0.1694 -0.0154 0.9854 0.1679 -0.0065 0.9858 0.1662 0.0152 0.9860 0.1632 0.0143 0.9865 0.1619 0.1011 0.9816 0.1628 0.2079 0.9645 0.1659 0.1865 0.9684 0.1590 0.3106 0.9372 0.1591 0.3349 0.9287 0.1562 0.3442 0.9258 0.1529 0.3762 0.9138 0.1532 0.4007 0.9033 0.1461 0.5252 0.8383 0.1433 0.5327 0.8341 0.1388 0.5815 0.8016 0.1346 0.5891 0.7967 0.1349 0.6096 0.7811 0.1320 0.6384 0.7583 0.1244 0.6922 0.7109 0.1215 0.7208 0.6824 0.1187 0.7363 0.6661 0.1063 0.8130 0.5725 0.1109 -0.7929 0.5991 0.1116 -0.7795 0.6164 0.1167 -0.7495 0.6517 0.1213 -0.6971 0.7066 0.1515 -0.4143 0.8975 0.1576 -0.3021 0.9402 0.1656 -0.1670 0.9719 0.1685 -0.1418 0.9754 0.1688 -0.0946 0.9811 0.1656 -0.0985 0.9813 0.1639 -0.0643 0.9844 0.1622 -0.0557 0.9852 0.1643 0.0128 0.9863 0.1610 0.0342 0.9864 0.1655 0.1333 0.9772 0.1625 0.1272 0.9785 0.1600 0.1881 0.9690 0.1595 0.2134 0.9639 0.1620 0.2359 0.9582 0.1578 0.2670 0.9507 0.1534 0.3342 0.9299 0.1530 0.3543 0.9226 0.1501 0.4172 0.8963 0.1457 0.4662 0.8726 0.1473 0.4905 0.8589 0.1422 0.5253 0.8390 0.1264 0.6666 0.7346 0.1203 0.7180 0.6856 0.1143 0.7355 0.6679 0.1109 0.7786 0.6177 0.1082 0.7801 0.6162 0.1114 0.7895 0.6036 0.1072 -0.7928 0.6000 0.1110 -0.7636 0.6360 0.1174 -0.7271 0.6764 0.1277 -0.6450 0.7534 0.1300 -0.6309 0.7649 0.1324 -0.6154 0.7770 0.1418 -0.5374 0.8313 0.1444 -0.5057 0.8505 0.1433 -0.4972 0.8557 0.1439 -0.4774 0.8668 0.1512 -0.4021 0.9031 0.1560 -0.3461 0.9251 0.1577 -0.2676 0.9506 0.1623 -0.1776 0.9706 0.1635 -0.1153 0.9798 0.1627 -0.0835 0.9831 0.1657 -0.0001 0.9862 0.1631 0.0003 0.9866 0.1633 0.1430 0.9761 0.1577 0.2333 0.9595 0.1541 0.2754 0.9489 0.1497 0.4054 0.9018 0.1461 0.4308 0.8905 0.1393 0.4939 0.8583 0.1425 0.5000 0.8542 0.1366 0.5567 0.8194 0.1298 0.6083 0.7830 0.1286 0.6347 0.7620 0.1235 0.6544 0.7460 0.1179 0.7116 0.6927 0.1134 0.7632 0.6362 0.1061 0.7935 0.5992 0.1020 -0.8178 0.5663 0.1062 -0.7825 0.6136 0.1122 -0.7410 0.6620 0.1144 -0.7149 0.6898 0.1179 -0.7058 0.6985 0.1224 -0.6791 0.7238 0.1406 -0.4665 0.8733 0.1430 -0.4624 0.8751 0.1474 -0.4191 0.8959 0.1523 -0.3741 0.9148 0.1511 -0.3322 0.9310 0.1551 -0.3039 0.9400 0.1575 -0.2129 0.9643 0.1570 -0.1961 0.9679 0.1624 -0.1549 0.9745 0.1600 -0.1450 0.9764 0.1631 -0.1005 0.9815 0.1586 -0.1002 0.9823 0.1650 0.0067 0.9863 0.1611 0.0042 0.9869 0.1595 0.0071 0.9872 0.1610 0.0139 0.9869 0.1617 0.0247 0.9865 0.1561 0.0303 0.9873 0.1607 0.0590 0.9852 0.1620 0.0809 0.9835 0.1597 0.0844 0.9835 0.1573 0.1243 0.9797 0.1622 0.1644 0.9730 0.1591 0.1454 0.9765 0.1593 0.1737 0.9718 0.1508 0.2877 0.9458 0.1495 0.3337 0.9308 0.1493 0.3633 0.9196 0.1403 0.4641 0.8746 0.1379 0.5274 0.8383 0.1318 0.5844 0.8007 0.1256 0.6311 0.7655 0.1214 0.6897 0.7139 0.1097 0.7627 0.6374 0.1081 0.7849 0.6102 0.1034 0.8116 0.5750 0.1027 -0.7976 0.5944 0.1092 -0.7553 0.6462 0.1196 -0.6875 0.7163 0.1225 -0.6573 0.7436 0.1280 -0.6198 0.7743 0.1323 -0.5929 0.7943 0.1393 -0.5231 0.8408 0.1406 -0.5024 0.8531 0.1467 -0.4025 0.9036 0.1507 -0.3183 0.9359 0.1529 -0.2967 0.9427 0.1553 -0.2745 0.9490 0.1555 -0.2627 0.9523 0.1543 -0.2181 0.9636 0.1571 -0.1390 0.9778 0.1589 -0.0834 0.9838 0.1598 -0.0692 0.9847 0.1633 -0.0314 0.9861 0.1604 -0.0214 0.9868 0.1636 -0.0087 0.9865 0.1606 -0.0070 0.9870 0.1561 0.0031 0.9877 0.1586 0.0184 0.9872 0.1599 0.0748 0.9843 0.1563 0.1709 0.9728 0.1556 0.2071 0.9659 0.1537 0.2488 0.9563 0.1533 0.3022 0.9408 0.1514 0.3008 0.9416 0.1444 0.3844 0.9118 0.1429 0.4248 0.8939 0.1422 0.4398 0.8867 0.1384 0.4837 0.8642 0.1304 0.5844 0.8009 0.1281 0.6008 0.7891 0.1202 0.6729 0.7299 0.1172 0.6956 0.7088 0.1226 0.6712 0.7311 0.0983 -0.8164 0.5691 0.1050 -0.7732 0.6254 0.1088 -0.7423 0.6611 0.1171 -0.6984 0.7061 0.1164 -0.6843 0.7198 0.1294 -0.5892 0.7976 0.1343 -0.5616 0.8164 0.1380 -0.5137 0.8468 0.1391 -0.4919 0.8595 0.1424 -0.4408 0.8863 0.1469 -0.3600 0.9213 0.1513 -0.2213 0.9634 0.1590 -0.1096 0.9812 0.1578 -0.0738 0.9847 0.1580 -0.0401 0.9866 0.1558 -0.0364 0.9871 0.1570 0.0702 0.9851 0.1575 0.0888 0.9835 0.1497 0.2474 0.9573 0.1510 0.2637 0.9527 0.1499 0.3115 0.9384 0.1453 0.3581 0.9223 0.1465 0.3998 0.9048 0.1327 0.5307 0.8371 0.1307 0.5435 0.8292 0.1313 0.5665 0.8135 0.1210 0.6554 0.7455 0.1085 0.7519 0.6503 0.1029 0.7751 0.6234 0.1007 0.8099 0.5779 0.1020 0.7939 0.5994 0.1140 -0.7039 0.7011 0.1195 -0.6628 0.7392 0.1217 -0.6452 0.7543 0.1229 -0.6320 0.7652 0.1253 -0.6050 0.7863 0.1270 -0.5722 0.8102 0.1340 -0.5302 0.8372 0.1350 -0.5036 0.8533 0.1375 -0.4731 0.8702 0.1392 -0.4556 0.8792 0.1428 -0.4180 0.8971 0.1481 -0.3702 0.9171 0.1429 -0.3526 0.9248 0.1483 -0.3242 0.9343 0.1480 -0.3118 0.9386 0.1451 -0.3171 0.9372 0.1484 -0.2931 0.9445 0.1560 -0.1619 0.9744 0.1560 -0.0879 0.9838 0.1526 -0.0946 0.9837 0.1560 -0.0621 0.9858 0.1497 -0.0704 0.9862 0.1574 0.0236 0.9873 0.1553 0.1029 0.9825 0.1520 0.1640 0.9747 0.1509 0.1868 0.9707 0.1395 0.4417 0.8863 0.1344 0.5256 0.8400 0.1327 0.5245 0.8410 0.1173 0.6788 0.7249 0.1168 0.6616 0.7407 0.1112 0.7288 0.6756 0.0997 0.7837 0.6131 0.0981 0.7936 0.6005 0.0955 0.8112 0.5769 0.0980 -0.7989 0.5934 0.1032 -0.7604 0.6411 0.1059 -0.7374 0.6671 0.1193 -0.6485 0.7518 0.1213 -0.6333 0.7643 0.1293 -0.5440 0.8291 0.1362 -0.4694 0.8724 0.1400 -0.4303 0.8917 0.1418 -0.4055 0.9030 0.1419 -0.3772 0.9152 0.1524 -0.2319 0.9607 0.1551 -0.1823 0.9709 0.1534 -0.1296 0.9796 0.1536 -0.1064 0.9824 0.1543 -0.0508 0.9867 0.1543 -0.0238 0.9877 0.1567 -0.0056 0.9876 0.1557 0.0480 0.9866 0.1519 0.1239 0.9806 0.1539 0.1466 0.9772 0.1513 0.2199 0.9637 0.1490 0.2281 0.9622 0.1468 0.2669 0.9525 0.1489 0.2736 0.9503 0.1477 0.3108 0.9389 0.1464 0.3159 0.9374 0.1465 0.3276 0.9334 0.1356 0.4671 0.8738 0.1353 0.4968 0.8573 0.1297 0.5286 0.8389 0.1263 0.5741 0.8090 0.1254 0.5981 0.7915 0.1227 0.6280 0.7685 0.1115 0.7026 0.7028 0.1044 0.7573 0.6447 0.0926 -0.8110 0.5777 0.0947 -0.7981 0.5950 0.0971 -0.7786 0.6200 0.1009 -0.7785 0.6195 0.1150 -0.6695 0.7338 0.1215 -0.6233 0.7725 0.1257 -0.5493 0.8261 0.1336 -0.4969 0.8574 0.1337 -0.4806 0.8667 0.1370 -0.4564 0.8792 0.1372 -0.4111 0.9012 0.1448 -0.3297 0.9329 0.1420 -0.3034 0.9422 0.1506 -0.2545 0.9553 0.1493 -0.2419 0.9587 0.1497 -0.1751 0.9731 0.1515 -0.0473 0.9873 0.1524 0.0020 0.9883 0.1517 0.0511 0.9871 0.1532 0.0798 0.9850 0.1475 0.1196 0.9818 0.1481 0.2118 0.9660 0.1455 0.3041 0.9415 0.1421 0.3478 0.9267 0.1371 0.3777 0.9157 0.1407 0.3843 0.9124 0.1381 0.4056 0.9036 0.1403 0.4136 0.8996 0.1354 0.4453 0.8851 0.1275 0.5527 0.8236 0.1123 0.6648 0.7386 0.1049 0.7413 0.6629 0.1003 0.7646 0.6367 0.0914 0.8117 0.5769 0.1109 -0.7131 0.6922 0.1137 -0.6584 0.7440 0.1171 -0.6261 0.7709 0.1224 -0.6030 0.7883 0.1305 -0.5223 0.8427 0.1306 -0.5039 0.8538 0.1296 -0.4952 0.8590 0.1354 -0.4382 0.8886 0.1398 -0.3727 0.9173 0.1436 -0.3139 0.9385 0.1522 -0.1801 0.9718 0.1502 -0.1296 0.9801 0.1518 0.0291 0.9880 0.1490 0.0286 0.9884 0.1477 0.1550 0.9768 0.1430 0.2737 0.9511 0.1411 0.3279 0.9341 0.1388 0.3495 0.9266 0.1369 0.3996 0.9064 0.1344 0.4257 0.8948 0.1304 0.4955 0.8588 0.1271 0.5279 0.8397 0.1239 0.5619 0.8179 0.1195 0.6162 0.7785 0.1122 0.6818 0.7229 0.0981 0.7828 0.6145 0.0908 -0.7990 0.5944 0.0975 -0.7648 0.6368 0.1004 -0.7507 0.6530 0.1054 -0.7213 0.6845 0.1102 -0.6882 0.7171 0.1096 -0.6676 0.7364 0.1207 -0.5954 0.7943 0.1327 -0.4530 0.8816 0.1399 -0.3412 0.9295 0.1416 -0.3201 0.9367 0.1441 -0.2747 0.9507 0.1438 -0.2536 0.9566 0.1487 -0.2129 0.9657 0.1473 -0.2037 0.9679 0.1427 -0.2145 0.9662 0.1454 -0.1823 0.9724 0.1492 -0.1231 0.9811 0.1489 -0.0937 0.9844 0.1520 -0.0117 0.9883 0.1499 -0.0049 0.9887 0.1507 0.0012 0.9886 0.1537 0.0099 0.9881 0.1497 0.0235 0.9885 0.1475 0.0121 0.9890 0.1460 0.0355 0.9886 0.1476 0.0664 0.9868 0.1497 0.0977 0.9839 0.1439 0.1316 0.9808 0.1465 0.1901 0.9708 0.1443 0.2322 0.9619 0.1441 0.2155 0.9658 0.1461 0.2389 0.9600 0.1411 0.3057 0.9416 0.1328 0.4665 0.8745 0.1299 0.4634 0.8766 0.1262 0.5199 0.8449 0.1250 0.5371 0.8342 0.1178 0.5837 0.8034 0.1193 0.5944 0.7953 0.1127 0.6438 0.7569 0.1078 0.6987 0.7072 0.1027 0.7206 0.6857 0.1041 0.7286 0.6770 0.0967 0.7775 0.6214 0.0914 0.7967 0.5974 0.0932 -0.7828 0.6153 0.1009 -0.7313 0.6746 0.1157 -0.6041 0.7884 0.1210 -0.5763 0.8083 0.1257 -0.5231 0.8430 0.1280 -0.4854 0.8649 0.1310 -0.4706 0.8726 0.1318 -0.4513 0.8826 0.1358 -0.4038 0.9047 0.1338 -0.3751 0.9173 0.1403 -0.3244 0.9355 0.1464 -0.1552 0.9770 0.1478 -0.1384 0.9793 0.1449 -0.1478 0.9783 0.1483 -0.0522 0.9876 0.1494 -0.0419 0.9879 0.1483 -0.0316 0.9884 0.1513 0.0143 0.9884 0.1453 0.0902 0.9853 0.1467 0.1037 0.9837 0.1423 0.2437 0.9594 0.1402 0.2676 0.9533 0.1381 0.2929 0.9461 0.1377 0.3307 0.9336 0.1311 0.4410 0.8879 0.1259 0.5034 0.8549 0.1225 0.5400 0.8327 0.1154 0.6164 0.7790 0.1092 0.6666 0.7374 0.1066 0.6883 0.7175 0.1047 0.7052 0.7013 0.0893 0.8097 0.5800 0.0909 -0.7843 0.6136 0.0949 -0.7617 0.6409 0.0979 -0.7449 0.6599 0.1067 -0.6823 0.7232 0.1092 -0.6605 0.7428 0.1111 -0.6502 0.7516 0.1208 -0.5562 0.8222 0.1270 -0.4965 0.8587 0.1266 -0.4862 0.8647 0.1318 -0.4335 0.8915 0.1333 -0.4112 0.9018 0.1356 -0.3866 0.9122 0.1368 -0.3241 0.9361 0.1402 -0.2874 0.9475 0.1355 -0.2939 0.9462 0.1442 -0.2276 0.9630 0.1446 -0.1291 0.9810 0.1477 -0.0619 0.9871 0.1442 -0.0612 0.9877 0.1473 -0.0201 0.9889 0.1456 0.0184 0.9892 0.1420 0.0258 0.9895 0.1434 0.0692 0.9872 0.1443 0.1074 0.9837 0.1414 0.1526 0.9781 0.1417 0.1875 0.9720 0.1370 0.2621 0.9553 0.1348 0.3474 0.9280 0.1353 0.3614 0.9225 0.1314 0.3939 0.9097 0.1339 0.4062 0.9039 0.1252 0.4893 0.8631 0.1090 0.6589 0.7443 0.1041 0.6839 0.7221 0.1012 0.7140 0.6928 0.0986 0.7351 0.6707 0.0970 0.7648 0.6369 0.0994 0.7417 0.6633 0.0904 0.7819 0.6168 0.0914 0.7872 0.6099 0.0879 0.8067 0.5844 0.0878 -0.7929 0.6030 0.0966 -0.7468 0.6580 0.1034 -0.7069 0.6998 0.1095 -0.6443 0.7569 0.1121 -0.6297 0.7687 0.1172 -0.5610 0.8195 0.1220 -0.5135 0.8494 0.1243 -0.4833 0.8666 0.1284 -0.4617 0.8777 0.1285 -0.4500 0.8838 0.1259 -0.4537 0.8822 0.1307 -0.4207 0.8977 0.1314 -0.3933 0.9100 0.1374 -0.3336 0.9327 0.1358 -0.3142 0.9396 0.1397 -0.2460 0.9592 0.1428 -0.2035 0.9686 0.1414 -0.1893 0.9717 0.1447 -0.1131 0.9830 0.1442 -0.0831 0.9861 0.1417 0.0897 0.9858 0.1438 0.0965 0.9849 0.1411 0.1344 0.9808 0.1393 0.1689 0.9757 0.1421 0.2071 0.9679 0.1402 0.2210 0.9651 0.1365 0.2831 0.9493 0.1340 0.2956 0.9459 0.1293 0.4356 0.8908 0.1245 0.4759 0.8706 0.1208 0.5176 0.8470 0.1158 0.5508 0.8266 0.1126 0.5987 0.7930 0.1126 0.6169 0.7790 0.1091 0.6471 0.7545 0.1067 0.6523 0.7504 0.0956 0.7394 0.6665 0.0940 0.7581 0.6453 0.0874 0.8018 0.5912 0.0850 -0.8076 0.5836 0.0939 -0.7464 0.6588 0.0973 -0.7308 0.6757 0.1004 -0.7064 0.7007 0.1029 -0.6848 0.7214 0.1075 -0.6607 0.7430 0.1113 -0.6023 0.7905 0.1164 -0.5800 0.8063 0.1202 -0.5414 0.8321 0.1331 -0.3626 0.9224 0.1331 -0.3148 0.9398 0.1414 -0.1753 0.9743 0.1441 -0.1028 0.9842 0.1427 -0.0411 0.9889 0.1439 -0.0180 0.9894 0.1477 0.0001 0.9890 0.1442 0.0086 0.9895 0.1433 0.0107 0.9896 0.1412 0.1171 0.9830 0.1362 0.2312 0.9633 0.1315 0.3660 0.9213 0.1341 0.3290 0.9348 0.1300 0.3854 0.9136 0.1265 0.4223 0.8976 0.1174 0.5600 0.8201 0.0885 0.7774 0.6227 0.0843 0.7984 0.5962 0.0540 -0.9327 0.3567 0.0619 -0.9032 0.4248 0.0892 -0.7756 0.6249 0.0917 -0.7565 0.6475 0.0958 -0.7217 0.6856 0.0979 -0.7025 0.7049 0.1034 -0.6550 0.7486 0.1085 -0.6333 0.7663 0.1117 -0.6180 0.7782 0.1169 -0.5456 0.8299 0.1171 -0.5264 0.8421 0.1278 -0.4187 0.8991 0.1323 -0.3458 0.9289 0.1402 -0.2117 0.9672 0.1357 -0.2193 0.9662 0.1389 -0.1952 0.9709 0.1401 -0.1225 0.9825 0.1396 -0.1140 0.9836 0.1390 -0.0229 0.9900 0.1417 0.0134 0.9898 0.1395 0.0573 0.9886 0.1381 0.1018 0.9852 0.1376 0.1313 0.9818 0.1369 0.2058 0.9690 0.1226 0.4579 0.8805 0.1152 0.5352 0.8368 0.1135 0.5756 0.8098 0.1097 0.6019 0.7910 0.1090 0.6172 0.7792 0.1063 0.6288 0.7703 0.1069 0.6411 0.7599 0.1039 0.6684 0.7365 0.0960 0.7244 0.6826 0.0858 0.7833 0.6157 0.0655 -0.8853 0.4603 0.0796 -0.8096 0.5816 0.0892 -0.7601 0.6436 0.0925 -0.7322 0.6747 0.1008 -0.6778 0.7283 0.1055 -0.6171 0.7798 0.1137 -0.5721 0.8123 0.1128 -0.5494 0.8279 0.1197 -0.4978 0.8590 0.1238 -0.4416 0.8886 0.1245 -0.4303 0.8941 0.1225 -0.4291 0.8949 0.1291 -0.3940 0.9100 0.1304 -0.3349 0.9332 0.1302 -0.3200 0.9384 0.1395 -0.1699 0.9755 0.1349 -0.1718 0.9759 0.1408 -0.1301 0.9815 0.1391 -0.0978 0.9854 0.1387 -0.0852 0.9867 0.1372 -0.0745 0.9877 0.1441 -0.0008 0.9896 0.1433 0.0023 0.9897 0.1398 0.0159 0.9900 0.8847 -0.4031 0.2340 0.1379 0.0611 0.9886 0.1380 0.0746 0.9876 0.1375 0.1564 0.9781 0.1335 0.2207 0.9662 0.1314 0.2818 0.9504 0.1323 0.2931 0.9469 0.1311 0.3017 0.9443 0.1308 0.3226 0.9375 0.1306 0.3465 0.9289 0.1223 0.4294 0.8948 0.1204 0.4744 0.8720 0.1106 0.5757 0.8102 0.1002 0.6769 0.7292 0.0907 0.7365 0.6703 0.0883 0.7622 0.6413 0.0813 0.8112 0.5791 0.0654 0.8835 0.4639 0.0551 -0.9224 0.3822 0.0587 -0.9022 0.4274 0.0655 -0.8737 0.4820 0.0727 -0.8458 0.5286 0.0848 -0.7892 0.6082 0.0850 -0.7762 0.6247 0.0869 -0.7728 0.6287 0.0945 -0.6976 0.7103 0.1006 -0.6387 0.7628 0.1092 -0.5833 0.8049 0.1268 -0.3859 0.9138 0.1296 -0.3028 0.9442 0.1361 -0.2711 0.9529 0.1316 -0.2260 0.9652 0.1369 -0.1977 0.9707 0.1337 -0.2010 0.9704 0.1386 -0.0534 0.9889 0.1427 -0.0090 0.9897 0.1407 -0.0062 0.9900 0.1410 0.0020 0.9900 0.1378 0.0002 0.9905 0.1362 0.0046 0.9907 0.1382 0.0197 0.9902 0.1423 0.0436 0.9889 0.1378 0.0363 0.9898 0.1381 0.0473 0.9893 0.1331 0.1485 0.9799 0.1276 0.3472 0.9291 0.1285 0.3659 0.9218 0.1273 0.3929 0.9107 0.1230 0.4006 0.9079 0.1209 0.4616 0.8788 0.1206 0.4554 0.8821 0.1189 0.4938 0.8614 0.1196 0.4703 0.8744 0.1116 0.5307 0.8402 0.1112 0.5536 0.8253 0.1055 0.6018 0.7916 0.1046 0.6228 0.7754 0.0822 0.7921 0.6049 0.0686 0.8576 0.5097 0.0761 0.8339 0.5467 0.0572 0.9081 0.4147 0.0608 0.8935 0.4448 0.0555 0.9257 0.3742 0.0565 0.9157 0.3979 0.0500 0.9440 0.3260 0.0361 -0.9750 0.2192 0.0378 -0.9722 0.2312 0.0418 -0.9642 0.2618 0.0449 -0.9536 0.2976 0.0498 -0.9372 0.3453 0.0519 -0.9308 0.3618 0.0565 -0.9133 0.4034 0.0588 -0.9119 0.4061 0.0747 -0.8239 0.5618 0.0817 -0.7821 0.6177 0.0865 -0.7594 0.6448 0.0874 -0.7320 0.6757 0.0913 -0.7129 0.6953 0.0984 -0.6706 0.7352 0.1089 -0.5658 0.8174 0.1130 -0.5308 0.8399 0.1153 -0.5228 0.8446 0.1154 -0.4954 0.8610 0.1188 -0.4745 0.8722 0.1265 -0.3651 0.9223 0.1276 -0.3258 0.9368 0.1281 -0.2933 0.9474 0.1335 -0.1528 0.9792 0.1333 -0.1422 0.9808 0.1392 -0.0390 0.9895 0.1369 -0.0403 0.9898 0.1355 0.0499 0.9895 0.1358 0.0717 0.9881 0.1359 0.0864 0.9869 0.1360 0.1779 0.9746 0.1335 0.1984 0.9710 0.1297 0.2329 0.9638 0.1330 0.2480 0.9596 0.1265 0.2796 0.9517 0.1253 0.3752 0.9185 0.1176 0.4565 0.8819 0.1154 0.4896 0.8643 0.1058 0.5811 0.8070 0.1031 0.6199 0.7778 0.0990 0.6567 0.7477 0.0953 0.6822 0.7249 0.1008 0.6602 0.7443 0.0941 0.7008 0.7072 0.0910 0.7244 0.6834 0.0969 0.7040 0.7035 0.0845 0.7636 0.6401 0.0778 0.8182 0.5696 0.0733 0.8387 0.5396 0.0622 0.8793 0.4721 0.0672 0.8718 0.4853 0.0526 0.9330 0.3559 0.0412 0.9675 0.2495 0.0458 0.9485 0.3135 0.0422 -0.9594 0.2790 0.0467 -0.9452 0.3231 0.0523 -0.9225 0.3823 0.0630 -0.8922 0.4473 0.0686 -0.8544 0.5151 0.0707 -0.8375 0.5418 0.0737 -0.8347 0.5457 0.0766 -0.7999 0.5952 0.0939 -0.6757 0.7312 0.0971 -0.6524 0.7516 0.1017 -0.6174 0.7800 0.1149 -0.5092 0.8530 0.1126 -0.5033 0.8567 0.1181 -0.4427 0.8888 0.1225 -0.4086 0.9045 0.1226 -0.3930 0.9113 0.1256 -0.3214 0.9386 0.1251 -0.3134 0.9413 0.1328 -0.2603 0.9563 0.1283 -0.2557 0.9582 0.1298 -0.2110 0.9688 0.1362 -0.1435 0.9802 0.1348 -0.0613 0.9890 0.1347 -0.0394 0.9901 0.1361 -0.0139 0.9906 0.1334 -0.0072 0.9910 0.1354 0.0181 0.9906 0.1330 0.0731 0.9884 0.1337 0.1279 0.9827 0.1294 0.1489 0.9804 0.1300 0.1797 0.9751 0.1296 0.2593 0.9571 0.1254 0.2966 0.9467 0.1233 0.3591 0.9251 0.1217 0.3873 0.9139 0.1135 0.4752 0.8725 0.1054 0.5561 0.8244 0.0998 0.6416 0.7605 0.0953 0.6717 0.7347 0.0876 0.7409 0.6659 0.0724 0.8314 0.5510 0.0701 0.8421 0.5347 0.0528 0.9228 0.3815 0.0469 0.9413 0.3343 0.0427 0.9620 0.2695 0.0443 0.9555 0.2915 0.0337 -0.9760 0.2151 0.0375 -0.9682 0.2474 0.0397 -0.9599 0.2775 0.0449 -0.9488 0.3126 0.0464 -0.9401 0.3378 0.0486 -0.9293 0.3660 0.0612 -0.8835 0.4645 0.0631 -0.8710 0.4873 0.0756 -0.8125 0.5780 0.0825 -0.7592 0.6457 0.0896 -0.7087 0.6997 0.0920 -0.6969 0.7112 0.0997 -0.6271 0.7725 0.1040 -0.5862 0.8035 0.1098 -0.5407 0.8340 0.1085 -0.5280 0.8423 0.1157 -0.4660 0.8772 0.1155 -0.4477 0.8867 0.1132 -0.4344 0.8936 0.1190 -0.4224 0.8986 0.1231 -0.3765 0.9182 0.1248 -0.3508 0.9281 0.1259 -0.3286 0.9360 0.1290 -0.2277 0.9651 0.1309 -0.1740 0.9760 0.1329 -0.1156 0.9844 0.1340 0.1052 0.9854 0.1272 0.1617 0.9786 0.1308 0.2077 0.9694 0.1272 0.2531 0.9590 0.1262 0.3152 0.9406 0.1176 0.3862 0.9149 0.1185 0.4191 0.9002 0.1154 0.4610 0.8799 0.1086 0.5319 0.8398 0.0998 0.6191 0.7789 0.1017 0.6195 0.7784 0.0944 0.6611 0.7443 0.0885 0.7285 0.6794 0.0866 0.7528 0.6525 0.0802 0.7812 0.6191 0.0773 0.8037 0.5899 0.0632 0.8671 0.4941 0.0427 0.9516 0.3044 0.0352 0.9771 0.2100 0.0389 0.9650 0.2595 0.0419 -0.9538 0.2977 0.0434 -0.9476 0.3166 0.0533 -0.9138 0.4026 0.0676 -0.8476 0.5263 0.0719 -0.8171 0.5719 0.0769 -0.7786 0.6228 0.0905 -0.6935 0.7147 0.0979 -0.6354 0.7660 0.1080 -0.5168 0.8493 0.1193 -0.3930 0.9118 0.1233 -0.2931 0.9481 0.1310 -0.1845 0.9741 0.1327 -0.0873 0.9873 0.1320 -0.0715 0.9887 0.1311 -0.0392 0.9906 0.1309 -0.0225 0.9911 0.1331 0.0186 0.9909 0.1301 0.1255 0.9835 0.1307 0.1407 0.9814 0.1276 0.1890 0.9736 0.1260 0.2359 0.9636 0.1246 0.2773 0.9527 0.1232 0.2925 0.9483 0.1201 0.3466 0.9303 0.1159 0.4126 0.9035 0.1141 0.4343 0.8935 0.1151 0.4514 0.8849 0.1104 0.5094 0.8534 0.1079 0.5127 0.8517 0.0995 0.5873 0.8032 0.1029 0.5815 0.8070 0.1001 0.6043 0.7905 0.0890 0.7114 0.6971 0.0839 0.7523 0.6534 0.0754 0.8020 0.5926 0.0715 0.8230 0.5636 0.0669 0.8474 0.5267 0.0701 0.8357 0.5447 0.0590 0.8848 0.4621 0.0615 0.8753 0.4796 0.0539 0.9132 0.4038 0.0545 0.9079 0.4157 0.0465 0.9337 0.3549 0.0490 0.9246 0.3779 0.0402 0.9593 0.2794 0.0387 0.9618 0.2710 0.0344 -0.9668 0.2530 0.0398 -0.9531 0.3001 0.0463 -0.9281 0.3695 0.0472 -0.9190 0.3913 0.0569 -0.8906 0.4512 0.0612 -0.8664 0.4956 0.0652 -0.8591 0.5076 0.0665 -0.8412 0.5367 0.0706 -0.8060 0.5877 0.0736 -0.7989 0.5969 0.0796 -0.7601 0.6450 0.0819 -0.7405 0.6670 0.0865 -0.7091 0.6998 0.0968 -0.6331 0.7680 0.0983 -0.6202 0.7783 0.1106 -0.4921 0.8635 0.1119 -0.4664 0.8775 0.1187 -0.3701 0.9214 0.1223 -0.3390 0.9328 0.1203 -0.3265 0.9375 0.1257 -0.2973 0.9465 0.1260 -0.2509 0.9598 0.1243 -0.2450 0.9615 0.1277 -0.2071 0.9700 0.1320 -0.1028 0.9859 0.1305 -0.0852 0.9878 0.1273 -0.0437 0.9909 0.1301 0.0462 0.9904 0.1295 0.0646 0.9895 0.1260 0.1088 0.9860 0.1258 0.1801 0.9756 0.1270 0.2066 0.9702 0.1221 0.2772 0.9530 0.1216 0.3218 0.9390 0.1066 0.5300 0.8413 0.0961 0.6346 0.7668 0.0892 0.6847 0.7233 0.0877 0.7016 0.7071 0.0826 0.7472 0.6594 0.0813 0.7577 0.6475 0.0593 0.8783 0.4745 0.0556 0.8956 0.4414 0.0509 0.9148 0.4006 0.0437 0.9467 0.3190 0.0283 0.9807 0.1936 0.0379 0.9590 0.2809 0.0309 -0.9728 0.2295 0.0350 -0.9580 0.2845 0.0394 -0.9444 0.3265 0.0441 -0.9392 0.3406 0.0461 -0.9301 0.3644 0.0515 -0.9017 0.4293 0.0549 -0.8799 0.4720 0.0578 -0.8772 0.4766 0.0602 -0.8583 0.5095 0.0822 -0.7204 0.6887 0.0945 -0.6459 0.7576 0.0981 -0.6007 0.7934 0.1047 -0.5469 0.8306 0.1077 -0.5053 0.8562 0.1104 -0.4424 0.8900 0.1229 -0.2627 0.9570 0.1269 -0.1836 0.9748 0.1287 -0.1249 0.9838 0.1282 -0.1139 0.9852 0.1301 -0.0681 0.9892 0.1302 -0.0150 0.9914 0.1324 0.0052 0.9912 0.1306 0.0063 0.9914 0.1294 0.0081 0.9916 0.1299 0.0221 0.9913 0.1278 0.0278 0.9914 0.1291 0.0886 0.9877 0.1256 0.1389 0.9823 0.1251 0.1607 0.9790 0.1238 0.2291 0.9655 0.1245 0.2399 0.9628 0.1214 0.2844 0.9510 0.1202 0.2933 0.9484 0.1192 0.3153 0.9415 0.1194 0.3322 0.9356 0.1130 0.4147 0.9029 0.1115 0.4645 0.8785 0.1093 0.4939 0.8626 0.1055 0.5161 0.8500 0.0945 0.6277 0.7727 0.0906 0.6653 0.7411 0.0827 0.7352 0.6728 0.0795 0.7645 0.6397 0.0672 0.8251 0.5610 0.0645 0.8432 0.5337 0.0616 0.8617 0.5036 0.0540 0.8865 0.4596 0.0546 0.8916 0.4495 0.0425 0.9462 0.3207 0.0422 0.9387 0.3422 0.0331 -0.9659 0.2567 0.0336 -0.9644 0.2624 0.0440 -0.9317 0.3606 0.0623 -0.8423 0.5354 0.0672 -0.8178 0.5715 0.0718 -0.7928 0.6052 0.0768 -0.7590 0.6466 0.0842 -0.7057 0.7034 0.0901 -0.6781 0.7294 0.0963 -0.5966 0.7968 0.0995 -0.5786 0.8095 0.1049 -0.5190 0.8483 0.1053 -0.4964 0.8617 0.1081 -0.4908 0.8645 0.1085 -0.4640 0.8792 0.1108 -0.4371 0.8925 0.1087 -0.4347 0.8940 0.1146 -0.3995 0.9095 0.1171 -0.3232 0.9391 0.1190 -0.3039 0.9452 0.1245 -0.2009 0.9717 0.1260 -0.1679 0.9777 0.1265 -0.1435 0.9815 0.1269 -0.1357 0.9826 0.1260 -0.1370 0.9825 0.1296 -0.0016 0.9916 0.1277 -0.0015 0.9918 0.1265 0.0149 0.9919 0.1238 0.2589 0.9579 0.1203 0.2734 0.9543 0.1166 0.3211 0.9398 0.1171 0.3370 0.9342 0.1156 0.3819 0.9170 0.1144 0.3900 0.9137 0.1068 0.4860 0.8674 0.1015 0.5502 0.8288 0.0837 0.7104 0.6988 0.0761 0.7625 0.6425 0.0725 0.7984 0.5977 0.0584 0.8604 0.5062 0.0578 0.8722 0.4858 0.0493 0.9076 0.4170 0.0523 0.8966 0.4397 0.0541 0.8926 0.4475 0.0461 0.9270 0.3722 0.0328 0.9708 0.2377 0.0327 0.9650 0.2603 0.0390 0.9490 0.3129 0.0306 0.9701 0.2408 0.0322 0.9685 0.2471 0.0230 0.9842 0.1758 0.0297 -0.9772 0.2104 0.0274 -0.9750 0.2204 0.0296 -0.9720 0.2330 0.0308 -0.9670 0.2530 0.0496 -0.9000 0.4330 0.0508 -0.8817 0.4690 0.0585 -0.8681 0.4929 0.0692 -0.8031 0.5918 0.0728 -0.7728 0.6305 0.0744 -0.7628 0.6423 0.0784 -0.7369 0.6714 0.0801 -0.7208 0.6885 0.0860 -0.6879 0.7207 0.0891 -0.6567 0.7488 0.1064 -0.4617 0.8807 0.1124 -0.3893 0.9142 0.1154 -0.3788 0.9182 0.1168 -0.3600 0.9256 0.1216 -0.2667 0.9561 0.1244 -0.2091 0.9700 0.1270 -0.0613 0.9900 0.1272 -0.0281 0.9915 0.1292 -0.0079 0.9916 0.1252 0.0200 0.9919 0.1281 0.0528 0.9904 0.1256 0.0376 0.9914 0.1266 0.0627 0.9900 0.1221 0.1615 0.9793 0.1219 0.2014 0.9719 0.1201 0.2388 0.9636 0.1174 0.2980 0.9473 0.1075 0.4381 0.8925 0.1100 0.4496 0.8864 0.1063 0.4670 0.8778 0.1000 0.5440 0.8331 0.0973 0.5579 0.8242 0.0942 0.6102 0.7866 0.0902 0.6151 0.7833 0.0893 0.6398 0.7633 0.0855 0.6708 0.7367 0.0725 0.7763 0.6261 0.0690 0.8045 0.5900 0.0654 0.8188 0.5703 0.0560 0.8735 0.4836 0.0461 0.9195 0.3903 0.0374 0.9441 0.3277 0.0270 0.9768 0.2123 0.0261 0.9808 0.1935 0.0304 -0.9615 0.2732 0.0321 -0.9606 0.2763 0.0419 -0.9232 0.3821 0.0482 -0.9062 0.4200 0.0510 -0.8927 0.4478 0.0582 -0.8562 0.5133 0.0598 -0.8361 0.5453 0.0624 -0.8198 0.5692 0.0677 -0.7951 0.6027 0.0779 -0.7202 0.6894 0.0821 -0.7018 0.7077 0.0934 -0.6186 0.7802 0.0952 -0.5838 0.8063 0.0998 -0.5493 0.8297 0.0997 -0.5372 0.8375 0.0985 -0.5362 0.8383 0.1016 -0.5208 0.8476 0.1003 -0.5143 0.8518 0.1129 -0.3602 0.9260 0.1211 -0.2806 0.9522 0.1197 -0.2342 0.9648 0.1224 -0.2073 0.9706 0.1241 -0.1509 0.9807 0.1223 -0.1503 0.9810 0.1244 -0.0873 0.9884 0.1238 -0.0766 0.9893 0.1244 -0.0634 0.9902 0.1230 -0.0339 0.9918 0.1223 0.0512 0.9912 0.1241 0.0830 0.9888 0.1237 0.1025 0.9870 0.1174 0.2662 0.9567 0.1133 0.3267 0.9383 0.1149 0.3680 0.9227 0.1108 0.3983 0.9105 0.1032 0.4934 0.8637 0.0962 0.5845 0.8057 0.0893 0.6571 0.7485 0.0803 0.7059 0.7038 0.0860 0.6823 0.7260 0.0773 0.7255 0.6839 0.0767 0.7384 0.6700 0.0725 0.7694 0.6346 0.0691 0.7944 0.6035 0.0658 0.8103 0.5823 0.0622 0.8398 0.5393 0.0539 0.8654 0.4981 0.0480 0.8873 0.4587 0.0485 0.9002 0.4329 0.0420 0.9304 0.3641 0.0315 0.9611 0.2745 0.0352 0.9555 0.2930 0.0251 0.9755 0.2186 0.0280 0.9694 0.2441 0.0235 -0.9800 0.1975 0.0272 -0.9711 0.2371 0.0288 -0.9642 0.2636 0.0312 -0.9560 0.2916 0.0368 -0.9390 0.3419 0.0398 -0.9342 0.3546 0.0449 -0.9094 0.4136 0.0478 -0.8959 0.4418 0.0537 -0.8627 0.5028 0.0565 -0.8454 0.5311 0.0721 -0.7656 0.6392 0.0739 -0.7548 0.6517 0.0761 -0.7371 0.6715 0.0822 -0.6891 0.7200 0.0904 -0.6036 0.7921 0.0997 -0.5043 0.8578 0.1034 -0.4877 0.8669 0.1046 -0.4634 0.8800 0.1070 -0.4276 0.8976 0.1083 -0.4115 0.9050 0.1102 -0.3883 0.9149 0.1156 -0.3137 0.9425 0.1158 -0.2936 0.9489 0.1200 -0.2699 0.9554 0.1195 -0.2536 0.9599 0.1180 -0.2338 0.9651 0.1223 -0.1700 0.9778 0.1246 -0.1112 0.9860 0.1192 -0.1203 0.9855 0.1241 -0.0161 0.9921 0.1256 0.0033 0.9921 0.1222 0.0165 0.9924 0.1184 0.0675 0.9907 0.1236 0.1164 0.9855 0.1176 0.1537 0.9811 0.1189 0.1874 0.9751 0.1147 0.2371 0.9647 0.1133 0.3035 0.9461 0.1103 0.3721 0.9216 0.1086 0.3931 0.9131 0.1029 0.4759 0.8735 0.1015 0.5074 0.8557 0.0933 0.5864 0.8046 0.0912 0.5957 0.7980 0.0855 0.6467 0.7579 0.0884 0.6336 0.7686 0.0856 0.6591 0.7472 0.0690 0.7806 0.6212 0.0632 0.8144 0.5768 0.0609 0.8371 0.5436 0.0577 0.8501 0.5234 0.0537 0.8749 0.4813 0.0451 0.9031 0.4270 0.0324 0.9451 0.3252 0.0190 -0.9849 0.1722 0.0237 -0.9745 0.2231 0.0257 -0.9726 0.2309 0.0337 -0.9468 0.3200 0.0344 -0.9377 0.3459 0.0392 -0.9211 0.3873 0.0411 -0.9114 0.4094 0.0475 -0.8857 0.4617 0.0496 -0.8717 0.4875 0.0581 -0.8283 0.5573 0.0602 -0.8275 0.5583 0.0664 -0.7842 0.6170 0.0700 -0.7685 0.6360 0.0740 -0.7372 0.6716 0.0800 -0.6921 0.7174 0.0840 -0.6729 0.7349 0.0961 -0.5581 0.8242 0.0981 -0.5230 0.8467 0.1043 -0.4542 0.8848 0.1038 -0.4384 0.8928 0.1124 -0.3394 0.9339 0.1180 -0.2152 0.9694 0.1183 -0.1718 0.9780 0.1215 -0.0938 0.9881 0.1213 -0.0830 0.9891 0.1189 -0.0648 0.9908 0.1216 -0.0124 0.9925 0.1210 0.1021 0.9874 0.1217 0.1305 0.9840 0.1160 0.1794 0.9769 0.1197 0.2003 0.9724 0.1185 0.2115 0.9702 0.1131 0.2713 0.9558 0.1145 0.2857 0.9515 0.1070 0.3891 0.9150 0.1063 0.4144 0.9039 0.1012 0.5224 0.8467 0.0999 0.5107 0.8539 0.0993 0.5233 0.8463 0.0974 0.5376 0.8376 0.0913 0.5766 0.8119 0.0897 0.6030 0.7927 0.0822 0.6777 0.7308 0.0746 0.7322 0.6770 0.0715 0.7597 0.6463 0.0657 0.7960 0.6017 0.0592 0.8360 0.5455 0.0515 0.8753 0.4809 0.0412 0.9061 0.4211 0.0423 0.9177 0.3950 0.0381 0.9342 0.3546 0.0286 0.9618 0.2722 0.0324 0.9539 0.2984 0.0232 0.9747 0.2221 0.0187 0.9855 0.1684 0.0160 -0.9861 0.1652 0.0259 -0.9682 0.2489 0.0463 -0.8920 0.4496 0.0539 -0.8504 0.5234 0.0629 -0.7978 0.5997 0.0656 -0.7743 0.6294 0.0719 -0.7516 0.6557 0.0814 -0.6651 0.7423 0.0839 -0.6533 0.7524 0.0869 -0.6359 0.7668 0.0854 -0.6261 0.7751 0.0885 -0.5925 0.8007 0.0921 -0.5733 0.8142 0.0954 -0.5434 0.8341 0.0963 -0.5189 0.8494 0.1069 -0.3966 0.9118 0.1144 -0.2624 0.9581 0.1160 -0.2420 0.9633 0.1177 -0.1893 0.9748 0.1220 -0.0602 0.9907 0.1208 -0.0521 0.9913 0.1206 -0.0052 0.9927 0.1227 0.0059 0.9924 0.1195 0.0042 0.9928 0.1163 0.0938 0.9888 0.1199 0.1422 0.9826 0.1120 0.2963 0.9485 0.1050 0.4055 0.9080 0.1022 0.4256 0.8991 0.0977 0.5000 0.8605 0.0862 0.6235 0.7771 0.0873 0.6282 0.7731 0.0807 0.6747 0.7337 0.0763 0.7046 0.7055 0.0738 0.7256 0.6841 0.0696 0.7561 0.6507 0.0662 0.7794 0.6230 0.0506 0.8721 0.4866 0.0363 0.9237 0.3813 0.0358 0.9320 0.3607 0.0223 0.9800 0.1976 0.0211 -0.9823 0.1862 0.0201 -0.9786 0.2050 0.0276 -0.9600 0.2787 0.0316 -0.9402 0.3391 0.0372 -0.9293 0.3675 0.0364 -0.9186 0.3935 0.0416 -0.9039 0.4257 0.0436 -0.8946 0.4448 0.0603 -0.8144 0.5772 0.0700 -0.7474 0.6606 0.0743 -0.7148 0.6953 0.0871 -0.6146 0.7840 0.0902 -0.5795 0.8100 0.1002 -0.4815 0.8707 0.1020 -0.4206 0.9015 0.1078 -0.3642 0.9251 0.1136 -0.2069 0.9717 0.1156 -0.1885 0.9752 0.1189 -0.1063 0.9872 0.1156 0.0571 0.9917 0.1185 0.1242 0.9852 0.1161 0.2038 0.9721 0.1148 0.2120 0.9705 0.1106 0.2667 0.9574 0.1096 0.3209 0.9407 0.1040 0.3957 0.9125 0.1020 0.4556 0.8843 0.0984 0.4776 0.8731 0.0931 0.5207 0.8487 0.0959 0.5329 0.8407 0.0853 0.6104 0.7875 0.0708 0.7375 0.6716 0.0614 0.8047 0.5905 0.0570 0.8305 0.5540 0.0476 0.8731 0.4853 0.0397 0.9155 0.4003 0.0254 0.9627 0.2695 0.0290 0.9556 0.2931 0.0211 0.9788 0.2038 0.0202 0.9778 0.2086 0.0252 0.9682 0.2490 0.0136 -0.9888 0.1484 0.0212 -0.9702 0.2415 0.0232 -0.9627 0.2695 0.0249 -0.9567 0.2901 0.0337 -0.9305 0.3649 0.0357 -0.9262 0.3754 0.0466 -0.8791 0.4743 0.0508 -0.8544 0.5172 0.0544 -0.8416 0.5373 0.0605 -0.7948 0.6038 0.0627 -0.7861 0.6149 0.0659 -0.7569 0.6502 0.0833 -0.6394 0.7643 0.0850 -0.6148 0.7841 0.0913 -0.5517 0.8290 0.0929 -0.5131 0.8533 0.0972 -0.4734 0.8755 0.1011 -0.4156 0.9039 0.1068 -0.3556 0.9285 0.1095 -0.3348 0.9359 0.1111 -0.3015 0.9470 0.1141 -0.2490 0.9618 0.1129 -0.2442 0.9631 0.1089 -0.2354 0.9658 0.1138 -0.2000 0.9732 0.1173 -0.1605 0.9800 0.1175 -0.1196 0.9858 0.1170 -0.1167 0.9862 0.1173 -0.0287 0.9927 0.1174 -0.0185 0.9929 0.1185 -0.0036 0.9930 0.1184 0.0089 0.9929 0.1160 0.0126 0.9932 0.1204 0.0261 0.9924 0.1171 0.0327 0.9926 0.1142 0.1258 0.9855 0.1136 0.1937 0.9745 0.1088 0.2978 0.9484 0.1067 0.3246 0.9398 0.1073 0.3569 0.9280 0.1026 0.3783 0.9200 0.1015 0.4143 0.9045 0.0979 0.4645 0.8802 0.0960 0.4923 0.8651 0.0933 0.5383 0.8376 0.0888 0.5590 0.8244 0.0858 0.5924 0.8011 0.0800 0.6345 0.7688 0.0795 0.6674 0.7405 0.0748 0.6943 0.7158 0.0710 0.7176 0.6928 0.0651 0.7697 0.6351 0.0630 0.7860 0.6150 0.0647 0.7782 0.6246 0.0594 0.7982 0.5995 0.0558 0.8197 0.5701 0.0522 0.8567 0.5132 0.0445 0.8843 0.4647 0.0388 0.9018 0.4304 0.0385 0.9146 0.4026 0.0343 0.9313 0.3627 0.0263 0.9546 0.2967 0.0128 0.9882 0.1525 0.0168 0.9844 0.1753 0.0192 0.9816 0.1902 0.0137 -0.9838 0.1786 0.0167 -0.9815 0.1907 0.0210 -0.9620 0.2722 0.0278 -0.9488 0.3147 0.0399 -0.9043 0.4250 0.0409 -0.8982 0.4378 0.0418 -0.8780 0.4768 0.0449 -0.8764 0.4795 0.0475 -0.8683 0.4938 0.0489 -0.8482 0.5274 0.0575 -0.8001 0.5971 0.0616 -0.7778 0.6254 0.0698 -0.7094 0.7013 0.0726 -0.6981 0.7123 0.0772 -0.6804 0.7287 0.0896 -0.5762 0.8124 0.0930 -0.4913 0.8660 0.0989 -0.4462 0.8894 0.1026 -0.3976 0.9118 0.1017 -0.3886 0.9158 0.1036 -0.3693 0.9235 0.1134 -0.2244 0.9679 0.1147 -0.1550 0.9812 0.1154 -0.1333 0.9843 0.1169 -0.1060 0.9875 0.1159 -0.0748 0.9904 0.1159 0.0038 0.9933 0.1157 0.0200 0.9931 0.1155 0.0464 0.9922 0.1152 0.0664 0.9911 0.1164 0.0772 0.9902 0.1134 0.1587 0.9808 0.1129 0.1395 0.9838 0.1132 0.1748 0.9781 0.1105 0.2185 0.9696 0.1115 0.2420 0.9639 0.1078 0.2812 0.9536 0.1041 0.3466 0.9322 0.1010 0.4045 0.9089 0.0980 0.4354 0.8949 0.0851 0.5799 0.8102 0.0819 0.6211 0.7795 0.0805 0.6404 0.7638 0.0616 0.7844 0.6172 0.0552 0.8078 0.5869 0.0452 0.8566 0.5140 0.0485 0.8653 0.4989 0.0407 0.8897 0.4547 0.0389 0.9068 0.4198 0.0423 0.8939 0.4463 0.0317 0.9258 0.3768 0.0225 0.9633 0.2673 0.0111 -0.9869 0.1608 0.0151 -0.9797 0.1999 0.0164 -0.9738 0.2268 0.0211 -0.9652 0.2606 0.0207 -0.9537 0.3001 0.0268 -0.9412 0.3368 0.0291 -0.9349 0.3536 0.0319 -0.9243 0.3804 0.0526 -0.8320 0.5522 0.0581 -0.8119 0.5809 0.0637 -0.7546 0.6531 0.0683 -0.7298 0.6802 0.0707 -0.6949 0.7156 0.0749 -0.6607 0.7469 0.0796 -0.6543 0.7520 0.0813 -0.6292 0.7730 0.0850 -0.5901 0.8029 0.0872 -0.5516 0.8296 0.0974 -0.4473 0.8891 0.0982 -0.4298 0.8976 0.1069 -0.3183 0.9419 0.1077 -0.3031 0.9468 0.1097 -0.2723 0.9559 0.1099 -0.2522 0.9614 0.1119 -0.2051 0.9723 0.1125 -0.1410 0.9836 0.1111 -0.1284 0.9855 0.1162 -0.0874 0.9894 0.1140 -0.0738 0.9907 0.1180 -0.0548 0.9915 0.1190 -0.0338 0.9923 0.1177 -0.0109 0.9930 0.1148 -0.0179 0.9932 0.1153 -0.0034 0.9933 0.1136 0.0151 0.9934 0.1150 0.0785 0.9903 0.1120 0.1740 0.9784 0.1104 0.1879 0.9760 0.1095 0.2451 0.9633 0.1069 0.2807 0.9538 0.1047 0.3246 0.9400 0.0947 0.4703 0.8774 0.0929 0.4999 0.8611 0.0858 0.5612 0.8232 0.0865 0.5669 0.8192 0.0817 0.6081 0.7896 0.0655 0.7503 0.6578 0.0596 0.7830 0.6192 0.0509 0.8432 0.5351 0.0462 0.8651 0.4994 0.0441 0.8779 0.4768 0.0406 0.8948 0.4447 0.0367 0.9129 0.4066 0.0288 0.9465 0.3215 0.0262 0.9402 0.3396 0.0310 0.9369 0.3483 0.0211 0.9718 0.2350 0.0171 0.9807 0.1946 0.0193 -0.9650 0.2617 0.0283 -0.9248 0.3794 0.0366 -0.9054 0.4230 0.0380 -0.8834 0.4670 0.0457 -0.8613 0.5060 0.0471 -0.8436 0.5348 0.0552 -0.8143 0.5779 0.0568 -0.7883 0.6127 0.0672 -0.7144 0.6965 0.0795 -0.6212 0.7796 0.0792 -0.6044 0.7928 0.0878 -0.5237 0.8473 0.0908 -0.5066 0.8574 0.0953 -0.4634 0.8810 0.0975 -0.4199 0.9023 0.0986 -0.4034 0.9097 0.1053 -0.3238 0.9403 0.1099 -0.2217 0.9689 0.1103 -0.1735 0.9786 0.1156 -0.0404 0.9925 0.1132 -0.0399 0.9928 0.1141 0.0837 0.9899 0.1091 0.2002 0.9737 0.1072 0.2333 0.9665 0.0932 0.4650 0.8804 0.0908 0.4928 0.8654 0.0896 0.5338 0.8408 0.0739 0.6659 0.7424 0.0664 0.7278 0.6826 0.0511 0.8287 0.5574 0.0484 0.8423 0.5368 0.0443 0.8639 0.5018 0.0358 0.9081 0.4172 0.0162 0.9760 0.2170 0.0145 0.9820 0.1881 0.0094 -0.9870 0.1607 0.0134 -0.9790 0.2036 0.0246 -0.9443 0.3283 0.0277 -0.9316 0.3623 0.0354 -0.8959 0.4429 0.0393 -0.8947 0.4449 0.0424 -0.8651 0.4997 0.0488 -0.8305 0.5549 0.0531 -0.8118 0.5816 0.0561 -0.7749 0.6296 0.0600 -0.7661 0.6399 0.0762 -0.6289 0.7737 0.0902 -0.4911 0.8664 0.0933 -0.4559 0.8851 0.0957 -0.4290 0.8982 0.1044 -0.3391 0.9349 0.1043 -0.3062 0.9462 0.1094 -0.2221 0.9689 0.1077 -0.2216 0.9692 0.1116 -0.1869 0.9760 0.1115 -0.0980 0.9889 0.1135 -0.0594 0.9918 0.1122 0.0693 0.9913 0.1110 0.1132 0.9874 0.1078 0.1863 0.9766 0.1069 0.2648 0.9584 0.1056 0.2961 0.9493 0.1024 0.3256 0.9399 0.1007 0.3619 0.9268 0.0980 0.4026 0.9101 0.0935 0.4453 0.8905 0.0875 0.5285 0.8444 0.0761 0.6116 0.7875 0.0815 0.5917 0.8020 0.0772 0.6434 0.7616 0.0729 0.6842 0.7256 0.0658 0.7089 0.7023 0.0664 0.7122 0.6988 0.0600 0.7607 0.6464 0.0550 0.7995 0.5982 0.0416 0.8721 0.4876 0.0389 0.8859 0.4622 0.0422 0.8778 0.4771 0.0349 0.9027 0.4289 0.0290 0.9341 0.3559 0.0334 0.9147 0.4026 0.0193 0.9681 0.2499 0.0210 0.9594 0.2811 0.0257 0.9483 0.3164 0.0137 0.9763 0.2158 0.0074 0.9873 0.1589 0.0120 0.9818 0.1895 0.0071 -0.9867 0.1625 0.0099 -0.9820 0.1887 0.0121 -0.9744 0.2244 0.0167 -0.9656 0.2595 0.0182 -0.9614 0.2745 0.0260 -0.9347 0.3545 0.0322 -0.8973 0.4403 0.0397 -0.8664 0.4979 0.0452 -0.8363 0.5465 0.0433 -0.8531 0.5199 0.0469 -0.8379 0.5438 0.0486 -0.8153 0.5770 0.0527 -0.7963 0.6026 0.0589 -0.7591 0.6483 0.0625 -0.7414 0.6681 0.0661 -0.7090 0.7021 0.0685 -0.6923 0.7184 0.0667 -0.6957 0.7152 0.0819 -0.5776 0.8122 0.0837 -0.5330 0.8419 0.0951 -0.4081 0.9079 0.0994 -0.3531 0.9303 0.1032 -0.3281 0.9390 0.0997 -0.3351 0.9369 0.1052 -0.2794 0.9544 0.1028 -0.2701 0.9573 0.1072 -0.1876 0.9764 0.1087 -0.1656 0.9802 0.1109 -0.0352 0.9932 0.1106 -0.0239 0.9936 0.1110 -0.0105 0.9938 0.1134 -0.0001 0.9936 0.1125 0.0040 0.9936 0.1105 0.0037 0.9939 0.1132 0.0284 0.9932 0.1122 0.0927 0.9894 0.1091 0.0971 0.9893 0.1076 0.2090 0.9720 0.1053 0.2189 0.9701 0.1027 0.2432 0.9645 0.1044 0.2732 0.9563 0.1004 0.3163 0.9433 0.0990 0.3393 0.9354 0.0972 0.3747 0.9220 0.0957 0.3986 0.9121 0.0883 0.4880 0.8684 0.0780 0.6203 0.7804 0.0669 0.6976 0.7134 0.0717 0.6695 0.7393 0.0548 0.7906 0.6099 0.0453 0.8344 0.5492 0.0499 0.8171 0.5743 0.0459 0.8423 0.5370 0.0276 0.9324 0.3604 0.0287 0.9224 0.3851 0.0109 0.9775 0.2108 0.0156 0.9700 0.2428 0.0029 -0.9925 0.1220 0.0052 -0.9897 0.1432 0.0136 -0.9663 0.2569 0.0162 -0.9604 0.2781 0.0205 -0.9441 0.3291 0.0225 -0.9399 0.3407 0.0241 -0.9229 0.3843 0.0323 -0.9109 0.4113 0.0346 -0.8791 0.4753 0.0642 -0.7209 0.6901 0.0644 -0.7053 0.7059 0.0698 -0.6686 0.7403 0.0691 -0.6659 0.7428 0.0714 -0.6467 0.7594 0.0836 -0.5526 0.8292 0.0866 -0.5117 0.8548 0.0899 -0.4715 0.8773 0.0919 -0.4455 0.8905 0.0948 -0.4218 0.9017 0.0980 -0.3776 0.9208 0.0973 -0.3666 0.9253 0.1009 -0.3128 0.9444 0.0999 -0.3024 0.9479 0.1054 -0.2452 0.9637 0.1084 -0.2011 0.9736 0.1050 -0.1947 0.9752 0.1100 -0.0967 0.9892 0.1108 -0.0863 0.9901 0.1080 -0.0875 0.9903 0.1091 -0.0667 0.9918 0.1102 0.0114 0.9938 0.1097 0.0231 0.9937 0.1121 0.0458 0.9926 0.1088 0.1285 0.9857 0.1107 0.1342 0.9848 0.1055 0.1972 0.9747 0.1010 0.2712 0.9572 0.1019 0.2897 0.9517 0.0931 0.4243 0.9007 0.0908 0.4391 0.8938 0.0873 0.5110 0.8551 0.0842 0.5341 0.8412 0.0817 0.5683 0.8187 0.0727 0.6465 0.7595 0.0632 0.7183 0.6928 0.0622 0.7354 0.6748 0.0389 0.8703 0.4909 0.0364 0.8882 0.4580 0.0332 0.8999 0.4349 0.0305 0.9096 0.4145 0.0236 0.9377 0.3468 0.0162 0.9609 0.2765 0.0217 0.9498 0.3122 0.0120 0.9709 0.2392 0.0091 0.9825 0.1860 0.0073 -0.9796 0.2010 0.0142 -0.9605 0.2779 0.0196 -0.9451 0.3261 0.0283 -0.9114 0.4105 0.0304 -0.9050 0.4243 0.0443 -0.8252 0.5631 0.0613 -0.7296 0.6811 0.0653 -0.6899 0.7210 0.0671 -0.6876 0.7230 0.0696 -0.6619 0.7464 0.0750 -0.6185 0.7822 0.0798 -0.5717 0.8166 0.0806 -0.5564 0.8270 0.0848 -0.5150 0.8530 0.0864 -0.4937 0.8654 0.0925 -0.4269 0.8996 0.1052 -0.1720 0.9795 0.1077 -0.1072 0.9884 0.1087 -0.0401 0.9933 0.1088 0.0318 0.9936 0.1078 0.1349 0.9850 0.1083 0.1185 0.9870 0.1088 0.1588 0.9813 0.0871 0.4834 0.8711 0.0835 0.5228 0.8483 0.0858 0.5139 0.8535 0.0596 0.7361 0.6743 0.0571 0.7548 0.6534 0.0473 0.8169 0.5748 0.0414 0.8500 0.5252 0.0357 0.8707 0.4905 0.0319 0.8977 0.4394 0.0249 0.9290 0.3691 0.0230 0.9327 0.3599 0.0020 0.9920 0.1260 0.0018 -0.9908 0.1355 0.0024 -0.9861 0.1662 0.0063 -0.9828 0.1844 0.0110 -0.9695 0.2447 0.0147 -0.9529 0.3031 0.0178 -0.9453 0.3256 0.0199 -0.9360 0.3515 0.0294 -0.8982 0.4386 0.0316 -0.8898 0.4552 0.0375 -0.8591 0.5105 0.0411 -0.8421 0.5378 0.0434 -0.8349 0.5486 0.0887 -0.4662 0.8802 0.1031 -0.2497 0.9628 0.1088 -0.0066 0.9940 0.1089 0.0399 0.9932 0.1067 0.1430 0.9840 0.1062 0.1497 0.9830 0.0458 0.8173 0.5743 0.0379 0.8555 0.5165 0.0330 0.8862 0.4622 0.0279 0.9035 0.4276 0.0251 0.9219 0.3865 0.0196 0.9408 0.3385 0.0189 0.9494 0.3136 0.0066 0.9824 0.1869 0.0079 0.9770 0.2129 0.0045 0.9870 0.1608 0.0044 -0.9789 0.2044 0.0081 -0.9736 0.2282 0.0131 -0.9609 0.2765 0.0203 -0.9217 0.3875 0.0301 -0.8823 0.4696 0.1046 -0.2178 0.9704 0.1086 0.0494 0.9929 0.0432 0.8323 0.5526 0.0366 0.8523 0.5217 0.0305 0.8886 0.4576 0.0179 0.9362 0.3511 0.0147 0.9492 0.3143 0.0149 0.9552 0.2955 0.0057 0.9780 0.2087 0.0098 0.9687 0.2480 -0.0014 0.9922 0.1243 0.0026 0.9851 0.1717 -0.0012 0.9943 0.1063 -0.0014 -0.9926 0.1213 0.0006 -0.9886 0.1503 0.0033 -0.9719 0.2353 0.0160 -0.9451 0.3265 0.0167 -0.9371 0.3486 0.0186 -0.9291 0.3694 0.0279 -0.8940 0.4472 0.0329 -0.8708 0.4906 0.0377 -0.8462 0.5316 0.0391 -0.8353 0.5484 0.0416 -0.8189 0.5724 0.0395 0.8374 0.5452 0.0347 0.8499 0.5259 0.0310 0.8774 0.4788 0.0242 0.9049 0.4249 0.0225 0.9192 0.3932 0.0115 0.9597 0.2810 0.0064 0.9800 0.1987 0.0056 0.9806 0.1960 -0.0061 -0.9951 0.0984 -0.0030 -0.9941 0.1086 -0.0019 -0.9936 0.1130 -0.0025 -0.9892 0.1466 0.0008 -0.9808 0.1951 0.0027 -0.9771 0.2126 0.0036 -0.9762 0.2169 0.0106 -0.9622 0.2721 0.0140 -0.9421 0.3349 0.0223 -0.9064 0.4219 0.0262 -0.9041 0.4265 0.0318 -0.8597 0.5098 0.0351 -0.8590 0.5107 0.0425 0.8194 0.5716 0.0316 0.8668 0.4976 0.0168 0.9287 0.3705 0.0138 0.9469 0.3211 0.0102 0.9574 0.2887 0.0080 0.9668 0.2554 -0.0030 0.9923 0.1237 -0.0043 0.9947 0.1027 -0.0025 -0.9846 0.1747 0.0067 -0.9652 0.2615 0.0153 -0.9444 0.3286 0.0172 -0.9221 0.3865 0.0259 -0.8913 0.4527 0.0346 0.8394 0.5423 0.0277 0.8735 0.4861 0.0274 0.8808 0.4727 0.0179 0.9156 0.4016 0.0041 0.9768 0.2142 -0.0043 0.9929 0.1192 -0.0021 0.9889 0.1487 -0.0104 -0.9966 0.0823 -0.0041 -0.9925 0.1219 -0.0050 -0.9866 0.1629 0.0111 -0.9487 0.3160 0.0145 -0.9324 0.3612 0.0197 -0.9141 0.4050 0.0267 -0.8713 0.4900 0.0324 -0.8395 0.5423 0.0348 -0.8314 0.5546 0.0364 -0.8353 0.5486 0.0250 0.8853 0.4643 0.0266 0.8807 0.4730 0.0118 0.9473 0.3201 0.0069 0.9607 0.2777 0.0048 0.9696 0.2448 -0.0059 0.9923 0.1239 0.0006 0.9833 0.1817 -0.0062 0.9952 0.0977 -0.0081 -0.9948 0.1012 -0.0068 -0.9917 0.1282 0.0006 -0.9767 0.2145 0.0038 -0.9608 0.2774 0.0075 -0.9550 0.2965 0.0190 -0.9080 0.4185 0.0227 -0.8902 0.4549 0.0295 -0.8546 0.5185 0.0363 0.8238 0.5657 0.0302 0.8583 0.5123 0.0221 0.8974 0.4406 0.0114 0.9334 0.3587 0.0105 0.9434 0.3314 0.0059 0.9572 0.2892 -0.0038 0.9882 0.1533 -0.0121 -0.9968 0.0796 -0.0082 -0.9958 0.0915 -0.0053 -0.9739 0.2270 0.0022 -0.9657 0.2596 0.0120 -0.9375 0.3479 0.0160 -0.9113 0.4113 0.0206 -0.8997 0.4359 0.0307 0.8427 0.5375 0.0299 0.8538 0.5198 0.0213 0.8903 0.4549 0.0174 0.9100 0.4142 0.0195 0.8990 0.4375 0.0142 0.9190 0.3940 -0.0033 0.9800 0.1990 0.0023 0.9694 0.2453 -0.0097 0.9931 0.1170 -0.0057 0.9889 0.1484 -0.0017 0.9817 0.1903 -0.0142 -0.9957 0.0913 -0.0096 -0.9940 0.1089 -0.0076 -0.9882 0.1527 -0.0079 -0.9841 0.1776 -0.0031 -0.9793 0.2023 -0.0011 -0.9732 0.2301 0.0005 -0.9681 0.2505 0.0004 -0.9627 0.2707 0.0047 -0.9505 0.3106 0.0080 -0.9406 0.3395 0.0124 -0.9243 0.3814 0.0223 -0.8778 0.4784 0.0228 -0.8706 0.4915 0.0300 0.8347 0.5499 0.0253 0.8685 0.4951 0.0193 0.8872 0.4610 0.0151 0.9085 0.4177 0.0060 0.9506 0.3104 0.0033 0.9592 0.2828 -0.0123 0.9963 0.0853 -0.0121 -0.9947 0.1024 -0.0102 -0.9909 0.1345 0.0010 -0.9531 0.3025 0.0037 -0.9453 0.3261 0.0083 -0.9273 0.3741 0.0133 -0.9064 0.4221 0.0191 -0.8825 0.4699 0.0240 -0.8657 0.5000 0.0317 -0.8280 0.5599 0.0277 0.8367 0.5469 0.0207 0.8756 0.4825 0.0176 0.8966 0.4424 0.0088 0.9287 0.3708 0.0044 0.9475 0.3198 -0.0041 0.9796 0.2010 -0.0059 0.9796 0.2010 -0.0022 0.9759 0.2181 0.0010 0.9664 0.2571 -0.0077 0.9875 0.1577 -0.0073 0.9842 0.1769 -0.0050 0.9824 0.1869 -0.0144 -0.9923 0.1227 -0.0091 -0.9868 0.1619 -0.0104 -0.9798 0.1996 -0.0070 -0.9790 0.2037 0.0033 -0.9493 0.3144 0.0042 -0.9347 0.3555 0.0185 -0.8960 0.4436 0.0268 -0.8470 0.5310 0.0241 0.8562 0.5161 0.0158 0.8897 0.4563 0.0154 0.8990 0.4377 0.0112 0.9187 0.3949 0.0007 0.9614 0.2750 -0.0026 0.9716 0.2368 -0.0137 0.9950 0.0985 -0.0141 0.9920 0.1254 -0.0168 -0.9956 0.0925 -0.0120 -0.9876 0.1563 -0.0103 -0.9825 0.1862 -0.0085 -0.9761 0.2172 -0.0026 -0.9675 0.2529 -0.0032 -0.9616 0.2744 -0.0008 -0.9503 0.3113 0.0101 -0.9165 0.3999 0.0179 -0.8767 0.4807 0.0214 -0.8700 0.4926 0.0231 -0.8600 0.5098 0.0225 0.8423 0.5386 0.0248 0.8430 0.5374 0.0188 0.8747 0.4842 0.0045 0.9314 0.3639 0.0007 0.9492 0.3147 -0.0009 0.9591 0.2831 -0.0093 0.9813 0.1923 -0.0098 0.9858 0.1676 -0.0166 -0.9969 0.0769 -0.0196 -0.9942 0.1056 -0.0127 -0.9829 0.1837 -0.0084 -0.9721 0.2345 -0.0040 -0.9654 0.2608 -0.0036 -0.9529 0.3033 0.0000 -0.9446 0.3283 0.0028 -0.9332 0.3595 0.0064 -0.9201 0.3917 0.0102 -0.9035 0.4285 0.0125 -0.9006 0.4344 0.0147 -0.8922 0.4514 0.0144 -0.8794 0.4759 0.0157 0.8824 0.4702 0.0098 0.9196 0.3928 -0.0041 0.9632 0.2689 -0.0108 0.9795 0.2012 -0.0054 0.9717 0.2362 -0.0173 0.9942 0.1063 -0.0134 0.9867 0.1622 -0.0177 -0.9886 0.1493 -0.0147 -0.9777 0.2095 0.0016 -0.9357 0.3528 0.0022 -0.9292 0.3696 0.0065 -0.9104 0.4136 0.0235 -0.8388 0.5440 0.0216 0.8532 0.5211 0.0193 0.8555 0.5174 0.0131 0.8823 0.4705 0.0105 0.8971 0.4418 0.0100 0.9116 0.4109 0.0060 0.9221 0.3868 -0.0008 0.9474 0.3200 -0.0059 0.9616 0.2742 -0.0078 0.9712 0.2381 -0.0169 0.9955 0.0937 -0.0200 -0.9965 0.0812 -0.0188 -0.9912 0.1308 -0.0171 -0.9814 0.1914 -0.0114 -0.9741 0.2260 -0.0062 -0.9671 0.2542 -0.0074 -0.9615 0.2746 -0.0056 -0.9508 0.3099 0.0030 -0.9146 0.4044 0.0105 -0.8890 0.4578 0.0122 -0.8913 0.4533 0.0149 -0.8687 0.4952 0.0195 -0.8590 0.5116 0.0207 -0.8442 0.5356 0.0169 0.8709 0.4912 0.0041 0.9247 0.3808 -0.0015 0.9452 0.3265 -0.0118 0.9764 0.2158 -0.0177 0.9935 0.1126 -0.0189 0.9919 0.1254 -0.0195 0.9951 0.0966 -0.0226 -0.9967 0.0774 -0.0228 -0.9955 0.0921 -0.0167 -0.9851 0.1710 -0.0080 -0.9656 0.2600 -0.0080 -0.9526 0.3040 -0.0048 -0.9455 0.3256 0.0069 -0.9003 0.4351 0.0123 -0.8757 0.4827 0.0141 -0.8583 0.5130 0.0187 -0.8427 0.5381 0.0155 0.8599 0.5103 0.0111 0.8836 0.4681 0.0029 0.9209 0.3898 -0.0030 0.9424 0.3345 -0.0069 0.9579 0.2869 -0.0165 0.9821 0.1875 -0.0127 0.9722 0.2337 -0.0241 0.9964 0.0807 -0.0156 0.9849 0.1722 -0.0252 -0.9959 0.0863 -0.0218 -0.9908 0.1337 -0.0202 -0.9896 0.1427 -0.0100 -0.9675 0.2528 -0.0015 -0.9362 0.3515 -0.0015 -0.9268 0.3756 0.0015 -0.9094 0.4159 0.0105 0.8782 0.4783 0.0057 0.8953 0.4454 0.0039 0.9102 0.4142 -0.0014 0.9309 0.3653 -0.0074 0.9479 0.3186 -0.0108 0.9621 0.2727 -0.0205 0.9880 0.1534 -0.0261 -0.9939 0.1073 -0.0223 -0.9874 0.1569 -0.0194 -0.9861 0.1650 -0.0208 -0.9831 0.1819 -0.0117 -0.9606 0.2776 -0.0131 -0.9509 0.3094 -0.0048 -0.9347 0.3553 -0.0027 -0.9331 0.3596 -0.0008 -0.9132 0.4074 0.0035 -0.8987 0.4386 0.0087 -0.8798 0.4753 0.0090 0.8798 0.4753 0.0012 0.9128 0.4085 -0.0040 0.9318 0.3630 -0.0147 0.9684 0.2490 -0.0188 0.9816 0.1901 -0.0170 0.9739 0.2262 -0.0275 0.9963 0.0810 -0.0242 0.9933 0.1127 -0.0191 0.9847 0.1730 -0.0279 -0.9969 0.0733 -0.0286 -0.9958 0.0865 -0.0239 -0.9921 0.1231 -0.0201 -0.9767 0.2137 0.0011 -0.9068 0.4215 0.0023 -0.8963 0.4435 0.0055 -0.8830 0.4694 0.0107 -0.8608 0.5089 0.0125 0.8548 0.5188 0.0077 0.8791 0.4767 0.0046 0.8931 0.4499 -0.0010 0.9140 0.4056 -0.0081 0.9456 0.3253 -0.0203 0.9855 0.1685 -0.0264 -0.9917 0.1261 -0.0255 -0.9894 0.1431 -0.0159 -0.9686 0.2480 -0.0153 -0.9596 0.2808 -0.0077 -0.9335 0.3585 -0.0029 -0.9135 0.4068 0.0010 -0.9018 0.4321 0.0074 -0.8645 0.5025 0.0101 0.8524 0.5227 0.0014 0.9001 0.4358 -0.0095 0.9463 0.3233 -0.0160 0.9690 0.2464 -0.0132 0.9617 0.2738 -0.0107 0.9526 0.3039 -0.0177 0.9721 0.2338 -0.0165 0.9715 0.2364 -0.0280 0.9941 0.1044 -0.0301 -0.9908 0.1317 -0.0246 -0.9876 0.1548 -0.0247 -0.9840 0.1762 -0.0251 -0.9797 0.1988 -0.0190 -0.9662 0.2572 -0.0163 -0.9554 0.2947 -0.0089 -0.9424 0.3343 -0.0055 -0.9205 0.3907 -0.0018 -0.9045 0.4264 0.0044 -0.8695 0.4939 0.0099 0.8447 0.5352 0.0046 0.8755 0.4831 0.0019 0.8922 0.4516 -0.0059 0.9220 0.3871 -0.0087 0.9383 0.3457 -0.0173 0.9682 0.2498 -0.0224 0.9860 0.1652 -0.0311 0.9962 0.0815 -0.0258 0.9903 0.1364 -0.0316 -0.9956 0.0882 -0.0315 -0.9937 0.1079 -0.0259 -0.9865 0.1616 -0.0256 -0.9739 0.2254 -0.0200 -0.9654 0.2599 -0.0194 -0.9611 0.2754 -0.0118 -0.9422 0.3348 -0.0105 -0.9336 0.3581 -0.0074 -0.9133 0.4072 0.0025 -0.8871 0.4616 0.0043 0.8691 0.4946 -0.0012 0.8968 0.4424 -0.0057 0.9144 0.4047 -0.0122 0.9354 0.3535 -0.0202 0.9691 0.2459 -0.0145 0.9571 0.2893 -0.0231 0.9808 0.1939 -0.0201 0.9742 0.2247 -0.0318 0.9934 0.1098 -0.0252 0.9866 0.1609 -0.0372 -0.9969 0.0692 -0.0332 -0.9966 0.0748 -0.0309 -0.9950 0.0951 -0.0289 -0.9875 0.1552 -0.0211 -0.9691 0.2458 -0.0180 -0.9494 0.3134 -0.0141 -0.9408 0.3387 -0.0106 -0.9204 0.3909 -0.0049 -0.9015 0.4328 -0.0011 -0.8885 0.4588 0.0018 -0.8718 0.4898 0.0053 -0.8540 0.5203 0.0055 -0.8461 0.5330 0.0001 0.8820 0.4712 -0.0015 0.8919 0.4521 -0.0056 0.9092 0.4163 -0.0147 0.9490 0.3150 -0.0183 0.9611 0.2756 -0.0289 0.9874 0.1559 -0.0223 0.9756 0.2185 -0.0327 -0.9917 0.1240 -0.0336 -0.9864 0.1607 -0.0291 -0.9835 0.1785 -0.0266 -0.9773 0.2100 -0.0242 -0.9693 0.2446 -0.0208 -0.9653 0.2604 0.0049 -0.8477 0.5304 0.0052 0.8541 0.5202 0.0013 0.8730 0.4878 -0.0041 0.8945 0.4471 -0.0088 0.9137 0.4062 -0.0169 0.9426 0.3336 -0.0107 0.9254 0.3789 -0.0183 0.9519 0.3060 -0.0217 0.9655 0.2596 -0.0268 0.9774 0.2096 -0.0234 0.9746 0.2226 -0.0365 0.9969 0.0702 -0.0341 0.9910 0.1292 -0.0349 -0.9947 0.0962 -0.0274 -0.9717 0.2346 -0.0229 -0.9653 0.2600 -0.0211 -0.9551 0.2954 -0.0173 -0.9343 0.3560 -0.0135 -0.9314 0.3638 -0.0134 -0.9179 0.3966 -0.0083 -0.9079 0.4191 -0.0026 -0.8758 0.4827 0.0023 -0.8541 0.5202 -0.0000 0.8723 0.4889 -0.0052 0.8902 0.4556 -0.0200 0.9525 0.3040 -0.0250 0.9694 0.2443 -0.0320 0.9844 0.1727 -0.0390 0.9947 0.0947 -0.0323 0.9882 0.1496 -0.0416 -0.9966 0.0712 -0.0388 -0.9939 0.1028 -0.0352 -0.9884 0.1474 -0.0319 -0.9838 0.1764 -0.0295 -0.9725 0.2311 -0.0271 -0.9678 0.2503 -0.0247 -0.9579 0.2861 -0.0211 -0.9425 0.3335 -0.0144 -0.9248 0.3802 -0.0115 -0.9070 0.4211 -0.0072 -0.8933 0.4493 0.0017 0.8546 0.5193 0.0001 0.8673 0.4977 -0.0144 0.9254 0.3787 -0.0096 0.9093 0.4160 -0.0144 0.9312 0.3641 -0.0215 0.9529 0.3025 -0.0231 0.9612 0.2748 -0.0384 0.9915 0.1245 -0.0423 -0.9949 0.0920 -0.0359 -0.9879 0.1506 -0.0328 -0.9811 0.1909 -0.0291 -0.9777 0.2079 -0.0221 -0.9504 0.3102 -0.0098 -0.8873 0.4612 -0.0063 -0.8747 0.4847 -0.0037 -0.8616 0.5076 -0.0011 -0.8546 0.5193 -0.0065 0.8861 0.4635 -0.0207 0.9437 0.3301 -0.0272 0.9705 0.2396 -0.0353 0.9889 0.1444 -0.0347 0.9814 0.1888 -0.0307 0.9776 0.2083 -0.0312 -0.9750 0.2202 -0.0192 -0.9283 0.3712 -0.0169 -0.9167 0.3992 -0.0141 -0.8981 0.4396 -0.0009 0.8498 0.5270 -0.0057 0.8741 0.4857 -0.0125 0.9011 0.4335 -0.0137 0.9145 0.4044 -0.0207 0.9340 0.3567 -0.0177 0.9309 0.3647 -0.0274 0.9557 0.2931 -0.0253 0.9466 0.3215 -0.0304 0.9713 0.2359 -0.0381 0.9893 0.1406 -0.0364 0.9862 0.1617 -0.0371 0.9900 0.1362 -0.0428 -0.9956 0.0838 -0.0362 -0.9905 0.1325 -0.0397 -0.9883 0.1472 -0.0385 -0.9857 0.1641 -0.0363 -0.9818 0.1864 -0.0326 -0.9765 0.2128 -0.0331 -0.9729 0.2290 -0.0295 -0.9611 0.2745 -0.0293 -0.9525 0.3031 -0.0255 -0.9442 0.3283 -0.0228 -0.9393 0.3424 -0.0209 -0.9345 0.3553 -0.0162 -0.9059 0.4232 -0.0084 -0.8686 0.4954 -0.0057 -0.8567 0.5159 -0.0036 0.8546 0.5192 -0.0087 0.8739 0.4860 -0.0192 0.9204 0.3904 -0.0253 0.9383 0.3449 -0.0336 0.9725 0.2303 -0.0261 0.9612 0.2746 -0.0334 0.9765 0.2128 -0.0450 0.9964 0.0721 -0.0450 -0.9965 0.0703 -0.0447 -0.9954 0.0847 -0.0406 -0.9894 0.1393 -0.0329 -0.9668 0.2534 -0.0300 -0.9442 0.3281 -0.0232 -0.9351 0.3535 -0.0215 -0.9268 0.3749 -0.0179 -0.9014 0.4326 -0.0151 -0.8866 0.4622 -0.0117 -0.8751 0.4837 -0.0145 0.8996 0.4365 -0.0319 0.9586 0.2831 -0.0284 0.9530 0.3015 -0.0310 0.9654 0.2588 -0.0416 0.9910 0.1269 -0.0404 0.9881 0.1487 -0.0444 0.9939 0.1011 -0.0431 -0.9913 0.1244 -0.0401 -0.9784 0.2027 -0.0355 -0.9705 0.2384 -0.0354 -0.9629 0.2676 -0.0329 -0.9589 0.2817 -0.0282 -0.9474 0.3187 -0.0277 -0.9361 0.3507 -0.0250 -0.9304 0.3657 -0.0229 -0.9150 0.4027 -0.0093 -0.8592 0.5115 -0.0107 0.8700 0.4928 -0.0248 0.9292 0.3688 -0.0202 0.9148 0.4034 -0.0304 0.9459 0.3230 -0.0283 0.9490 0.3140 -0.0378 0.9780 0.2052 -0.0388 0.9839 0.1747 -0.0436 0.9920 0.1183 -0.0485 -0.9933 0.1053 -0.0457 -0.9891 0.1400 -0.0433 -0.9869 0.1552 -0.0429 -0.9791 0.1988 -0.0359 -0.9757 0.2161 -0.0183 -0.8848 0.4656 -0.0138 0.8693 0.4941 -0.0173 0.8885 0.4586 -0.0180 0.8999 0.4358 -0.0279 0.9366 0.3494 -0.0271 0.9376 0.3468 -0.0358 0.9625 0.2690 -0.0351 0.9691 0.2443 -0.0404 0.9826 0.1812 -0.0513 -0.9959 0.0748 -0.0482 -0.9955 0.0815 -0.0488 -0.9900 0.1325 -0.0421 -0.9823 0.1826 -0.0365 -0.9590 0.2811 -0.0339 -0.9498 0.3111 -0.0281 -0.9230 0.3838 -0.0234 -0.9083 0.4178 -0.0225 -0.8985 0.4384 -0.0144 -0.8701 0.4926 -0.0195 0.8893 0.4569 -0.0228 0.9118 0.4099 -0.0343 0.9526 0.3022 -0.0340 0.9559 0.2917 -0.0390 0.9710 0.2358 -0.0357 0.9656 0.2576 -0.0449 0.9912 0.1248 -0.0431 0.9862 0.1597 -0.0505 0.9952 0.0837 -0.0515 -0.9915 0.1193 -0.0473 -0.9875 0.1507 -0.0442 -0.9827 0.1799 -0.0435 -0.9807 0.1906 -0.0386 -0.9597 0.2784 -0.0324 -0.9446 0.3266 -0.0298 -0.9360 0.3507 -0.0254 -0.9164 0.3995 -0.0249 -0.9111 0.4115 -0.0205 -0.8880 0.4593 -0.0172 -0.8643 0.5026 -0.0233 0.9062 0.4221 -0.0237 0.9190 0.3936 -0.0294 0.9336 0.3570 -0.0380 0.9606 0.2754 -0.0420 0.9791 0.1992 -0.0486 0.9898 0.1339 -0.0420 0.9822 0.1832 -0.0474 0.9935 0.1036 -0.0531 -0.9966 0.0633 -0.0514 -0.9924 0.1119 -0.0450 -0.9800 0.1936 -0.0443 -0.9754 0.2159 -0.0395 -0.9668 0.2524 -0.0379 -0.9541 0.2970 -0.0334 -0.9389 0.3427 -0.0209 -0.8789 0.4766 -0.0177 0.8723 0.4887 -0.0188 0.8824 0.4701 -0.0259 0.9196 0.3920 -0.0355 0.9493 0.3123 -0.0376 0.9551 0.2939 -0.0443 0.9780 0.2039 -0.0460 0.9842 0.1709 -0.0541 -0.9922 0.1119 -0.0472 -0.9839 0.1727 -0.0347 -0.9453 0.3244 -0.0308 -0.9118 0.4094 -0.0248 -0.8978 0.4397 -0.0191 -0.8699 0.4929 -0.0224 0.8811 0.4724 -0.0236 0.8951 0.4452 -0.0284 0.9131 0.4068 -0.0297 0.9242 0.3808 -0.0379 0.9492 0.3124 -0.0414 0.9665 0.2531 -0.0462 0.9765 0.2103 -0.0422 0.9709 0.2356 -0.0499 0.9933 0.1044 -0.0535 0.9961 0.0706 -0.0513 0.9945 0.0912 -0.0516 -0.9944 0.0926 -0.0480 -0.9795 0.1955 -0.0437 -0.9639 0.2625 -0.0407 -0.9501 0.3092 -0.0367 -0.9465 0.3205 -0.0266 -0.9044 0.4259 -0.0238 -0.8775 0.4789 -0.0192 -0.8641 0.5029 -0.0183 0.8672 0.4975 -0.0315 0.9158 0.4004 -0.0282 0.9069 0.4204 -0.0332 0.9257 0.3767 -0.0417 0.9640 0.2627 -0.0441 0.9702 0.2384 -0.0517 0.9906 0.1266 -0.0552 -0.9945 0.0892 -0.0542 -0.9890 0.1378 -0.0506 -0.9829 0.1772 -0.0492 -0.9745 0.2187 -0.0467 -0.9615 0.2710 -0.0401 -0.9580 0.2840 -0.0388 -0.9393 0.3408 -0.0360 -0.9300 0.3657 -0.0329 -0.9237 0.3817 -0.0251 -0.8901 0.4551 -0.0394 0.9503 0.3087 -0.0452 0.9658 0.2551 -0.0398 0.9562 0.2901 -0.0490 0.9792 0.1968 -0.0559 0.9939 0.0955 -0.0525 0.9925 0.1103 -0.0546 0.9914 0.1191 -0.0511 0.9881 0.1448 -0.0493 0.9827 0.1784 -0.0535 0.9949 0.0858 -0.0566 -0.9960 0.0686 -0.0559 -0.9931 0.1032 -0.0547 -0.9839 0.1701 -0.0514 -0.9798 0.1933 -0.0454 -0.9687 0.2440 -0.0432 -0.9581 0.2830 -0.0353 -0.9191 0.3924 -0.0295 -0.8959 0.4434 -0.0271 -0.8741 0.4850 -0.0287 0.9023 0.4301 -0.0368 0.9307 0.3639 -0.0343 0.9237 0.3816 -0.0366 0.9409 0.3367 -0.0524 0.9809 0.1874 -0.0479 0.9749 0.2174 -0.0600 -0.9957 0.0709 -0.0579 -0.9925 0.1075 -0.0555 -0.9905 0.1260 -0.0507 -0.9864 0.1561 -0.0492 -0.9681 0.2459 -0.0457 -0.9561 0.2893 -0.0459 -0.9491 0.3117 -0.0431 -0.9367 0.3474 -0.0390 -0.9257 0.3763 -0.0332 -0.9156 0.4007 -0.0341 -0.8966 0.4415 -0.0234 0.8663 0.4989 -0.0254 0.8828 0.4690 -0.0325 0.9075 0.4187 -0.0342 0.9188 0.3932 -0.0432 0.9547 0.2944 -0.0416 0.9424 0.3318 -0.0491 0.9678 0.2470 -0.0462 0.9623 0.2679 -0.0571 0.9955 0.0756 -0.0572 0.9931 0.1024 -0.0550 0.9879 0.1452 -0.0629 -0.9955 0.0706 -0.0589 -0.9942 0.0899 -0.0576 -0.9900 0.1289 -0.0555 -0.9868 0.1519 -0.0518 -0.9714 0.2318 -0.0519 -0.9668 0.2504 -0.0501 -0.9628 0.2653 -0.0470 -0.9556 0.2907 -0.0421 -0.9439 0.3274 -0.0366 -0.9096 0.4139 -0.0334 -0.9062 0.4214 -0.0310 -0.8874 0.4600 -0.0297 0.8802 0.4736 -0.0319 0.8983 0.4381 -0.0444 0.9411 0.3351 -0.0483 0.9551 0.2923 -0.0478 0.9613 0.2712 -0.0556 0.9833 0.1730 -0.0535 0.9760 0.2109 -0.0497 0.9735 0.2233 -0.0576 0.9920 0.1124 -0.0552 0.9850 0.1635 -0.0625 -0.9962 0.0611 -0.0625 -0.9936 0.0945 -0.0604 -0.9927 0.1043 -0.0572 -0.9870 0.1504 -0.0591 -0.9838 0.1692 -0.0538 -0.9766 0.2085 -0.0551 -0.9691 0.2405 -0.0494 -0.9554 0.2913 -0.0402 -0.9147 0.4022 -0.0348 -0.9041 0.4259 -0.0320 -0.8961 0.4427 -0.0375 0.9113 0.4099 -0.0384 0.9249 0.3784 -0.0524 0.9672 0.2486 -0.0549 0.9808 0.1872 -0.0597 0.9947 0.0836 -0.0461 -0.9400 0.3381 -0.0430 -0.9246 0.3784 -0.0322 -0.8757 0.4818 -0.0321 0.8789 0.4760 -0.0376 0.9010 0.4321 -0.0415 0.9192 0.3917 -0.0511 0.9612 0.2711 -0.0574 0.9867 0.1518 -0.0556 0.9780 0.2011 -0.0607 0.9916 0.1143 -0.0596 0.9879 0.1431 -0.0662 -0.9954 0.0694 -0.0646 -0.9943 0.0854 -0.0620 -0.9906 0.1220 -0.0608 -0.9871 0.1479 -0.0630 -0.9832 0.1711 -0.0608 -0.9809 0.1845 -0.0579 -0.9789 0.1957 -0.0562 -0.9747 0.2163 -0.0486 -0.9510 0.3052 -0.0386 -0.8973 0.4397 -0.0363 0.8841 0.4659 -0.0476 0.9372 0.3455 -0.0436 0.9312 0.3618 -0.0488 0.9460 0.3206 -0.0579 0.9823 0.1783 -0.0553 0.9759 0.2113 -0.0655 0.9959 0.0618 -0.0669 -0.9961 0.0579 -0.0649 -0.9931 0.0972 -0.0650 -0.9870 0.1470 -0.0585 -0.9730 0.2234 -0.0533 -0.9603 0.2737 -0.0450 -0.9231 0.3820 -0.0436 -0.9133 0.4050 -0.0411 0.9047 0.4240 -0.0435 0.9177 0.3949 -0.0450 0.9285 0.3686 -0.0527 0.9619 0.2682 -0.0522 0.9562 0.2881 -0.0557 0.9686 0.2424 -0.0628 0.9859 0.1548 -0.0573 0.9752 0.2137 -0.0664 0.9932 0.0955 -0.0623 0.9891 0.1331 -0.0696 -0.9957 0.0609 -0.0670 -0.9932 0.0947 -0.0657 -0.9914 0.1129 -0.0651 -0.9894 0.1297 -0.0620 -0.9769 0.2045 -0.0607 -0.9713 0.2298 -0.0566 -0.9518 0.3014 -0.0529 -0.9508 0.3053 -0.0498 -0.9482 0.3137 -0.0484 -0.9418 0.3326 -0.0467 -0.9213 0.3860 -0.0408 -0.8883 0.4574 -0.0396 0.8848 0.4643 -0.0441 0.9047 0.4238 -0.0438 0.9121 0.4077 -0.0489 0.9379 0.3434 -0.0596 0.9741 0.2179 -0.0566 0.9642 0.2589 -0.0606 0.9799 0.1900 -0.0592 0.9766 0.2069 -0.0659 0.9902 0.1228 -0.0622 -0.9806 0.1859 -0.0639 -0.9728 0.2227 -0.0564 -0.9613 0.2698 -0.0522 -0.9388 0.3404 -0.0470 -0.9318 0.3600 -0.0448 -0.9089 0.4147 -0.0438 -0.9005 0.4327 -0.0502 0.9422 0.3314 -0.0483 0.9328 0.3571 -0.0606 0.9640 0.2588 -0.0657 0.9875 0.1431 -0.0644 0.9833 0.1704 -0.0708 0.9936 0.0885 -0.0676 -0.9888 0.1334 -0.0665 -0.9843 0.1636 -0.0632 -0.9804 0.1867 -0.0634 -0.9756 0.2104 -0.0621 -0.9725 0.2243 -0.0594 -0.9647 0.2564 -0.0546 -0.9460 0.3195 -0.0507 -0.9245 0.3777 -0.0417 -0.8818 0.4698 -0.0466 0.9200 0.3890 -0.0509 0.9313 0.3607 -0.0542 0.9530 0.2981 -0.0609 0.9704 0.2337 -0.0679 0.9923 0.1036 -0.0699 -0.9937 0.0881 -0.0666 -0.9857 0.1546 -0.0644 -0.9763 0.2068 -0.0580 -0.9584 0.2793 -0.0528 -0.9310 0.3611 -0.0468 -0.9120 0.4076 -0.0415 -0.8860 0.4618 -0.0440 0.8948 0.4442 -0.0494 0.9117 0.4078 -0.0459 0.9040 0.4251 -0.0531 0.9297 0.3644 -0.0489 0.9198 0.3894 -0.0552 0.9411 0.3335 -0.0528 0.9426 0.3298 -0.0634 0.9770 0.2034 -0.0677 0.9894 0.1282 -0.0675 0.9870 0.1457 -0.0621 0.9789 0.1947 -0.0736 0.9954 0.0611 -0.0729 -0.9935 0.0871 -0.0706 -0.9908 0.1151 -0.0716 -0.9927 0.0975 -0.0707 -0.9874 0.1413 -0.0679 -0.9861 0.1518 -0.0658 -0.9800 0.1879 -0.0623 -0.9687 0.2404 -0.0600 -0.9553 0.2894 -0.0598 -0.9451 0.3212 -0.0452 -0.8900 0.4537 -0.0425 -0.8892 0.4556 -0.0432 0.8850 0.4636 -0.0462 0.8969 0.4397 -0.0623 0.9701 0.2345 -0.0574 0.9518 0.3013 -0.0652 0.9741 0.2163 -0.0629 0.9728 0.2231 -0.0686 0.9913 0.1120 -0.0714 -0.9932 0.0915 -0.0715 -0.9890 0.1298 -0.0697 -0.9786 0.1939 -0.0669 -0.9749 0.2124 -0.0638 -0.9668 0.2474 -0.0627 -0.9638 0.2591 -0.0613 -0.9599 0.2734 -0.0577 -0.9445 0.3234 -0.0562 -0.9410 0.3337 -0.0531 -0.9180 0.3929 -0.0503 -0.9105 0.4105 -0.0473 -0.9022 0.4288 -0.0462 0.8913 0.4511 -0.0481 0.9016 0.4298 -0.0655 0.9677 0.2435 -0.0708 0.9899 0.1227 -0.0683 0.9831 0.1701 -0.0741 0.9945 0.0738 -0.0743 -0.9950 0.0667 -0.0734 -0.9919 0.1037 -0.0641 -0.9687 0.2397 -0.0636 -0.9566 0.2844 -0.0619 -0.9504 0.3050 -0.0581 -0.9410 0.3333 -0.0589 -0.9352 0.3493 -0.0549 -0.9290 0.3660 -0.0482 0.8889 0.4555 -0.0503 0.9049 0.4226 -0.0564 0.9315 0.3592 -0.0553 0.9208 0.3862 -0.0592 0.9485 0.3110 -0.0570 0.9395 0.3376 -0.0679 0.9792 0.1913 -0.0684 0.9771 0.2015 -0.0668 0.9731 0.2204 -0.0740 0.9930 0.0924 -0.0771 -0.9934 0.0850 -0.0758 -0.9920 0.1014 -0.0754 -0.9903 0.1166 -0.0731 -0.9885 0.1327 -0.0700 -0.9831 0.1690 -0.0713 -0.9806 0.1828 -0.0663 -0.9667 0.2473 -0.0533 -0.9081 0.4154 -0.0496 -0.8974 0.4384 -0.0522 0.8981 0.4367 -0.0536 0.9085 0.4145 -0.0618 0.9581 0.2797 -0.0649 0.9608 0.2695 -0.0694 0.9808 0.1820 -0.0683 0.9735 0.2184 -0.0752 0.9911 0.1095 -0.0732 0.9868 0.1445 -0.0761 0.9956 0.0554 -0.0778 -0.9949 0.0637 -0.0727 -0.9817 0.1758 -0.0730 -0.9783 0.1939 -0.0697 -0.9677 0.2424 -0.0656 -0.9529 0.2961 -0.0614 -0.9384 0.3402 -0.0556 -0.9180 0.3927 -0.0531 0.8976 0.4376 -0.0615 0.9378 0.3417 -0.0604 0.9441 0.3241 -0.0682 0.9705 0.2312 -0.0684 0.9660 0.2494 -0.0628 0.9536 0.2946 -0.0708 0.9800 0.1859 -0.0700 0.9770 0.2013 -0.0764 0.9945 0.0721 -0.0712 0.9828 0.1702 -0.0794 -0.9940 0.0755 -0.0742 -0.9848 0.1570 -0.0719 -0.9689 0.2367 -0.0642 -0.9450 0.3207 -0.0584 -0.9237 0.3787 -0.0574 -0.9105 0.4095 -0.0530 -0.8938 0.4454 -0.0545 0.8985 0.4356 -0.0586 0.9217 0.3834 -0.0642 0.9501 0.3052 -0.0658 0.9578 0.2799 -0.0735 0.9813 0.1777 -0.0714 0.9786 0.1929 -0.0708 0.9748 0.2117 -0.0786 0.9944 0.0711 -0.0767 0.9932 0.0873 -0.0789 -0.9952 0.0577 -0.0802 -0.9949 0.0606 -0.0766 -0.9912 0.1084 -0.0761 -0.9876 0.1372 -0.0747 -0.9812 0.1778 -0.0709 -0.9728 0.2204 -0.0699 -0.9611 0.2673 -0.0669 -0.9579 0.2792 -0.0659 -0.9423 0.3283 -0.0552 0.8934 0.4458 -0.0585 0.9153 0.3985 -0.0556 0.9078 0.4158 -0.0791 0.9929 0.0886 -0.0771 0.9896 0.1218 -0.0812 -0.9938 0.0762 -0.0781 -0.9912 0.1066 -0.0788 -0.9852 0.1524 -0.0770 -0.9822 0.1714 -0.0727 -0.9727 0.2204 -0.0725 -0.9720 0.2235 -0.0681 -0.9571 0.2815 -0.0677 -0.9520 0.2984 -0.0668 -0.9439 0.3234 -0.0667 -0.9382 0.3396 -0.0600 -0.9194 0.3887 -0.0593 -0.9064 0.4183 -0.0573 -0.8978 0.4367 -0.0580 0.9077 0.4157 -0.0612 0.9211 0.3845 -0.0671 0.9459 0.3176 -0.0629 0.9327 0.3550 -0.0681 0.9571 0.2817 -0.0654 0.9481 0.3113 -0.0724 0.9714 0.2263 -0.0704 0.9649 0.2529 -0.0764 0.9832 0.1661 -0.0752 0.9812 0.1777 -0.0754 0.9785 0.1919 -0.0732 0.9768 0.2013 -0.0759 0.9860 0.1485 -0.0815 -0.9951 0.0562 -0.0803 -0.9925 0.0919 -0.0765 -0.9784 0.1920 -0.0747 -0.9728 0.2194 -0.0688 -0.9436 0.3237 -0.0674 -0.9419 0.3290 -0.0624 -0.9284 0.3663 -0.0610 -0.9134 0.4024 -0.0607 0.9127 0.4040 -0.0703 0.9558 0.2854 -0.0756 0.9714 0.2250 -0.0723 0.9640 0.2558 -0.0790 0.9876 0.1359 -0.0820 -0.9946 0.0632 -0.0818 -0.9929 0.0866 -0.0785 -0.9888 0.1273 -0.0809 -0.9876 0.1347 -0.0785 -0.9759 0.2036 -0.0736 -0.9650 0.2517 -0.0620 -0.9101 0.4097 -0.0613 -0.9025 0.4263 -0.0596 0.9020 0.4276 -0.0581 0.8898 0.4527 -0.0638 0.9202 0.3862 -0.0692 0.9444 0.3215 -0.0655 0.9336 0.3522 -0.0689 0.9472 0.3131 -0.0814 0.9952 0.0543 -0.0833 0.9940 0.0713 -0.0805 0.9911 0.1056 -0.0831 -0.9933 0.0809 -0.0822 -0.9852 0.1502 -0.0805 -0.9837 0.1607 -0.0766 -0.9759 0.2042 -0.0779 -0.9706 0.2276 -0.0752 -0.9615 0.2644 -0.0735 -0.9584 0.2759 -0.0723 -0.9456 0.3172 -0.0685 -0.9388 0.3375 -0.0632 -0.9141 0.4005 -0.0666 0.9237 0.3773 -0.0732 0.9590 0.2738 -0.0703 0.9509 0.3013 -0.0779 0.9744 0.2108 -0.0746 0.9654 0.2498 -0.0811 0.9891 0.1229 -0.0815 0.9870 0.1383 -0.0774 0.9772 0.1975 -0.0834 0.9914 0.1012 -0.0809 0.9899 0.1164 -0.0839 -0.9945 0.0627 -0.0825 -0.9918 0.0976 -0.0814 -0.9902 0.1138 -0.0836 -0.9885 0.1263 -0.0766 -0.9652 0.2500 -0.0711 -0.9525 0.2961 -0.0700 -0.9344 0.3492 -0.0685 -0.9200 0.3859 -0.0628 -0.8988 0.4339 -0.0611 0.8948 0.4422 -0.0641 0.9122 0.4048 -0.0679 0.9336 0.3518 -0.0721 0.9515 0.2992 -0.0774 0.9714 0.2244 -0.0768 0.9663 0.2457 -0.0786 0.9825 0.1689 -0.0831 -0.9907 0.1077 -0.0833 -0.9900 0.1136 -0.0849 -0.9858 0.1452 -0.0799 -0.9779 0.1934 -0.0804 -0.9720 0.2208 -0.0780 -0.9621 0.2612 -0.0771 -0.9567 0.2807 -0.0739 -0.9525 0.2954 -0.0662 -0.9238 0.3771 -0.0652 -0.9048 0.4208 -0.0643 0.8955 0.4403 -0.0666 0.9123 0.4041 -0.0702 0.9314 0.3571 -0.0669 0.9199 0.3864 -0.0718 0.9451 0.3189 -0.0794 0.9786 0.1899 -0.0796 0.9736 0.2138 -0.0818 0.9852 0.1504 -0.0810 0.9833 0.1632 -0.0854 -0.9931 0.0803 -0.0845 -0.9910 0.1034 -0.0841 -0.9835 0.1602 -0.0809 -0.9807 0.1779 -0.0793 -0.9655 0.2481 -0.0751 -0.9488 0.3068 -0.0726 -0.9320 0.3552 -0.0734 0.9445 0.3202 -0.0742 0.9497 0.3043 -0.0821 0.9802 0.1801 -0.0830 0.9855 0.1481 -0.0871 0.9941 0.0645 -0.0858 -0.9945 0.0606 -0.0863 -0.9918 0.0944 -0.0869 -0.9900 0.1115 -0.0853 -0.9893 0.1186 -0.0842 -0.9867 0.1391 -0.0856 -0.9809 0.1745 -0.0806 -0.9764 0.2003 -0.0769 -0.9481 0.3087 -0.0746 -0.9401 0.3327 -0.0713 -0.9245 0.3744 -0.0671 -0.8980 0.4349 -0.0713 0.9216 0.3815 -0.0732 0.9346 0.3482 -0.0744 0.9429 0.3248 -0.0779 0.9627 0.2590 -0.0752 0.9562 0.2830 -0.0854 0.9914 0.0993 -0.0845 0.9895 0.1177 -0.0863 0.9925 0.0862 -0.0874 -0.9946 0.0568 -0.0883 -0.9926 0.0832 -0.0835 -0.9817 0.1710 -0.0836 -0.9742 0.2094 -0.0788 -0.9608 0.2658 -0.0748 -0.9280 0.3651 -0.0722 -0.9207 0.3836 -0.0682 0.9092 0.4108 -0.0697 0.9113 0.4057 -0.0696 0.9138 0.4001 -0.0778 0.9512 0.2985 -0.0803 0.9679 0.2381 -0.0758 0.9511 0.2993 -0.0838 0.9802 0.1792 -0.0874 0.9914 0.0973 -0.0859 0.9879 0.1288 -0.0846 0.9837 0.1588 -0.0894 -0.9931 0.0754 -0.0823 -0.9669 0.2413 -0.0847 -0.9686 0.2337 -0.0791 -0.9552 0.2852 -0.0768 -0.9372 0.3403 -0.0774 -0.9335 0.3500 -0.0677 0.9005 0.4295 -0.0751 0.9343 0.3484 -0.0738 0.9278 0.3656 -0.0758 0.9420 0.3268 -0.0789 0.9591 0.2718 -0.0833 0.9755 0.2036 -0.0880 0.9932 0.0763 -0.0890 0.9898 0.1113 -0.0897 -0.9939 0.0634 -0.0905 -0.9927 0.0794 -0.0894 -0.9914 0.0956 -0.0895 -0.9901 0.1084 -0.0856 -0.9877 0.1311 -0.0884 -0.9800 0.1785 -0.0878 -0.9760 0.1991 -0.0836 -0.9703 0.2269 -0.0823 -0.9614 0.2625 -0.0805 -0.9589 0.2723 -0.0793 -0.9394 0.3335 -0.0729 -0.9190 0.3874 -0.0702 -0.9112 0.4060 -0.0716 -0.9019 0.4259 -0.0750 0.9268 0.3680 -0.0784 0.9460 0.3144 -0.0821 0.9652 0.2483 -0.0810 0.9572 0.2779 -0.0795 0.9563 0.2815 -0.0856 0.9813 0.1722 -0.0828 0.9700 0.2287 -0.0897 0.9930 0.0764 -0.0895 0.9918 0.0909 -0.0893 0.9940 0.0636 -0.0925 -0.9941 0.0568 -0.0922 -0.9932 0.0705 -0.0905 -0.9914 0.0941 -0.0878 -0.9860 0.1416 -0.0883 -0.9828 0.1625 -0.0824 -0.9585 0.2728 -0.0795 -0.9502 0.3014 -0.0776 -0.9432 0.3229 -0.0762 -0.9244 0.3737 -0.0749 -0.9158 0.3946 -0.0720 0.9018 0.4260 -0.0757 0.9179 0.3895 -0.0716 0.9112 0.4057 -0.0784 0.9384 0.3367 -0.0871 0.9858 0.1435 -0.0918 0.9927 0.0783 -0.0929 -0.9935 0.0664 -0.0925 -0.9936 0.0645 -0.0895 -0.9841 0.1537 -0.0865 -0.9714 0.2210 -0.0863 -0.9686 0.2333 -0.0866 -0.9653 0.2464 -0.0841 -0.9610 0.2635 -0.0826 -0.9532 0.2909 -0.0743 0.9014 0.4265 -0.0782 0.9307 0.3573 -0.0818 0.9495 0.3031 -0.0849 0.9701 0.2274 -0.0834 0.9639 0.2530 -0.0883 0.9835 0.1581 -0.0868 0.9780 0.1897 -0.0913 0.9942 0.0561 -0.0919 0.9897 0.1097 -0.0924 -0.9898 0.1081 -0.0918 -0.9849 0.1467 -0.0902 -0.9820 0.1661 -0.0891 -0.9710 0.2217 -0.0868 -0.9596 0.2677 -0.0817 -0.9450 0.3167 -0.0826 -0.9355 0.3436 -0.0813 -0.9267 0.3670 -0.0765 -0.9083 0.4114 -0.0742 -0.8990 0.4317 -0.0799 0.9279 0.3641 -0.0789 0.9211 0.3813 -0.0777 0.9176 0.3898 -0.0809 0.9383 0.3361 -0.0847 0.9542 0.2868 -0.0868 0.9686 0.2329 -0.0847 0.9616 0.2609 -0.0894 0.9872 0.1323 -0.0908 0.9862 0.1384 -0.0905 0.9808 0.1730 -0.0880 0.9743 0.2071 -0.0932 -0.9916 0.0895 -0.0913 -0.9879 0.1257 -0.0893 -0.9752 0.2025 -0.0873 -0.9686 0.2327 -0.0860 -0.9523 0.2928 -0.0841 -0.9456 0.3144 -0.0786 -0.9283 0.3635 -0.0809 -0.9305 0.3572 -0.0793 -0.9154 0.3947 -0.0775 -0.8995 0.4300 -0.0795 0.9172 0.3905 -0.0838 0.9463 0.3122 -0.0813 0.9347 0.3459 -0.0874 0.9609 0.2627 -0.0870 0.9655 0.2454 -0.0897 0.9757 0.1998 -0.0929 0.9941 0.0552 -0.0948 0.9924 0.0781 -0.0922 0.9879 0.1247 -0.0944 -0.9928 0.0736 -0.0952 -0.9873 0.1270 -0.0947 -0.9844 0.1479 -0.0935 -0.9835 0.1546 -0.0926 -0.9816 0.1667 -0.0893 -0.9762 0.1978 -0.0880 -0.9670 0.2391 -0.0893 -0.9636 0.2520 -0.0801 -0.9035 0.4211 -0.0771 0.9002 0.4286 -0.0796 0.9117 0.4032 -0.0859 0.9523 0.2927 -0.0890 0.9702 0.2252 -0.0930 0.9863 0.1362 -0.0944 0.9941 0.0527 -0.0950 -0.9898 0.1059 -0.0907 -0.9768 0.1938 -0.0905 -0.9679 0.2344 -0.0887 -0.9557 0.2807 -0.0837 -0.9259 0.3683 -0.0832 -0.9130 0.3994 -0.0790 -0.8984 0.4320 -0.0828 0.9376 0.3378 -0.0839 0.9315 0.3539 -0.0903 0.9603 0.2641 -0.0877 0.9546 0.2846 -0.0909 0.9757 0.1992 -0.0918 0.9710 0.2206 -0.0897 0.9661 0.2422 -0.0933 0.9887 0.1171 -0.0940 0.9836 0.1540 -0.0969 0.9940 0.0501 -0.0944 0.9903 0.1019 -0.0954 -0.9935 0.0620 -0.0975 -0.9906 0.0956 -0.0967 -0.9891 0.1111 -0.0945 -0.9784 0.1838 -0.0943 -0.9735 0.2081 -0.0919 -0.9706 0.2226 -0.0917 -0.9662 0.2410 -0.0893 -0.9492 0.3018 -0.0872 -0.9404 0.3286 -0.0857 -0.9321 0.3520 -0.0820 -0.9209 0.3811 -0.0803 0.9053 0.4172 -0.0820 0.9222 0.3780 -0.0863 0.9455 0.3139 -0.0884 0.9531 0.2895 -0.0933 0.9783 0.1848 -0.0953 0.9886 0.1168 -0.0948 0.9863 0.1353 -0.0980 0.9928 0.0683 -0.0983 -0.9935 0.0574 -0.0971 -0.9925 0.0745 -0.0953 -0.9819 0.1635 -0.0923 -0.9621 0.2565 -0.0902 -0.9531 0.2889 -0.0819 -0.8996 0.4289 -0.0863 0.9396 0.3313 -0.0938 0.9679 0.2330 -0.0925 0.9606 0.2621 -0.0891 0.9508 0.2967 -0.0932 0.9712 0.2195 -0.0986 0.9938 0.0505 -0.0966 0.9911 0.0918 -0.0996 -0.9916 0.0828 -0.0989 -0.9883 0.1162 -0.0974 -0.9791 0.1783 -0.0966 -0.9754 0.1979 -0.0913 -0.9569 0.2759 -0.0876 -0.9321 0.3515 -0.0870 -0.9227 0.3756 -0.0822 0.9171 0.3902 -0.0828 0.9071 0.4128 -0.0957 0.9781 0.1849 -0.0942 0.9738 0.2071 -0.0952 0.9722 0.2141 -0.0988 0.9915 0.0850 -0.0981 0.9896 0.1054 -0.0969 0.9860 0.1359 -0.1010 -0.9924 0.0708 -0.1014 -0.9931 0.0588 -0.0994 -0.9906 0.0937 -0.0982 -0.9862 0.1335 -0.0969 -0.9815 0.1652 -0.0981 -0.9830 0.1550 -0.0948 -0.9661 0.2399 -0.0925 -0.9551 0.2814 -0.0864 -0.9097 0.4062 -0.0835 0.8998 0.4282 -0.0868 0.9214 0.3788 -0.0862 0.9108 0.4037 -0.0867 0.9304 0.3563 -0.0918 0.9520 0.2921 -0.0881 0.9414 0.3257 -0.0960 0.9818 0.1638 -0.0987 0.9798 0.1741 -0.0995 0.9880 0.1180 -0.0978 0.9832 0.1540 -0.1008 -0.9898 0.1008 -0.0992 -0.9895 0.1049 -0.1008 -0.9857 0.1353 -0.0969 -0.9715 0.2164 -0.0944 -0.9573 0.2732 -0.0920 -0.9517 0.2930 -0.0899 -0.9201 0.3811 -0.0875 -0.9076 0.4107 -0.0902 0.9194 0.3829 -0.0907 0.9367 0.3383 -0.0952 0.9541 0.2839 -0.0962 0.9711 0.2182 -0.0972 0.9673 0.2344 -0.0945 0.9608 0.2607 -0.1006 0.9819 0.1606 -0.0968 0.9753 0.1986 -0.1006 0.9935 0.0536 -0.0997 0.9923 0.0734 -0.1012 0.9910 0.0872 -0.1040 -0.9930 0.0562 -0.1032 -0.9922 0.0700 -0.1022 -0.9821 0.1581 -0.1008 -0.9786 0.1793 -0.0990 -0.9669 0.2352 -0.0955 -0.9618 0.2564 -0.0971 -0.9553 0.2791 -0.0949 -0.9488 0.3013 -0.0920 -0.9420 0.3229 -0.0901 -0.9305 0.3549 -0.0883 -0.9122 0.4000 -0.0879 -0.9013 0.4243 -0.0935 0.9411 0.3250 -0.0935 0.9463 0.3095 -0.0983 0.9729 0.2091 -0.1002 0.9846 0.1430 -0.0980 0.9771 0.1889 -0.1028 0.9898 0.0990 -0.1017 0.9879 0.1170 -0.1027 -0.9911 0.0853 -0.1034 -0.9887 0.1083 -0.1019 -0.9877 0.1184 -0.1004 -0.9812 0.1648 -0.0996 -0.9735 0.2057 -0.0971 -0.9612 0.2583 -0.0963 -0.9524 0.2894 -0.0959 -0.9410 0.3244 -0.0949 -0.9300 0.3551 -0.0913 -0.9108 0.4026 -0.0895 0.9045 0.4170 -0.0984 0.9568 0.2737 -0.0971 0.9609 0.2593 -0.1015 0.9862 0.1311 -0.1005 0.9763 0.1918 -0.0985 0.9763 0.1930 -0.1046 0.9931 0.0532 -0.1042 0.9910 0.0835 -0.0989 -0.9570 0.2726 -0.0994 -0.9484 0.3011 -0.0992 -0.9351 0.3401 -0.0923 -0.9221 0.3757 -0.0982 0.9282 0.3590 -0.0945 0.9254 0.3670 -0.0929 0.9131 0.3971 -0.0936 0.9345 0.3434 -0.0963 0.9460 0.3095 -0.1003 0.9533 0.2850 -0.1008 0.9645 0.2442 -0.1033 0.9863 0.1284 -0.1033 0.9812 0.1628 -0.1050 -0.9932 0.0509 -0.1046 -0.9913 0.0802 -0.1032 -0.9899 0.0976 -0.1051 -0.9862 0.1282 -0.1064 -0.9839 0.1436 -0.1057 -0.9819 0.1569 -0.1034 -0.9730 0.2064 -0.1024 -0.9679 0.2296 -0.0996 -0.9615 0.2559 -0.1023 -0.9428 0.3172 -0.0944 -0.9055 0.4136 -0.0993 0.9427 0.3186 -0.0964 0.9357 0.3394 -0.1006 0.9714 0.2152 -0.1035 0.9707 0.2168 -0.1006 0.9590 0.2648 -0.1041 0.9875 0.1183 -0.1072 0.9928 0.0535 -0.1066 0.9918 0.0706 -0.1055 0.9906 0.0868 -0.1044 0.9889 0.1054 -0.1064 -0.9928 0.0559 -0.1051 -0.9919 0.0718 -0.1053 -0.9899 0.0947 -0.1048 -0.9773 0.1841 -0.1014 -0.9634 0.2480 -0.1014 -0.9579 0.2688 -0.1012 -0.9462 0.3072 -0.1003 -0.9407 0.3240 -0.1010 -0.9184 0.3826 -0.0963 -0.9104 0.4024 -0.0954 0.9139 0.3945 -0.0935 0.9065 0.4118 -0.0953 0.9202 0.3798 -0.1033 0.9754 0.1947 -0.1051 0.9875 0.1171 -0.1075 0.9865 0.1232 -0.1068 -0.9914 0.0757 -0.1058 -0.9911 0.0802 -0.1075 -0.9847 0.1372 -0.1081 -0.9787 0.1748 -0.1085 -0.9729 0.2043 -0.1058 -0.9726 0.2070 -0.1041 -0.9617 0.2537 -0.1024 -0.9476 0.3027 -0.1015 -0.9366 0.3355 -0.1034 -0.9283 0.3573 -0.0953 -0.9164 0.3887 -0.0976 -0.9129 0.3962 -0.0974 0.9157 0.3899 -0.1018 0.9438 0.3145 -0.1003 0.9382 0.3313 -0.1028 0.9597 0.2615 -0.1050 0.9775 0.1828 -0.1064 0.9746 0.1973 -0.1067 0.9888 0.1042 -0.1092 0.9923 0.0575 -0.1090 -0.9885 0.1047 -0.1083 -0.9861 0.1257 -0.1081 -0.9825 0.1520 -0.1067 -0.9670 0.2314 -0.1044 -0.9536 0.2823 -0.0983 -0.9045 0.4150 -0.1012 0.9264 0.3627 -0.0991 0.9215 0.3756 -0.1017 0.9494 0.2972 -0.1038 0.9498 0.2950 -0.1039 0.9432 0.3157 -0.1018 0.9364 0.3359 -0.1029 0.9544 0.2801 -0.1066 0.9789 0.1743 -0.1069 0.9904 0.0879 -0.1082 0.9913 0.0752 -0.1101 -0.9912 0.0737 -0.1099 -0.9864 0.1221 -0.1100 -0.9844 0.1372 -0.1119 -0.9802 0.1634 -0.1123 -0.9650 0.2371 -0.1085 -0.9520 0.2861 -0.1040 -0.9361 0.3360 -0.1024 -0.9231 0.3708 -0.0992 0.9132 0.3952 -0.1065 0.9665 0.2335 -0.1059 0.9567 0.2710 -0.1081 0.9824 0.1524 -0.1098 0.9904 0.0841 -0.1104 0.9851 0.1318 -0.1140 -0.9915 0.0629 -0.1132 -0.9903 0.0800 -0.1136 -0.9883 0.1017 -0.1121 -0.9862 0.1216 -0.1110 -0.9757 0.1890 -0.1075 -0.9585 0.2640 -0.1068 -0.9548 0.2776 -0.1054 -0.9467 0.3044 -0.1058 -0.9404 0.3233 -0.1032 -0.9227 0.3714 -0.1028 0.9191 0.3804 -0.1053 0.9348 0.3391 -0.1066 0.9475 0.3015 -0.1108 0.9694 0.2191 -0.1104 0.9649 0.2384 -0.1093 0.9605 0.2557 -0.1091 0.9729 0.2038 -0.1115 0.9920 0.0598 -0.1131 0.9882 0.1037 -0.1108 0.9827 0.1481 -0.1137 -0.9866 0.1174 -0.1128 -0.9837 0.1403 -0.1125 -0.9769 0.1817 -0.1119 -0.9739 0.1973 -0.1119 -0.9719 0.2073 -0.1096 -0.9620 0.2501 -0.1097 -0.9435 0.3128 -0.1014 -0.9047 0.4138 -0.1006 0.9058 0.4117 -0.1083 0.9331 0.3428 -0.1097 0.9536 0.2804 -0.1129 0.9820 0.1515 -0.1145 0.9786 0.1708 -0.1101 0.9786 0.1739 -0.1153 -0.9905 0.0749 -0.1151 -0.9899 0.0826 -0.1140 -0.9772 0.1790 -0.1137 -0.9742 0.1949 -0.1159 -0.9687 0.2197 -0.1123 -0.9569 0.2678 -0.1066 -0.9272 0.3590 -0.1067 -0.9213 0.3740 -0.1037 -0.9072 0.4076 -0.1036 0.9044 0.4140 -0.1068 0.9230 0.3697 -0.1117 0.9579 0.2643 -0.1136 0.9710 0.2106 -0.1138 0.9651 0.2360 -0.1143 0.9837 0.1388 -0.1153 0.9823 0.1476 -0.1122 0.9744 0.1949 -0.1140 0.9915 0.0626 -0.1168 0.9903 0.0749 -0.1129 0.9847 0.1327 -0.1152 -0.9919 0.0540 -0.1169 -0.9899 0.0797 -0.1154 -0.9850 0.1279 -0.1149 -0.9820 0.1498 -0.1188 -0.9730 0.1980 -0.1148 -0.9655 0.2337 -0.1132 -0.9604 0.2547 -0.1132 -0.9441 0.3098 -0.1146 -0.9382 0.3265 -0.1083 -0.9329 0.3436 -0.1079 -0.9268 0.3598 -0.1078 -0.9073 0.4065 -0.1105 0.9306 0.3489 -0.1096 0.9220 0.3714 -0.1113 0.9424 0.3155 -0.1134 0.9592 0.2589 -0.1137 0.9542 0.2766 -0.1171 -0.9916 0.0540 -0.1166 -0.9868 0.1123 -0.1194 -0.9855 0.1202 -0.1172 -0.9823 0.1464 -0.1169 -0.9789 0.1677 -0.1157 -0.9758 0.1853 -0.1180 -0.9701 0.2119 -0.1150 -0.9592 0.2581 -0.1143 -0.9526 0.2819 -0.1132 -0.9494 0.2931 -0.1157 -0.9456 0.3040 -0.1098 -0.9256 0.3622 -0.1090 -0.9157 0.3869 -0.1086 0.9116 0.3966 -0.1117 0.9358 0.3343 -0.1142 0.9490 0.2940 -0.1165 0.9699 0.2140 -0.1122 0.9617 0.2499 -0.1166 0.9853 0.1250 -0.1149 0.9743 0.1938 -0.1174 -0.9883 0.0975 -0.1182 -0.9836 0.1361 -0.1167 -0.9633 0.2419 -0.1154 -0.9487 0.2945 -0.1135 -0.9284 0.3537 -0.1119 -0.9178 0.3810 -0.1118 0.9088 0.4020 -0.1137 0.9352 0.3353 -0.1131 0.9218 0.3707 -0.1138 0.9617 0.2493 -0.1148 0.9600 0.2555 -0.1156 0.9523 0.2825 -0.1178 0.9868 0.1112 -0.1186 0.9807 0.1556 -0.1172 0.9880 0.1007 -0.1202 -0.9899 0.0747 -0.1190 -0.9890 0.0874 -0.1212 -0.9877 0.0989 -0.1162 -0.9118 0.3939 -0.1132 0.9151 0.3871 -0.1160 0.9480 0.2964 -0.1144 0.9413 0.3175 -0.1178 0.9756 0.1852 -0.1207 0.9703 0.2099 -0.1196 0.9894 0.0827 -0.1198 0.9910 0.0595 -0.1216 0.9902 0.0685 -0.1221 -0.9909 0.0564 -0.1234 -0.9881 0.0919 -0.1230 -0.9874 0.0995 -0.1222 -0.9860 0.1135 -0.1205 -0.9820 0.1456 -0.1245 -0.9716 0.2011 -0.1199 -0.9710 0.2069 -0.1185 -0.9654 0.2321 -0.1184 -0.9582 0.2606 -0.1173 -0.9518 0.2833 -0.1177 -0.9316 0.3439 -0.1131 -0.9064 0.4069 -0.1147 0.9132 0.3909 -0.1185 0.9344 0.3359 -0.1181 0.9520 0.2825 -0.1164 0.9412 0.3173 -0.1179 0.9585 0.2597 -0.1221 0.9521 0.2804 -0.1189 0.9531 0.2782 -0.1210 0.9766 0.1781 -0.1199 0.9870 0.1070 -0.1225 -0.9901 0.0689 -0.1245 -0.9893 0.0761 -0.1241 -0.9865 0.1073 -0.1231 -0.9773 0.1727 -0.1197 -0.9686 0.2178 -0.1219 -0.9610 0.2482 -0.1202 -0.9560 0.2677 -0.1227 -0.9534 0.2757 -0.1211 -0.9485 0.2927 -0.1190 -0.9360 0.3312 -0.1231 -0.9316 0.3419 -0.1170 0.9210 0.3715 -0.1174 0.9110 0.3953 -0.1156 0.9092 0.3999 -0.1190 0.9476 0.2965 -0.1230 0.9622 0.2430 -0.1197 0.9533 0.2774 -0.1239 0.9796 0.1581 -0.1241 0.9905 0.0596 -0.1230 0.9887 0.0851 -0.1243 0.9861 0.1103 -0.1213 0.9838 0.1317 -0.1221 0.9911 0.0529 -0.1257 -0.9907 0.0522 -0.1263 -0.9898 0.0653 -0.1239 -0.9843 0.1253 -0.1251 -0.9810 0.1486 -0.1213 -0.9706 0.2078 -0.1238 -0.9671 0.2222 -0.1210 -0.9424 0.3117 -0.1186 -0.9221 0.3684 -0.1214 -0.9093 0.3980 -0.1214 0.9324 0.3404 -0.1207 0.9441 0.3069 -0.1250 0.9644 0.2332 -0.1240 0.9741 0.1891 -0.1242 0.9685 0.2159 -0.1268 0.9894 0.0713 -0.1250 -0.9853 0.1163 -0.1278 -0.9739 0.1877 -0.1284 -0.9657 0.2256 -0.1266 -0.9621 0.2415 -0.1240 -0.9570 0.2623 -0.1231 -0.9474 0.2953 -0.1268 -0.9429 0.3078 -0.1233 -0.9229 0.3647 -0.1223 -0.9181 0.3770 -0.1210 0.9221 0.3677 -0.1198 0.9098 0.3973 -0.1253 0.9526 0.2774 -0.1262 0.9661 0.2254 -0.1244 0.9570 0.2619 -0.1278 0.9763 0.1749 -0.1254 0.9879 0.0916 -0.1249 0.9831 0.1339 -0.1294 -0.9897 0.0617 -0.1287 -0.9883 0.0816 -0.1265 -0.9872 0.0966 -0.1266 -0.9853 0.1149 -0.1289 -0.9826 0.1338 -0.1296 -0.9773 0.1677 -0.1294 -0.9698 0.2067 -0.1270 -0.9566 0.2622 -0.1243 -0.9452 0.3020 -0.1252 -0.9380 0.3234 -0.1237 0.9174 0.3782 -0.1225 0.9404 0.3173 -0.1252 0.9383 0.3223 -0.1232 0.9323 0.3401 -0.1247 0.9463 0.2982 -0.1270 0.9708 0.2036 -0.1269 0.9813 0.1449 -0.1272 0.9793 0.1576 -0.1277 0.9872 0.0954 -0.1310 -0.9901 0.0498 -0.1306 -0.9836 0.1247 -0.1336 -0.9710 0.1981 -0.1279 -0.9599 0.2496 -0.1259 -0.9491 0.2889 -0.1265 -0.9249 0.3586 -0.1219 0.9091 0.3984 -0.1229 0.9066 0.4037 -0.1274 0.9588 0.2539 -0.1284 0.9842 0.1222 -0.1304 0.9802 0.1492 -0.1303 0.9901 0.0517 -0.1302 0.9886 0.0757 -0.1308 -0.9853 0.1102 -0.1320 -0.9826 0.1308 -0.1330 -0.9795 0.1513 -0.1325 -0.9746 0.1803 -0.1329 -0.9647 0.2272 -0.1293 -0.9604 0.2467 -0.1304 -0.9425 0.3076 -0.1279 -0.9290 0.3473 -0.1323 -0.9235 0.3600 -0.1254 -0.9088 0.3980 -0.1244 0.9100 0.3954 -0.1254 0.9272 0.3529 -0.1267 0.9198 0.3714 -0.1252 0.9186 0.3747 -0.1276 0.9455 0.2996 -0.1270 0.9359 0.3285 -0.1289 0.9664 0.2225 -0.1317 0.9722 0.1935 -0.1311 0.9767 0.1696 -0.1318 0.9865 0.0971 -0.1333 -0.9876 0.0830 -0.1357 -0.9851 0.1055 -0.1348 -0.9828 0.1266 -0.1350 -0.9752 0.1755 -0.1317 -0.9614 0.2416 -0.1325 -0.9563 0.2607 -0.1308 -0.9492 0.2861 -0.1337 -0.9428 0.3053 -0.1302 -0.9357 0.3280 -0.1265 -0.9160 0.3806 -0.1286 0.9108 0.3922 -0.1314 0.9444 0.3013 -0.1293 0.9311 0.3411 -0.1332 0.9634 0.2328 -0.1323 0.9538 0.2699 -0.1296 0.9509 0.2809 -0.1358 0.9697 0.2031 -0.1333 0.9835 0.1219 -0.1336 0.9810 0.1407 -0.1326 0.9893 0.0613 -0.1331 -0.9891 0.0632 -0.1372 -0.9865 0.0892 -0.1342 -0.9810 0.1401 -0.1350 -0.9778 0.1601 -0.1353 -0.9722 0.1910 -0.1355 -0.9514 0.2765 -0.1365 -0.9371 0.3211 -0.1283 -0.9081 0.3987 -0.1363 0.9657 0.2209 -0.1364 0.9872 0.0831 -0.1349 0.9855 0.1028 -0.1389 0.9845 0.1072 -0.1332 0.9882 0.0759 -0.1337 -0.9898 0.0492 -0.1390 -0.9824 0.1245 -0.1375 -0.9786 0.1533 -0.1377 -0.9756 0.1708 -0.1360 -0.9648 0.2249 -0.1337 -0.9602 0.2452 -0.1332 -0.9521 0.2752 -0.1333 -0.9384 0.3188 -0.1340 -0.9306 0.3405 -0.1386 -0.9151 0.3788 -0.1323 0.9236 0.3598 -0.1332 0.9133 0.3850 -0.1308 0.9080 0.3980 -0.1341 0.9359 0.3259 -0.1381 0.9620 0.2354 -0.1360 0.9744 0.1793 -0.1359 0.9889 0.0598 -0.1360 0.9818 0.1328 -0.1385 -0.9891 0.0509 -0.1371 -0.9879 0.0723 -0.1381 -0.9869 0.0832 -0.1407 -0.9777 0.1561 -0.1416 -0.9757 0.1673 -0.1390 -0.9758 0.1690 -0.1396 -0.9733 0.1824 -0.1377 -0.9707 0.1970 -0.1364 -0.9594 0.2468 -0.1358 -0.9222 0.3620 -0.1326 -0.9083 0.3968 -0.1357 0.9066 0.3997 -0.1376 0.9365 0.3226 -0.1356 0.9467 0.2922 -0.1363 0.9407 0.3107 -0.1427 0.9636 0.2262 -0.1346 0.9782 0.1579 -0.1398 0.9734 0.1815 -0.1388 0.9882 0.0650 -0.1424 -0.9870 0.0744 -0.1397 -0.9863 0.0880 -0.1394 -0.9847 0.1042 -0.1433 -0.9785 0.1486 -0.1429 -0.9683 0.2051 -0.1406 -0.9642 0.2249 -0.1384 -0.9407 0.3098 -0.1404 -0.9398 0.3117 -0.1431 -0.9345 0.3259 -0.1351 -0.9239 0.3579 -0.1356 0.9171 0.3749 -0.1355 0.9134 0.3839 -0.1368 0.9563 0.2583 -0.1400 0.9503 0.2782 -0.1396 0.9679 0.2091 -0.1385 0.9588 0.2482 -0.1396 0.9807 0.1366 -0.1386 0.9770 0.1619 -0.1424 0.9873 0.0707 -0.1418 -0.9881 0.0598 -0.1411 -0.9833 0.1146 -0.1429 -0.9817 0.1258 -0.1392 -0.9449 0.2963 -0.1377 -0.9263 0.3509 -0.1363 0.9252 0.3542 -0.1375 0.9163 0.3762 -0.1382 0.9432 0.3022 -0.1395 0.9321 0.3342 -0.1424 0.9677 0.2079 -0.1414 0.9828 0.1191 -0.1429 0.9771 0.1573 -0.1422 0.9742 0.1753 -0.1444 -0.9880 0.0549 -0.1442 -0.9838 0.1067 -0.1479 -0.9793 0.1384 -0.1440 -0.9719 0.1863 -0.1434 -0.9653 0.2182 -0.1416 -0.9544 0.2626 -0.1445 -0.9481 0.2833 -0.1435 -0.9423 0.3023 -0.1427 -0.9388 0.3134 -0.1422 -0.9271 0.3469 -0.1426 -0.9210 0.3626 -0.1406 0.9100 0.3901 -0.1408 0.9244 0.3544 -0.1414 0.9408 0.3081 -0.1414 0.9329 0.3311 -0.1408 0.9581 0.2496 -0.1441 0.9715 0.1882 -0.1440 0.9675 0.2080 -0.1427 0.9600 0.2408 -0.1446 0.9818 0.1232 -0.1428 0.9838 0.1085 -0.1463 -0.9850 0.0911 -0.1475 -0.9837 0.1032 -0.1481 -0.9825 0.1129 -0.1479 -0.9816 0.1205 -0.1461 -0.9783 0.1471 -0.1476 -0.9735 0.1748 -0.1468 -0.9641 0.2211 -0.1470 -0.9581 0.2457 -0.1459 -0.9264 0.3471 -0.1418 -0.9107 0.3879 -0.1440 0.9246 0.3526 -0.1440 0.9337 0.3278 -0.1444 0.9578 0.2485 -0.1425 0.9543 0.2626 -0.1438 0.9854 0.0908 -0.1463 0.9792 0.1403 -0.1456 0.9865 0.0747 -0.1481 -0.9859 0.0777 -0.1499 -0.9841 0.0958 -0.1499 -0.9827 0.1089 -0.1471 -0.9769 0.1548 -0.1485 -0.9688 0.1985 -0.1472 -0.9523 0.2674 -0.1461 -0.9448 0.2932 -0.1441 -0.9389 0.3124 -0.1492 -0.9335 0.3260 -0.1427 0.9187 0.3682 -0.1461 0.9438 0.2963 -0.1468 0.9525 0.2668 -0.1438 0.9504 0.2759 -0.1484 0.9713 0.1859 -0.1465 0.9698 0.1948 -0.1458 0.9620 0.2308 -0.1476 0.9855 0.0834 -0.1457 0.9842 0.1010 -0.1496 0.9838 0.0990 -0.1494 0.9809 0.1242 -0.1457 0.9874 0.0613 -0.1456 0.9871 0.0670 -0.1500 -0.9873 0.0515 -0.1501 -0.9865 0.0656 -0.1512 -0.9847 0.0868 -0.1504 -0.9748 0.1647 -0.1497 -0.9708 0.1873 -0.1512 -0.9648 0.2152 -0.1485 -0.9478 0.2820 -0.1472 -0.9403 0.3070 -0.1465 -0.9360 0.3200 -0.1446 -0.9120 0.3840 -0.1450 0.9162 0.3735 -0.1470 0.9294 0.3384 -0.1466 0.9370 0.3170 -0.1485 0.9587 0.2424 -0.1521 0.9734 0.1713 -0.1470 0.9666 0.2100 -0.1482 0.9870 0.0624 -0.1488 0.9766 0.1552 -0.1528 -0.9851 0.0794 -0.1526 -0.9823 0.1085 -0.1517 -0.9807 0.1235 -0.1522 -0.9763 0.1542 -0.1524 -0.9671 0.2037 -0.1492 -0.9510 0.2706 -0.1524 -0.9439 0.2931 -0.1470 -0.9181 0.3680 -0.1472 -0.9138 0.3785 -0.1485 0.9197 0.3634 -0.1499 0.9490 0.2772 -0.1515 0.9633 0.2214 -0.1541 0.9770 0.1477 -0.1519 0.9856 0.0744 -0.1542 0.9830 0.0996 -0.1530 -0.9779 0.1423 -0.1534 -0.9739 0.1672 -0.1504 -0.9729 0.1758 -0.1526 -0.9709 0.1846 -0.1532 -0.9601 0.2338 -0.1517 -0.9521 0.2655 -0.1508 -0.9389 0.3093 -0.1547 -0.9293 0.3353 -0.1512 -0.9234 0.3527 -0.1498 -0.9119 0.3821 -0.1476 0.9092 0.3892 -0.1505 0.9168 0.3698 -0.1489 0.9146 0.3759 -0.1489 0.9395 0.3085 -0.1513 0.9326 0.3276 -0.1511 0.9422 0.2989 -0.1514 0.9689 0.1956 -0.1535 0.9800 0.1264 -0.1565 -0.9779 0.1384 -0.1559 -0.9749 0.1589 -0.1544 -0.9674 0.2008 -0.1545 -0.9649 0.2125 -0.1568 -0.9539 0.2558 -0.1574 -0.9468 0.2807 -0.1538 -0.9375 0.3121 -0.1553 0.9365 0.3143 -0.1528 0.9561 0.2502 -0.1538 0.9460 0.2853 -0.1546 0.9667 0.2042 -0.1548 0.9613 0.2280 -0.1584 0.9795 0.1245 -0.1551 0.9746 0.1618 -0.1529 0.9843 0.0886 -0.1543 -0.9833 0.0963 -0.1574 -0.9804 0.1189 -0.1550 -0.9728 0.1724 -0.1558 -0.9414 0.2993 -0.1537 -0.9256 0.3459 -0.1535 -0.9172 0.3677 -0.1540 0.9260 0.3447 -0.1577 0.9548 0.2518 -0.1547 0.9713 0.1804 -0.1582 0.9642 0.2130 -0.1562 0.9830 0.0967 -0.1566 0.9821 0.1043 -0.1561 0.9858 0.0625 -0.1549 -0.9858 0.0656 -0.1584 -0.9836 0.0867 -0.1577 -0.9823 0.1016 -0.1582 -0.9784 0.1332 -0.1570 -0.9713 0.1785 -0.1570 -0.9674 0.1986 -0.1586 -0.9590 0.2351 -0.1599 -0.9536 0.2553 -0.1588 -0.9509 0.2657 -0.1551 -0.9228 0.3526 -0.1541 -0.9103 0.3841 -0.1533 0.9120 0.3805 -0.1558 0.9306 0.3313 -0.1572 0.9454 0.2856 -0.1585 0.9385 0.3068 -0.1567 0.9332 0.3235 -0.1577 0.9699 0.1853 -0.1558 0.9838 0.0885 -0.1572 0.9767 0.1462 -0.1550 0.9845 0.0825 -0.1580 -0.9857 0.0587 -0.1596 -0.9847 0.0704 -0.1604 -0.9814 0.1053 -0.1584 -0.9756 0.1522 -0.1592 -0.9692 0.1881 -0.1572 -0.9633 0.2175 -0.1598 -0.9227 0.3508 -0.1566 -0.9161 0.3692 -0.1560 0.9103 0.3835 -0.1577 0.9263 0.3421 -0.1573 0.9180 0.3640 -0.1606 0.9602 0.2286 -0.1576 0.9739 0.1633 -0.1609 0.9692 0.1862 -0.1573 0.9840 0.0831 -0.1600 0.9828 0.0918 -0.1584 0.9777 0.1378 -0.1605 -0.9851 0.0618 -0.1611 -0.9838 0.0789 -0.1613 -0.9822 0.0964 -0.1604 -0.9766 0.1434 -0.1602 -0.9722 0.1706 -0.1613 -0.9648 0.2076 -0.1603 -0.9494 0.2701 -0.1590 -0.9364 0.3128 -0.1588 -0.9142 0.3727 -0.1582 0.9174 0.3652 -0.1591 0.9347 0.3178 -0.1606 0.9478 0.2754 -0.1601 0.9419 0.2953 -0.1614 0.9551 0.2484 -0.1599 0.9528 0.2581 -0.1606 0.9734 0.1637 -0.1585 0.9853 0.0639 -0.1631 0.9814 0.1008 -0.1625 -0.9827 0.0885 -0.1635 -0.9788 0.1238 -0.1653 -0.9744 0.1526 -0.1628 -0.9733 0.1616 -0.1659 -0.9632 0.2117 -0.1645 -0.9588 0.2315 -0.1622 -0.9512 0.2626 -0.1620 -0.9302 0.3295 -0.1584 0.9106 0.3818 -0.1612 0.9306 0.3287 -0.1631 0.9463 0.2790 -0.1621 0.9652 0.2052 -0.1598 0.9768 0.1427 -0.1635 0.9728 0.1644 -0.1612 0.9851 0.0604 -0.1621 0.9789 0.1241 -0.1632 -0.9841 0.0703 -0.1647 -0.9695 0.1815 -0.1690 -0.9614 0.2171 -0.1621 -0.9567 0.2417 -0.1623 -0.9449 0.2844 -0.1643 -0.9352 0.3138 -0.1615 0.9213 0.3539 -0.1652 0.9529 0.2545 -0.1611 0.9388 0.3045 -0.1655 0.9672 0.1927 -0.1644 0.9609 0.2230 -0.1635 0.9765 0.1407 -0.1637 0.9694 0.1829 -0.1625 0.9833 0.0815 -0.1634 -0.9811 0.1035 -0.1653 -0.9800 0.1106 -0.1671 -0.9765 0.1360 -0.1682 -0.9657 0.1976 -0.1651 -0.9515 0.2598 -0.1675 -0.9364 0.3084 -0.1651 0.9217 0.3511 -0.1642 0.9345 0.3159 -0.1642 0.9273 0.3363 -0.1686 0.9506 0.2608 -0.1691 0.9651 0.1997 -0.1647 0.9809 0.1032 -0.1653 0.9749 0.1492 -0.1653 0.9832 0.0774 -0.1665 -0.9814 0.0953 -0.1673 -0.9786 0.1198 -0.1690 -0.9701 0.1742 -0.1679 -0.9565 0.2385 -0.1664 -0.9427 0.2892 -0.1675 -0.9301 0.3269 -0.1645 -0.9258 0.3403 -0.1631 -0.9111 0.3785 -0.1632 0.9124 0.3753 -0.1671 0.9421 0.2907 -0.1650 0.9447 0.2833 -0.1677 0.9693 0.1799 -0.1673 0.9587 0.2300 -0.1655 0.9815 0.0958 -0.1650 0.9798 0.1126 -0.1670 0.9774 0.1293 -0.1665 0.9822 0.0873 -0.1670 -0.9832 0.0740 -0.1687 -0.9820 0.0848 -0.1707 -0.9803 0.0990 -0.1689 -0.9794 0.1110 -0.1689 -0.9743 0.1492 -0.1712 -0.9656 0.1957 -0.1707 -0.9574 0.2329 -0.1721 -0.9612 0.2154 -0.1710 -0.9539 0.2468 -0.1695 -0.9483 0.2685 -0.1647 -0.9142 0.3704 -0.1658 0.9300 0.3281 -0.1667 0.9190 0.3573 -0.1671 0.9359 0.3100 -0.1678 0.9550 0.2445 -0.1673 0.9531 0.2522 -0.1669 0.9824 0.0838 -0.1677 0.9812 0.0956 -0.1666 0.9726 0.1621 -0.1696 -0.9828 0.0729 -0.1699 -0.9818 0.0846 -0.1686 -0.9769 0.1313 -0.1689 -0.9760 0.1373 -0.1722 -0.9716 0.1623 -0.1726 -0.9684 0.1799 -0.1700 -0.9635 0.2068 -0.1701 -0.9351 0.3108 -0.1706 -0.9274 0.3329 -0.1681 -0.9227 0.3469 -0.1682 0.9282 0.3318 -0.1701 0.9418 0.2901 -0.1702 0.9580 0.2308 -0.1697 0.9715 0.1652 -0.1685 0.9836 0.0647 -0.1673 0.9827 0.0792 -0.1693 0.9789 0.1147 -0.1726 -0.9829 0.0639 -0.1713 -0.9823 0.0752 -0.1708 -0.9818 0.0827 -0.1708 -0.9766 0.1308 -0.1715 -0.9556 0.2397 -0.1692 -0.9407 0.2939 -0.1708 -0.9174 0.3594 -0.1682 0.9145 0.3679 -0.1717 0.9343 0.3124 -0.1721 0.9412 0.2907 -0.1717 0.9619 0.2127 -0.1721 0.9739 0.1482 -0.1725 0.9702 0.1704 -0.1701 0.9762 0.1346 -0.1729 -0.9780 0.1165 -0.1745 -0.9760 0.1303 -0.1750 -0.9729 0.1515 -0.1731 -0.9697 0.1725 -0.1754 -0.9643 0.1983 -0.1736 -0.9500 0.2596 -0.1728 -0.9429 0.2849 -0.1731 -0.9351 0.3093 -0.1699 -0.9223 0.3470 -0.1705 0.9236 0.3434 -0.1712 0.9487 0.2659 -0.1718 0.9531 0.2492 -0.1759 0.9697 0.1695 -0.1733 0.9652 0.1960 -0.1726 0.9823 0.0725 -0.1713 0.9800 0.1015 -0.1726 -0.9814 0.0846 -0.1743 -0.9776 0.1179 -0.1756 -0.9746 0.1392 -0.1739 -0.9712 0.1629 -0.1746 -0.9694 0.1724 -0.1744 -0.9466 0.2711 -0.1705 0.9137 0.3688 -0.1729 0.9401 0.2937 -0.1738 0.9470 0.2702 -0.1742 0.9584 0.2259 -0.1745 0.9736 0.1470 -0.1743 -0.9792 0.1042 -0.1755 -0.9772 0.1197 -0.1775 -0.9750 0.1338 -0.1779 -0.9675 0.1795 -0.1763 -0.9618 0.2097 -0.1754 -0.9600 0.2183 -0.1731 -0.9561 0.2363 -0.1756 -0.9401 0.2922 -0.1752 -0.9355 0.3069 -0.1744 -0.9294 0.3252 -0.1745 -0.9148 0.3643 -0.1737 0.9255 0.3365 -0.1743 0.9368 0.3035 -0.1781 0.9675 0.1792 -0.1766 0.9637 0.2001 -0.1759 0.9605 0.2155 -0.1759 0.9785 0.1078 -0.1734 0.9766 0.1275 -0.1767 -0.9822 0.0639 -0.1769 -0.9810 0.0797 -0.1754 -0.9806 0.0875 -0.1761 -0.9793 0.1000 -0.1768 -0.9779 0.1112 -0.1766 -0.9701 0.1666 -0.1773 -0.9549 0.2381 -0.1778 -0.9516 0.2507 -0.1769 -0.9475 0.2664 -0.1749 -0.9228 0.3431 -0.1751 0.9167 0.3591 -0.1747 0.9321 0.3173 -0.1767 0.9425 0.2838 -0.1766 0.9532 0.2455 -0.1787 0.9652 0.1908 -0.1747 0.9826 0.0637 -0.1754 0.9816 0.0753 -0.1754 0.9759 0.1301 -0.1754 0.9824 0.0637 -0.1771 -0.9802 0.0888 -0.1774 -0.9792 0.0982 -0.1789 -0.9707 0.1602 -0.1776 -0.9607 0.2135 -0.1778 -0.9422 0.2839 -0.1774 -0.9279 0.3280 -0.1769 -0.9210 0.3471 -0.1767 0.9481 0.2642 -0.1771 0.9589 0.2216 -0.1778 0.9507 0.2542 -0.1793 0.9711 0.1577 -0.1772 0.9743 0.1394 -0.1803 -0.9726 0.1466 -0.1801 -0.9632 0.1995 -0.1800 -0.9587 0.2202 -0.1792 -0.9518 0.2490 -0.1809 -0.9437 0.2770 -0.1778 -0.9364 0.3025 -0.1773 0.9161 0.3597 -0.1761 0.9343 0.3101 -0.1777 0.9276 0.3286 -0.1784 0.9470 0.2672 -0.1781 0.9432 0.2805 -0.1797 0.9619 0.2058 -0.1773 0.9814 0.0737 -0.1783 0.9796 0.0931 -0.1786 0.9779 0.1090 -0.1797 -0.9774 0.1110 -0.1810 -0.9673 0.1774 -0.1809 -0.9552 0.2342 -0.1799 -0.9487 0.2598 -0.1804 -0.9308 0.3179 -0.1782 0.9229 0.3412 -0.1795 0.9542 0.2392 -0.1808 0.9492 0.2575 -0.1829 0.9640 0.1932 -0.1806 0.9526 0.2450 -0.1795 0.9759 0.1243 -0.1793 0.9736 0.1410 -0.1792 0.9813 0.0706 -0.1784 -0.9796 0.0924 -0.1807 -0.9745 0.1332 -0.1814 -0.9707 0.1578 -0.1813 -0.9693 0.1663 -0.1827 -0.9509 0.2496 -0.1805 -0.9373 0.2980 -0.1827 -0.9363 0.2998 -0.1791 -0.9221 0.3430 -0.1791 -0.9178 0.3543 -0.1797 0.9246 0.3360 -0.1790 0.9407 0.2883 -0.1820 0.9366 0.2994 -0.1813 0.9435 0.2776 -0.1808 0.9672 0.1785 -0.1824 0.9585 0.2192 -0.1813 0.9538 0.2396 -0.1803 0.9776 0.1082 -0.1813 0.9732 0.1414 -0.1791 0.9803 0.0828 -0.1802 -0.9798 0.0865 -0.1818 -0.9775 0.1067 -0.1833 -0.9749 0.1261 -0.1826 -0.9721 0.1475 -0.1836 -0.9685 0.1680 -0.1835 -0.9580 0.2203 -0.1824 -0.9550 0.2338 -0.1833 -0.9413 0.2836 -0.1816 -0.9224 0.3410 -0.1799 0.9160 0.3585 -0.1832 0.9534 0.2396 -0.1849 0.9683 0.1681 -0.1848 0.9648 0.1870 -0.1811 0.9794 0.0899 -0.1821 0.9723 0.1464 -0.1804 0.9814 0.0653 -0.1823 -0.9801 0.0779 -0.1824 -0.9792 0.0892 -0.1835 -0.9777 0.1019 -0.1839 -0.9647 0.1885 -0.1827 -0.9468 0.2649 -0.1842 -0.9451 0.2700 -0.1830 -0.9283 0.3238 -0.1801 -0.9167 0.3566 -0.1814 0.9159 0.3580 -0.1828 0.9254 0.3319 -0.1834 0.9424 0.2796 -0.1852 0.9580 0.2188 -0.1832 0.9464 0.2662 -0.1822 0.9710 0.1545 -0.1809 0.9807 0.0742 -0.1832 -0.9790 0.0898 -0.1854 -0.9706 0.1533 -0.1852 -0.9686 0.1657 -0.1847 -0.9666 0.1776 -0.1875 -0.9567 0.2227 -0.1854 -0.9305 0.3159 -0.1831 0.9324 0.3115 -0.1853 0.9433 0.2754 -0.1822 0.9808 0.0693 -0.1843 0.9782 0.0958 -0.1827 0.9728 0.1423 -0.1844 -0.9802 0.0728 -0.1854 -0.9754 0.1195 -0.1860 -0.9732 0.1349 -0.1864 -0.9668 0.1747 -0.1873 -0.9614 0.2016 -0.1861 -0.9485 0.2564 -0.1880 -0.9437 0.2722 -0.1854 -0.9390 0.2897 -0.1843 -0.9184 0.3501 -0.1845 0.9345 0.3044 -0.1881 0.9435 0.2729 -0.1849 0.9621 0.2004 -0.1874 0.9618 0.1993 -0.1872 0.9580 0.2173 -0.1830 0.9755 0.1223 -0.1840 0.9721 0.1452 -0.1844 -0.9788 0.0895 -0.1864 -0.9529 0.2392 -0.1886 -0.9492 0.2521 -0.1885 -0.9351 0.3002 -0.1854 0.9186 0.3491 -0.1861 0.9291 0.3196 -0.1879 0.9483 0.2557 -0.1861 0.9648 0.1860 -0.1864 0.9528 0.2395 -0.1856 0.9758 0.1156 -0.1862 0.9728 0.1375 -0.1843 0.9802 0.0721 -0.1864 -0.9767 0.1060 -0.1876 -0.9740 0.1270 -0.1881 -0.9709 0.1481 -0.1875 -0.9690 0.1610 -0.1897 -0.9674 0.1678 -0.1896 -0.9531 0.2360 -0.1879 -0.9224 0.3373 -0.1865 0.9251 0.3309 -0.1871 0.9375 0.2934 -0.1883 0.9324 0.3085 -0.1895 0.9527 0.2376 -0.1880 0.9663 0.1758 -0.1901 0.9638 0.1868 -0.1855 0.9785 0.0903 -0.1865 0.9772 0.1010 -0.1846 0.9794 0.0819 -0.1866 -0.9797 0.0725 -0.1864 -0.9784 0.0892 -0.1876 -0.9770 0.1009 -0.1899 -0.9697 0.1535 -0.1893 -0.9638 0.1876 -0.1897 -0.9610 0.2012 -0.1905 -0.9571 0.2182 -0.1905 -0.9545 0.2295 -0.1906 -0.9399 0.2832 -0.1900 -0.9368 0.2937 -0.1910 -0.9344 0.3006 -0.1896 -0.9297 0.3159 -0.1876 0.9259 0.3280 -0.1900 0.9387 0.2876 -0.1909 0.9554 0.2252 -0.1900 0.9470 0.2590 -0.1880 0.9698 0.1555 -0.1883 0.9782 0.0872 -0.1873 0.9750 0.1199 -0.1861 0.9792 0.0807 -0.1903 -0.9717 0.1398 -0.1911 -0.9644 0.1826 -0.1928 -0.9580 0.2124 -0.1921 -0.9471 0.2571 -0.1909 -0.9247 0.3294 -0.1884 0.9188 0.3468 -0.1924 0.9439 0.2683 -0.1906 0.9684 0.1610 -0.1875 0.9777 0.0945 -0.1887 0.9760 0.1086 -0.1884 -0.9793 0.0740 -0.1883 -0.9776 0.0940 -0.1893 -0.9754 0.1131 -0.1913 -0.9688 0.1575 -0.1917 -0.9614 0.1976 -0.1914 -0.9532 0.2340 -0.1902 0.9275 0.3218 -0.1895 0.9584 0.2135 -0.1909 0.9713 0.1419 -0.1891 0.9726 0.1353 -0.1895 -0.9781 0.0859 -0.1913 -0.9760 0.1045 -0.1921 -0.9728 0.1291 -0.1932 -0.9699 0.1483 -0.1940 -0.9538 0.2296 -0.1932 -0.9401 0.2808 -0.1936 -0.9313 0.3087 -0.1927 -0.9213 0.3377 -0.1902 0.9187 0.3461 -0.1932 0.9344 0.2994 -0.1921 0.9517 0.2394 -0.1923 0.9577 0.2143 -0.1913 0.9738 0.1232 -0.1926 0.9700 0.1483 -0.1918 0.9616 0.1964 -0.1897 0.9786 0.0797 -0.1903 0.9766 0.0997 -0.1898 -0.9767 0.1002 -0.1934 -0.9651 0.1766 -0.1954 -0.9477 0.2523 -0.1936 -0.9437 0.2682 -0.1926 0.9183 0.3458 -0.1959 0.9358 0.2932 -0.1945 0.9478 0.2528 -0.1921 0.9647 0.1802 -0.1942 0.9620 0.1920 -0.1916 0.9756 0.1075 -0.1928 0.9747 0.1127 -0.1901 -0.9784 0.0814 -0.1908 -0.9780 0.0849 -0.1929 -0.9714 0.1387 -0.1958 -0.9626 0.1873 -0.1950 -0.9594 0.2038 -0.1966 -0.9551 0.2217 -0.1972 -0.9505 0.2401 -0.1954 -0.9383 0.2852 -0.1948 -0.9229 0.3320 -0.1948 0.9273 0.3196 -0.1945 0.9373 0.2893 -0.1946 0.9548 0.2245 -0.1961 0.9435 0.2670 -0.1945 0.9408 0.2775 -0.1931 0.9666 0.1686 -0.1962 0.9632 0.1839 -0.1925 -0.9767 0.0952 -0.1935 -0.9716 0.1359 -0.1954 -0.9707 0.1400 -0.1976 -0.9574 0.2107 -0.1948 -0.9434 0.2683 -0.1966 -0.9324 0.3033 -0.1952 0.9207 0.3380 -0.1983 0.9418 0.2715 -0.1970 0.9584 0.2063 -0.1953 0.9671 0.1632 -0.1908 0.9786 0.0773 -0.1921 0.9768 0.0947 -0.1936 -0.9738 0.1195 -0.1961 -0.9666 0.1648 -0.1957 -0.9644 0.1779 -0.1975 -0.9607 0.1952 -0.1973 -0.9244 0.3265 -0.1967 0.9260 0.3222 -0.1996 0.9588 0.2019 -0.1987 0.9542 0.2235 -0.1943 0.9719 0.1328 -0.1968 0.9697 0.1450 -0.1931 0.9754 0.1063 -0.1941 0.9748 0.1095 -0.1937 -0.9771 0.0884 -0.1943 -0.9751 0.1067 -0.1955 -0.9729 0.1232 -0.1966 -0.9702 0.1418 -0.1979 -0.9691 0.1476 -0.1970 -0.9635 0.1813 -0.1988 -0.9536 0.2259 -0.1982 -0.9422 0.2700 -0.1995 -0.9314 0.3045 -0.1997 -0.9235 0.3275 -0.1989 0.9317 0.3041 -0.1973 0.9500 0.2420 -0.1983 0.9652 0.1705 -0.1992 0.9510 0.2363 -0.1964 0.9726 0.1246 -0.1967 0.9672 0.1608 -0.1916 0.9785 0.0756 -0.1958 -0.9746 0.1091 -0.1965 -0.9710 0.1363 -0.1992 -0.9632 0.1802 -0.1995 -0.9487 0.2452 -0.2011 -0.9443 0.2606 -0.2001 -0.9419 0.2699 -0.1980 0.9214 0.3345 -0.2018 0.9314 0.3031 -0.2003 0.9471 0.2509 -0.2010 0.9606 0.1919 -0.1956 0.9749 0.1067 -0.1937 0.9773 0.0856 -0.1940 -0.9778 0.0790 -0.1952 -0.9765 0.0915 -0.1968 -0.9720 0.1282 -0.2018 -0.9511 0.2339 -0.2009 -0.9382 0.2820 -0.2026 -0.9275 0.3141 -0.2006 -0.9277 0.3148 -0.1998 0.9212 0.3339 -0.2009 0.9533 0.2257 -0.2011 0.9444 0.2601 -0.1999 0.9620 0.1858 -0.1962 0.9758 0.0964 -0.1973 0.9713 0.1327 -0.1955 -0.9773 0.0813 -0.1969 -0.9749 0.1036 -0.2003 -0.9659 0.1639 -0.2030 -0.9575 0.2050 -0.1998 -0.9575 0.2080 -0.2034 -0.9489 0.2414 -0.2037 -0.9386 0.2783 -0.2024 0.9230 0.3274 -0.2011 0.9406 0.2735 -0.2029 0.9295 0.3081 -0.2026 0.9490 0.2417 -0.2018 0.9451 0.2571 -0.2014 0.9636 0.1761 -0.1969 0.9736 0.1156 -0.1973 0.9726 0.1226 -0.1973 -0.9765 0.0862 -0.1975 -0.9752 0.0997 -0.1980 -0.9722 0.1253 -0.2009 -0.9685 0.1472 -0.2018 -0.9631 0.1782 -0.2051 -0.9491 0.2390 -0.2034 -0.9461 0.2519 -0.2046 0.9220 0.3286 -0.2039 0.9432 0.2625 -0.2029 0.9374 0.2830 -0.2020 0.9577 0.2047 -0.2012 0.9677 0.1522 -0.1983 0.9722 0.1242 -0.1984 -0.9752 0.0979 -0.1991 -0.9730 0.1169 -0.2013 -0.9709 0.1302 -0.2015 -0.9655 0.1651 -0.2038 -0.9615 0.1844 -0.2052 -0.9588 0.1964 -0.2050 -0.9564 0.2080 -0.2054 -0.9540 0.2184 -0.2051 -0.9433 0.2611 -0.2058 -0.9303 0.3036 -0.2047 -0.9259 0.3176 -0.2058 -0.9198 0.3342 -0.2043 0.9583 0.1999 -0.2039 0.9539 0.2204 -0.2011 0.9711 0.1289 -0.2026 0.9652 0.1655 -0.1961 0.9772 0.0816 -0.2006 -0.9730 0.1143 -0.2029 -0.9646 0.1684 -0.2073 -0.9323 0.2962 -0.2048 0.9330 0.2958 -0.2063 0.9250 0.3190 -0.2065 0.9457 0.2510 -0.2060 0.9410 0.2684 -0.2026 0.9607 0.1895 -0.2055 0.9556 0.2113 -0.2048 0.9491 0.2393 -0.1988 0.9743 0.1061 -0.1978 0.9760 0.0910 -0.1984 -0.9760 0.0893 -0.2004 -0.9745 0.1011 -0.2031 -0.9683 0.1452 -0.2033 -0.9661 0.1589 -0.2058 -0.9634 0.1719 -0.2075 -0.9512 0.2282 -0.2062 -0.9440 0.2576 -0.2069 -0.9380 0.2780 -0.2095 -0.9292 0.3046 -0.2057 0.9192 0.3359 -0.2083 0.9295 0.3043 -0.2046 0.9628 0.1766 -0.1988 0.9756 0.0928 -0.2000 0.9743 0.1033 -0.2029 0.9716 0.1218 -0.2033 0.9663 0.1582 -0.1989 -0.9762 0.0859 -0.2023 -0.9712 0.1258 -0.2065 -0.9557 0.2097 -0.2068 -0.9485 0.2401 -0.2077 -0.9457 0.2501 -0.2101 -0.9400 0.2689 -0.2071 0.9516 0.2271 -0.2084 0.9466 0.2461 -0.2049 0.9663 0.1559 -0.1988 0.9762 0.0863 -0.2004 -0.9755 0.0907 -0.2015 -0.9728 0.1140 -0.2067 -0.9584 0.1967 -0.2126 -0.9290 0.3028 -0.2115 -0.9268 0.3104 -0.2102 0.9228 0.3229 -0.2086 0.9403 0.2691 -0.2096 0.9542 0.2134 -0.2032 0.9687 0.1426 -0.2073 0.9642 0.1653 -0.2069 0.9575 0.2012 -0.2025 -0.9736 0.1054 -0.2026 -0.9723 0.1164 -0.2047 -0.9693 0.1360 -0.2069 -0.9661 0.1545 -0.2086 -0.9558 0.2072 -0.2090 -0.9521 0.2234 -0.2106 -0.9493 0.2335 -0.2126 -0.9419 0.2601 -0.2127 -0.9352 0.2831 -0.2130 0.9250 0.3148 -0.2111 0.9479 0.2387 -0.2094 0.9575 0.1983 -0.2109 0.9528 0.2186 -0.2059 0.9685 0.1399 -0.2076 0.9606 0.1849 -0.2025 0.9739 0.1028 -0.2037 -0.9718 0.1190 -0.2049 -0.9714 0.1201 -0.2075 -0.9681 0.1402 -0.2077 -0.9640 0.1662 -0.2093 -0.9612 0.1794 -0.2112 -0.9551 0.2077 -0.2102 -0.9535 0.2158 -0.2125 -0.9485 0.2349 -0.2129 -0.9230 0.3206 -0.2114 0.9402 0.2671 -0.2103 0.9559 0.2051 -0.2036 0.9732 0.1065 -0.2046 0.9721 0.1147 -0.2016 -0.9752 0.0914 -0.2040 -0.9734 0.1040 -0.2095 -0.9630 0.1696 -0.2145 -0.9398 0.2660 -0.2167 -0.9220 0.3210 -0.2114 0.9332 0.2905 -0.2142 0.9239 0.3170 -0.2096 0.9602 0.1846 -0.2103 0.9580 0.1950 -0.2023 0.9749 0.0931 -0.2037 0.9738 0.1009 -0.2068 -0.9710 0.1198 -0.2088 -0.9645 0.1617 -0.2105 -0.9626 0.1705 -0.2128 -0.9588 0.1881 -0.2129 -0.9506 0.2260 -0.2138 -0.9456 0.2453 -0.2137 -0.9422 0.2582 -0.2137 0.9384 0.2716 -0.2135 0.9317 0.2938 -0.2141 0.9504 0.2254 -0.2081 0.9659 0.1540 -0.2098 0.9634 0.1666 -0.2108 0.9604 0.1821 -0.2057 0.9728 0.1067 -0.2054 -0.9731 0.1043 -0.2107 -0.9648 0.1575 -0.2150 0.9447 0.2476 -0.2168 0.9395 0.2652 -0.2160 0.9538 0.2088 -0.2167 0.9484 0.2314 -0.2161 0.9429 0.2534 -0.2116 0.9642 0.1601 -0.2091 0.9669 0.1465 -0.2063 -0.9732 0.1012 -0.2094 -0.9681 0.1377 -0.2124 -0.9657 0.1492 -0.2121 -0.9619 0.1722 -0.2159 -0.9545 0.2058 -0.2150 -0.9578 0.1907 -0.2137 -0.9540 0.2101 -0.2158 -0.9495 0.2279 -0.2170 -0.9320 0.2904 -0.2210 -0.9238 0.3128 -0.2156 0.9288 0.3015 -0.2177 0.9333 0.2856 -0.2119 0.9565 0.2005 -0.2074 0.9704 0.1235 -0.2116 0.9612 0.1767 -0.2071 0.9718 0.1129 -0.2071 -0.9719 0.1120 -0.2095 -0.9700 0.1237 -0.2145 -0.9609 0.1752 -0.2173 -0.9424 0.2542 -0.2187 -0.9466 0.2370 -0.2204 -0.9303 0.2931 -0.2203 -0.9333 0.2835 -0.2191 0.9269 0.3048 -0.2202 0.9225 0.3172 -0.2167 0.9442 0.2481 -0.2181 0.9553 0.1995 -0.2077 0.9723 0.1073 -0.2111 0.9678 0.1374 -0.2090 -0.9715 0.1117 -0.2146 -0.9634 0.1608 -0.2180 -0.9504 0.2217 -0.2195 -0.9432 0.2495 -0.2194 0.9363 0.2741 -0.2194 0.9443 0.2453 -0.2132 0.9611 0.1756 -0.2111 0.9698 0.1224 -0.2107 -0.9699 0.1221 -0.2139 -0.9651 0.1512 -0.2167 -0.9565 0.1953 -0.2188 -0.9525 0.2117 -0.2199 -0.9485 0.2279 -0.2206 -0.9389 0.2642 -0.2214 0.9234 0.3136 -0.2217 0.9316 0.2880 -0.2139 0.9637 0.1598 -0.2162 0.9593 0.1819 -0.2189 0.9513 0.2171 -0.2096 0.9721 0.1050 -0.2132 -0.9673 0.1374 -0.2150 -0.9641 0.1557 -0.2207 -0.9447 0.2423 -0.2222 -0.9428 0.2484 -0.2231 -0.9395 0.2599 -0.2233 -0.9268 0.3020 -0.2255 -0.9237 0.3096 -0.2245 0.9240 0.3096 -0.2216 0.9389 0.2634 -0.2211 0.9485 0.2268 -0.2125 0.9678 0.1347 -0.2139 0.9660 0.1452 -0.2105 -0.9708 0.1149 -0.2166 -0.9634 0.1580 -0.2165 -0.9613 0.1704 -0.2187 -0.9563 0.1941 -0.2231 -0.9324 0.2842 -0.2240 0.9358 0.2723 -0.2194 0.9542 0.2035 -0.2132 0.9680 0.1322 -0.2157 0.9655 0.1460 -0.2157 0.9633 0.1596 -0.2112 0.9714 0.1081 -0.2118 0.9701 0.1184 -0.2127 -0.9696 0.1205 -0.2161 -0.9660 0.1418 -0.2220 -0.9483 0.2269 -0.2232 -0.9428 0.2476 -0.2276 -0.9231 0.3099 -0.2262 0.9256 0.3036 -0.2230 0.9436 0.2447 -0.2252 0.9362 0.2700 -0.2197 0.9570 0.1896 -0.2207 0.9525 0.2100 -0.2137 0.9686 0.1267 -0.2143 -0.9690 0.1231 -0.2190 -0.9592 0.1787 -0.2207 -0.9578 0.1840 -0.2218 -0.9541 0.2011 -0.2228 -0.9502 0.2178 -0.2261 -0.9328 0.2805 -0.2259 0.9321 0.2831 -0.2270 0.9264 0.3004 -0.2227 0.9499 0.2194 -0.2185 0.9615 0.1666 -0.2190 0.9606 0.1714 -0.2216 0.9534 0.2048 -0.2134 0.9698 0.1182 -0.2178 0.9618 0.1660 -0.2191 -0.9614 0.1663 -0.2214 -0.9565 0.1901 -0.2241 -0.9482 0.2249 -0.2270 -0.9330 0.2794 -0.2277 0.9246 0.3054 -0.2183 0.9624 0.1618 -0.2199 0.9603 0.1719 -0.2172 0.9640 0.1534 -0.2135 -0.9701 0.1158 -0.2170 -0.9665 0.1370 -0.2186 -0.9636 0.1539 -0.2248 -0.9405 0.2546 -0.2278 -0.9293 0.2908 -0.2256 0.9392 0.2587 -0.2268 0.9351 0.2722 -0.2225 0.9544 0.1992 -0.2237 0.9504 0.2163 -0.2167 0.9660 0.1410 -0.2130 0.9707 0.1110 -0.2143 -0.9696 0.1182 -0.2189 -0.9639 0.1517 -0.2200 -0.9612 0.1667 -0.2218 -0.9574 0.1851 -0.2237 -0.9518 0.2098 -0.2242 -0.9525 0.2060 -0.2244 -0.9495 0.2194 -0.2267 -0.9420 0.2474 -0.2245 0.9465 0.2319 -0.2224 0.9556 0.1931 -0.2243 0.9515 0.2107 -0.2147 0.9690 0.1226 -0.2217 0.9578 0.1831 -0.2147 -0.9696 0.1172 -0.2253 -0.9484 0.2232 -0.2271 -0.9356 0.2703 -0.2280 -0.9333 0.2775 -0.2287 -0.9311 0.2842 -0.2277 0.9302 0.2880 -0.2259 0.9443 0.2394 -0.2228 0.9551 0.1954 -0.2233 0.9535 0.2026 -0.2141 0.9701 0.1145 -0.2157 0.9682 0.1271 -0.2163 0.9680 0.1271 -0.2167 -0.9675 0.1301 -0.2158 -0.9683 0.1256 -0.2202 -0.9616 0.1636 -0.2216 -0.9598 0.1724 -0.2236 -0.9552 0.1938 -0.2256 -0.9495 0.2181 -0.2283 -0.9354 0.2701 -0.2291 0.9293 0.2897 -0.2262 0.9458 0.2331 -0.2195 -0.9635 0.1534 -0.2246 -0.9528 0.2043 -0.2279 -0.9397 0.2549 -0.2292 -0.9313 0.2831 -0.2274 0.9382 0.2610 -0.2248 0.9518 0.2089 -0.2273 0.9420 0.2469 -0.2196 0.9629 0.1570 -0.2222 0.9580 0.1811 -0.2236 0.9548 0.1961 -0.2159 -0.9688 0.1219 -0.2230 -0.9567 0.1873 -0.2268 -0.9446 0.2373 -0.2289 -0.9336 0.2755 -0.2283 0.9375 0.2625 -0.2293 0.9310 0.2840 -0.2202 0.9625 0.1584 -0.2212 0.9608 0.1674 -0.2228 0.9574 0.1838 -0.2173 -0.9671 0.1326 -0.2185 -0.9653 0.1430 -0.2208 -0.9615 0.1639 -0.2226 -0.9578 0.1818 -0.2290 -0.9343 0.2734 -0.2265 0.9463 0.2308 -0.2242 0.9539 0.1997 -0.2266 0.9459 0.2321 -0.2168 0.9677 0.1289 -0.2180 0.9661 0.1386 -0.2197 -0.9635 0.1532 -0.2208 -0.9615 0.1635 -0.2215 -0.9601 0.1708 -0.2252 -0.9506 0.2135 -0.2272 -0.9431 0.2428 -0.2282 -0.9386 0.2586 -0.2275 0.9421 0.2464 -0.2244 0.9530 0.2035 -0.2255 0.9496 0.2178 -0.2259 -0.9481 0.2236 -0.2282 -0.9376 0.2623 -0.2282 0.9377 0.2622 -0.2267 0.9446 0.2373 -0.2216 0.9598 0.1723 -0.2230 0.9564 0.1888 -0.2239 0.9544 0.1975 -0.2168 0.9676 0.1296 -0.2212 0.9607 0.1675 -0.2188 -0.9648 0.1461 -0.2202 -0.9623 0.1594 -0.2216 -0.9596 0.1732 -0.2245 -0.9520 0.2080 -0.2211 0.9599 0.1723 -0.2240 0.9538 0.2003 -0.2195 0.9637 0.1520 -0.2176 -0.9662 0.1383 -0.2199 -0.9624 0.1595 -0.2214 -0.9597 0.1730 -0.2254 -0.9475 0.2267 -0.2264 -0.9454 0.2345 -0.2274 -0.9410 0.2505 -0.2246 0.9505 0.2147 -0.2194 0.9636 0.1531 -0.2182 0.9656 0.1416 -0.2165 -0.9673 0.1320 -0.2174 -0.9655 0.1433 -0.2225 -0.9562 0.1901 -0.2237 -0.9515 0.2113 -0.2268 -0.9423 0.2462 -0.2234 0.9548 0.1960 -0.2230 0.9547 0.1968 -0.2174 0.9663 0.1379 -0.2188 0.9638 0.1525 -0.2200 -0.9612 0.1664 -0.2213 -0.9575 0.1849 -0.2255 -0.9449 0.2374 -0.2239 0.9497 0.2190 -0.2264 0.9429 0.2442 -0.2219 0.9575 0.1845 -0.2220 0.9557 0.1931 -0.2167 0.9663 0.1391 -0.2166 -0.9665 0.1377 -0.2220 -0.9547 0.1981 -0.2245 -0.9474 0.2281 -0.2243 0.9445 0.2399 -0.2198 0.9611 0.1674 -0.2182 0.9640 0.1519 -0.2163 -0.9663 0.1392 -0.2181 -0.9631 0.1576 -0.2200 -0.9582 0.1830 -0.2223 -0.9508 0.2160 -0.2251 -0.9419 0.2491 -0.2228 0.9498 0.2195 -0.2174 0.9643 0.1513 -0.2166 0.9658 0.1422 -0.2163 -0.9650 0.1480 -0.2174 -0.9623 0.1635 -0.2213 -0.9546 0.1996 -0.2229 0.9481 0.2266 -0.2174 0.9629 0.1596 -0.2221 0.9532 0.2052 -0.2161 0.9663 0.1398 -0.2166 -0.9639 0.1546 -0.2184 -0.9586 0.1830 -0.2206 -0.9549 0.1985 -0.2203 0.9567 0.1902 -0.2212 0.9532 0.2062 -0.2157 0.9655 0.1462 -0.2156 -0.9648 0.1504 -0.2197 -0.9566 0.1915 -0.2227 -0.9453 0.2385 -0.2191 0.9605 0.1716 -0.2178 0.9608 0.1716 -0.2194 0.9557 0.1962 -0.2144 0.9662 0.1431 -0.2146 -0.9662 0.1425 -0.2202 -0.9505 0.2190 -0.2212 0.9499 0.2208 -0.2170 0.9587 0.1837 -0.2158 -0.9623 0.1656 -0.2157 -0.9603 0.1769 -0.2175 -0.9567 0.1936 -0.2198 -0.9548 0.2003 -0.2199 -0.9489 0.2262 -0.2184 0.9541 0.2048 -0.2152 0.9639 0.1568 -0.2129 -0.9656 0.1495 -0.2143 -0.9623 0.1675 -0.2186 -0.9506 0.2204 -0.2175 0.9562 0.1960 -0.2192 0.9508 0.2188 -0.2149 0.9625 0.1657 -0.2170 0.9559 0.1978 -0.2177 0.9539 0.2064 -0.2151 -0.9594 0.1827 -0.2163 -0.9546 0.2048 -0.2175 -0.9505 0.2218 -0.2151 0.9602 0.1783 -0.2156 0.9564 0.1969 -0.2178 0.9522 0.2141 -0.2140 0.9632 0.1624 -0.2131 -0.9634 0.1626 -0.2140 -0.9616 0.1717 -0.2148 -0.9578 0.1911 -0.2128 0.9643 0.1577 -0.2142 0.9603 0.1784 -0.2139 -0.9606 0.1774 -0.2152 -0.9551 0.2035 -0.2153 0.9551 0.2035 -0.2125 0.9643 0.1582 -0.2137 0.9607 0.1772 -0.2144 -0.9584 0.1886 -0.2130 -0.9628 0.1660 -0.2141 -0.9595 0.1830 -0.2128 -0.9638 0.1607 -0.2144 0.9598 0.1815 -0.2149 -0.9570 0.1947 -0.2129 0.9639 0.1601 -0.2137 -0.9641 0.1575 -0.2142 -0.9615 0.1723 -0.2151 -0.9568 0.1956 -0.2152 -0.9614 0.1716 -0.2153 -0.9587 0.1861 -0.2155 0.9577 0.1907 -0.2151 -0.9631 0.1619 -0.2170 -0.9587 0.1838 -0.2169 0.9564 0.1954 -0.2140 0.9634 0.1615 -0.2155 0.9613 0.1717 -0.2161 -0.9620 0.1672 0.4320 0.1702 0.8857 0.4147 -0.4037 0.8155 0.4275 -0.2723 0.8621 0.4303 -0.2189 0.8758 0.4331 -0.1224 0.8930 0.4338 0.0412 0.9001 0.4324 0.1560 0.8881 0.4333 0.1148 0.8939 0.4331 0.1243 0.8928 0.4332 0.1180 0.8935 0.4331 0.1205 0.8932 0.4319 0.1762 0.8846 0.4307 0.2077 0.8783 0.4310 0.2017 0.8795 0.4274 -0.2743 0.8615 0.4251 -0.3042 0.8525 0.4334 -0.0989 0.8958 0.4331 -0.1216 0.8931 0.4336 -0.0142 0.9010 0.4337 -0.0155 0.9009 0.4336 -0.0137 0.9010 0.4337 -0.0130 0.9010 0.4336 0.0012 0.9011 0.4336 0.0024 0.9011 0.4336 0.0070 0.9011 0.4337 0.0081 0.9010 0.4337 0.0289 0.9006 0.4337 0.0313 0.9005 0.4337 0.0561 0.8993 0.4337 0.0622 0.8989 0.4337 0.0565 0.8993 0.4337 0.0568 0.8993 0.4336 0.0741 0.8981 0.4336 0.0763 0.8979 0.4335 0.0894 0.8967 0.4321 0.1678 0.8861 0.4301 0.2236 0.8747 0.4300 0.2259 0.8741 0.4298 0.2304 0.8731 0.4262 0.2910 0.8565 0.4250 0.3073 0.8514 0.4269 0.2815 0.8594 0.4241 0.3185 0.8478 0.4238 0.3219 0.8466 0.4230 0.3299 0.8439 0.4082 0.4451 0.7970 0.4280 -0.2637 0.8644 0.4300 -0.2241 0.8745 0.4294 -0.2387 0.8710 0.4291 -0.2434 0.8699 0.4304 -0.2144 0.8768 0.4308 -0.2058 0.8787 0.4313 -0.1914 0.8817 0.4315 -0.1844 0.8830 0.4330 -0.1248 0.8927 0.4322 -0.1609 0.8873 0.4325 -0.1511 0.8889 0.4334 -0.0956 0.8961 0.4337 -0.0653 0.8987 0.4337 0.0095 0.9010 0.4337 0.0185 0.9009 0.4337 0.0170 0.9009 0.4284 0.2561 0.8665 0.4171 0.3841 0.8237 0.4198 0.3614 0.8326 0.4068 0.4538 0.7928 0.4050 -0.4665 0.7864 0.4081 -0.4475 0.7958 0.4145 -0.4050 0.8150 0.4086 -0.4435 0.7977 0.4246 -0.3120 0.8499 0.4336 -0.0728 0.8981 0.4336 -0.0806 0.8975 0.4337 -0.0560 0.8993 0.4337 -0.0507 0.8996 0.4337 -0.0469 0.8998 0.4337 -0.0223 0.9008 0.4338 -0.0297 0.9005 0.4337 -0.0096 0.9010 0.4337 -0.0033 0.9011 0.4139 0.4093 0.8131 0.4132 0.4139 0.8112 0.4122 0.4205 0.8083 0.4053 0.4667 0.7861 0.4058 0.4634 0.7878 0.4055 0.4648 0.7871 0.4152 -0.3997 0.8172 0.4209 -0.3525 0.8358 0.4200 -0.3600 0.8331 0.4232 -0.3286 0.8443 0.4227 -0.3335 0.8427 0.4073 0.4612 0.7883 0.4070 -0.4632 0.7873 0.4072 -0.4605 0.7888 0.4095 0.4349 0.8020 0.4096 -0.4456 0.7961 0.4041 0.4045 0.8204 0.4096 -0.4408 0.7987 0.4095 0.4333 0.8029 0.4083 0.4273 0.8067 0.4083 -0.4209 0.8100 0.4031 0.4008 0.8227 0.3902 0.3743 0.8412 0.4082 -0.4174 0.8119 0.4075 -0.4148 0.8136 0.3897 0.3733 0.8419 0.3693 0.3501 0.8608 0.3944 -0.3800 0.8367 0.3883 -0.3717 0.8432 0.3929 -0.3774 0.8386 0.3689 0.3497 0.8612 0.3415 0.3315 0.8795 0.3731 -0.3531 0.8580 0.3556 -0.3399 0.8706 0.3402 0.3308 0.8803 0.3399 -0.3317 0.8800 0.3394 0.3304 0.8807 0.3367 0.3294 0.8821 0.3179 0.3220 0.8918 0.3145 -0.3213 0.8932 0.2892 0.3183 0.9028 0.3213 -0.3231 0.8902 0.3059 -0.3200 0.8967 0.2872 0.3180 0.9036 0.2879 0.3179 0.9033 0.2843 0.3180 0.9045 0.2863 0.3179 0.9039 0.2960 -0.3187 0.9004 0.2669 0.3187 0.9095 0.2612 0.3192 0.9110 0.2483 0.3223 0.9135 0.2820 -0.3180 0.9052 0.2614 -0.3213 0.9102 0.2456 -0.3235 0.9138 0.2388 0.3249 0.9151 0.2302 0.3289 0.9159 0.2405 -0.3247 0.9147 0.2276 0.3302 0.9160 0.2194 0.3367 0.9157 0.2377 -0.3256 0.9151 0.2329 -0.3283 0.9154 0.2241 -0.3335 0.9157 0.2180 0.3380 0.9155 0.2182 0.3377 0.9156 0.2170 0.3392 0.9154 0.2153 0.3410 0.9151 0.1955 0.3552 0.9141 0.2106 0.3473 0.9138 0.2062 0.3492 0.9141 0.2143 -0.3436 0.9143 0.2120 -0.3450 0.9143 0.1945 -0.3561 0.9140 0.1933 -0.3566 0.9140 0.1926 -0.3570 0.9140 0.1904 0.3581 0.9141 0.1791 0.3635 0.9142 0.1688 0.3713 0.9130 0.1674 -0.3721 0.9130 0.1652 -0.3740 0.9126 0.1628 -0.3762 0.9121 0.1605 0.3779 0.9118 0.1525 0.3858 0.9099 0.1479 -0.3914 0.9082 0.1517 0.3865 0.9097 0.1512 0.3870 0.9096 0.1506 0.3877 0.9094 0.1427 0.3979 0.9062 0.1396 0.4020 0.9049 0.1391 0.4029 0.9046 0.1354 0.4174 0.8986 0.1390 -0.4041 0.9041 0.1381 -0.4056 0.9036 0.1374 -0.4071 0.9030 0.1345 -0.4199 0.8976 0.1335 0.4266 0.8945 0.1322 0.4319 0.8922 0.1325 -0.4318 0.8922 0.1322 -0.4335 0.8914 0.1320 0.4357 0.8904 0.1321 0.4332 0.8916 0.1318 -0.4362 0.8901 0.1321 -0.4460 0.8852 0.1324 -0.4688 0.8733 0.1314 0.4461 0.8853 0.1313 0.4491 0.8838 0.1313 0.4508 0.8829 0.1320 0.4606 0.8778 0.1324 -0.4694 0.8730 0.1324 -0.4700 0.8727 0.1329 0.4697 0.8728 0.1329 0.4748 0.8700 0.1332 0.4797 0.8672 0.1336 -0.4866 0.8634 0.1341 -0.4945 0.8588 0.1340 0.4928 0.8598 0.1343 0.4975 0.8570 0.1350 0.5062 0.8518 0.1344 -0.5008 0.8551 0.1348 -0.5048 0.8526 0.1352 0.5091 0.8500 0.1354 -0.5142 0.8469 0.1353 0.5098 0.8496 0.1354 0.5137 0.8472 0.1353 0.5301 0.8370 0.1356 -0.5343 0.8344 0.1356 -0.5339 0.8346 0.1356 -0.5328 0.8353 0.1348 0.5351 0.8340 0.1353 -0.5359 0.8334 0.1322 0.5565 0.8203 0.1322 0.5567 0.8202 0.1322 0.5568 0.8201 0.1299 0.5638 0.8156 0.1312 -0.5590 0.8187 0.1258 -0.5760 0.8077 0.1292 -0.5651 0.8148 0.1194 0.5871 0.8006 0.1204 -0.5891 0.7991 0.1149 -0.6054 0.7876 0.1264 0.5741 0.8090 0.1261 0.5749 0.8085 0.1154 0.6007 0.7911 0.1101 -0.6162 0.7798 0.1124 -0.6111 0.7835 0.1082 -0.6268 0.7716 0.1107 0.6131 0.7822 0.1087 0.6217 0.7757 0.1118 0.6077 0.7862 0.1064 -0.6385 0.7622 0.1068 0.6563 0.7469 0.1063 0.6314 0.7681 0.1069 0.6506 0.7519 0.1064 0.6372 0.7633 0.1073 -0.6571 0.7462 0.1075 -0.6593 0.7441 0.1082 -0.6622 0.7415 0.1085 0.6667 0.7374 0.1110 0.6776 0.7270 0.1105 0.6746 0.7299 0.1113 0.6805 0.7242 0.1130 -0.6823 0.7223 0.1159 -0.6961 0.7086 0.1187 -0.7152 0.6888 0.1199 -0.7229 0.6805 0.1170 -0.7025 0.7020 0.1167 0.7082 0.6963 0.1166 0.7070 0.6976 0.1167 0.7091 0.6953 0.1169 0.7127 0.6917 0.1171 0.7150 0.6892 0.1165 0.7107 0.6937 0.1217 -0.7395 0.6621 0.1222 0.7508 0.6492 0.1191 0.7325 0.6703 0.1216 0.7462 0.6545 0.1228 -0.7447 0.6560 0.1242 -0.7503 0.6494 0.1229 0.7537 0.6456 0.1277 0.7709 0.6240 0.1291 -0.7702 0.6246 0.1299 -0.7726 0.6215 0.1311 -0.7756 0.6174 0.1296 0.7761 0.6172 0.1332 0.7858 0.6039 0.1360 0.7926 0.5943 0.1393 -0.7981 0.5863 0.1407 0.8042 0.5774 0.1393 -0.7981 0.5862 0.1459 -0.8137 0.5626 0.1458 -0.8140 0.5622 0.1490 -0.8215 0.5504 0.1428 0.8091 0.5701 0.1467 0.8183 0.5557 0.1511 -0.8267 0.5420 0.1475 0.8207 0.5519 0.1523 0.8323 0.5330 0.1516 -0.8279 0.5400 0.1527 -0.8313 0.5345 0.1525 0.8327 0.5323 0.1524 0.8326 0.5325 0.1525 0.8329 0.5320 0.1528 -0.8346 0.5293 0.1525 -0.8346 0.5294 0.1513 0.8349 0.5292 0.1515 0.8366 0.5264 0.1508 0.8371 0.5258 0.1511 -0.8366 0.5266 0.1510 -0.8365 0.5267 0.1508 0.8371 0.5258 0.1507 0.8371 0.5259 0.1488 -0.8358 0.5284 0.1488 0.8363 0.5277 0.1481 0.8361 0.5283 0.1446 0.8343 0.5320 0.1460 -0.8347 0.5310 0.1456 -0.8345 0.5314 0.1451 -0.8343 0.5319 0.1441 0.8340 0.5326 0.1437 0.8337 0.5331 0.1433 0.8334 0.5338 0.1420 0.8328 0.5350 0.1412 -0.8326 0.5356 0.1392 -0.8319 0.5372 0.1401 0.8318 0.5372 0.1395 0.8314 0.5379 0.1377 0.8304 0.5399 0.1345 -0.8294 0.5422 0.1344 -0.8294 0.5423 0.1357 0.8295 0.5418 0.1355 0.8291 0.5424 0.1344 -0.8293 0.5423 0.1340 -0.8292 0.5427 0.1345 0.8287 0.5433 0.1332 0.8283 0.5442 0.1347 0.8287 0.5432 0.1317 0.8276 0.5456 0.1302 -0.8274 0.5463 0.1287 -0.8267 0.5477 0.1306 0.8273 0.5464 0.1256 -0.8255 0.5502 0.1230 -0.8243 0.5527 0.1277 0.8262 0.5488 0.1272 0.8259 0.5492 0.1237 0.8246 0.5520 0.1230 0.8244 0.5525 0.1221 0.8240 0.5533 0.1218 -0.8238 0.5537 0.1200 -0.8232 0.5549 0.1187 -0.8228 0.5558 0.1200 0.8231 0.5551 0.1181 -0.8227 0.5561 0.1187 0.8229 0.5556 0.1158 0.8219 0.5578 0.1146 -0.8216 0.5584 0.1146 0.8215 0.5586 0.1124 0.8206 0.5603 0.1139 -0.8214 0.5589 0.1107 -0.8205 0.5609 0.1121 0.8205 0.5605 0.1119 0.8205 0.5606 0.1100 -0.8203 0.5613 0.1068 -0.8196 0.5629 0.1102 0.8201 0.5615 0.1086 0.8200 0.5620 0.1057 -0.8192 0.5638 0.1076 0.8198 0.5624 0.1061 0.8194 0.5633 0.1020 -0.8184 0.5655 0.1045 0.8190 0.5642 0.1019 -0.8184 0.5656 0.1025 0.8186 0.5652 0.1018 -0.8184 0.5656 0.0981 -0.8177 0.5672 0.1010 0.8181 0.5661 0.0993 0.8177 0.5670 0.0977 -0.8176 0.5674 0.0971 0.8173 0.5679 0.0968 0.8173 0.5680 0.0947 -0.8174 0.5683 0.0925 -0.8168 0.5694 0.0963 0.8172 0.5682 0.0943 0.8171 0.5687 0.0913 0.8168 0.5696 0.0902 -0.8164 0.5703 0.0881 -0.8163 0.5709 0.0860 -0.8161 0.5715 0.0875 0.8162 0.5711 0.0903 0.8167 0.5699 0.0863 0.8161 0.5714 0.0866 0.8161 0.5714 0.0862 0.8160 0.5716 0.0860 0.8160 0.5716 0.0509 0.9446 0.3242 0.0543 -0.9328 0.3563 0.0619 -0.9034 0.4244 0.0579 -0.9195 0.3888 0.0596 -0.9128 0.4041 0.0820 0.8161 0.5720 0.0546 -0.9318 0.3588 0.0566 -0.9246 0.3768 0.0620 -0.9030 0.4252 0.0656 -0.8874 0.4563 0.0642 -0.8936 0.4443 0.0740 -0.8487 0.5237 0.0834 -0.8159 0.5722 0.0812 -0.8195 0.5673 0.0820 0.8161 0.5721 0.0737 0.8497 0.5221 0.0759 0.8376 0.5410 0.0747 0.8443 0.5306 0.0559 0.9271 0.3706 0.0523 0.9399 0.3373 0.0544 0.9323 0.3575 0.0520 -0.9408 0.3349 0.0622 -0.9020 0.4272 0.0666 -0.8829 0.4649 0.0677 -0.8774 0.4749 0.0820 0.8161 0.5720 0.0820 0.8162 0.5720 0.0665 0.8829 0.4647 0.0644 0.8928 0.4458 0.0628 0.8995 0.4323 0.0633 0.8974 0.4367 0.0427 0.9670 0.2512 0.0364 -0.9754 0.2174 0.0374 -0.9745 0.2214 0.0353 -0.9762 0.2140 0.0451 -0.9616 0.2707 0.0463 -0.9586 0.2808 0.0483 -0.9528 0.2998 0.0634 -0.8970 0.4375 0.0706 -0.8638 0.4989 0.0709 -0.8623 0.5015 0.0707 -0.8632 0.4999 0.0772 -0.8316 0.5499 0.0706 0.8635 0.4994 0.0706 0.8635 0.4994 0.0679 0.8768 0.4760 0.0686 0.8731 0.4826 0.0588 0.9159 0.3970 0.0581 0.9187 0.3906 0.0587 0.9164 0.3960 0.0586 0.9168 0.3951 0.0451 0.9614 0.2715 0.0460 0.9593 0.2788 0.0464 0.9583 0.2819 0.0410 0.9701 0.2394 0.0396 -0.9719 0.2320 0.0411 -0.9699 0.2400 0.0434 -0.9658 0.2556 0.0513 -0.9432 0.3282 0.0514 -0.9428 0.3294 0.0514 -0.9430 0.3288 0.0768 -0.8337 0.5469 0.0770 -0.8327 0.5484 0.0769 -0.8330 0.5479 0.0773 0.8315 0.5501 0.0781 0.8278 0.5556 0.0489 0.9508 0.3060 0.0488 0.9511 0.3049 0.0370 0.9743 0.2222 0.0340 -0.9772 0.2097 0.0333 -0.9777 0.2075 0.0306 -0.9795 0.1991 0.0356 0.9759 0.2153 0.0308 0.9794 0.1997 0.0349 0.9765 0.2127 0.0284 0.9810 0.1920 0.0282 -0.9811 0.1916 0.0276 -0.9815 0.1895 0.0267 -0.9821 0.1866 0.0280 0.9812 0.1909 0.0230 0.9843 0.1752 0.0228 0.9844 0.1746 0.0185 0.9867 0.1615 0.0142 0.9888 0.1485 0.0226 0.9845 0.1740 0.0194 -0.9863 0.1640 0.0192 0.9863 0.1636 0.0181 -0.9869 0.1603 0.0165 -0.9877 0.1553 0.0140 -0.9889 0.1480 0.0226 -0.9845 0.1741 0.0216 -0.9851 0.1708 0.0223 -0.9847 0.1729 0.0137 -0.9890 0.1470 0.0108 -0.9903 0.1385 0.0095 -0.9908 0.1348 0.0095 -0.9909 0.1346 0.0094 -0.9909 0.1345 0.0093 -0.9909 0.1342 0.0126 0.9895 0.1441 0.0093 0.9909 0.1344 0.0118 0.9898 0.1418 0.1061 -0.1382 0.9847 0.0761 -0.5962 0.7992 0.1078 -0.0563 0.9926 0.0059 0.9922 0.1247 0.0040 0.9929 0.1193 0.0567 -0.7597 0.6478 0.0546 -0.7774 0.6267 0.1061 -0.1369 0.9849 0.1076 0.0698 0.9917 0.1052 0.1694 0.9799 0.0886 0.4612 0.8829 0.0721 0.6325 0.7712 0.0763 0.5949 0.8002 0.0740 0.6155 0.7846 0.0547 0.7764 0.6279 0.0041 -0.9928 0.1195 0.0052 -0.9924 0.1227 0.0045 -0.9927 0.1208 0.0492 -0.8087 0.5862 0.0483 -0.8115 0.5823 0.0523 -0.7967 0.6021 0.0526 -0.7954 0.6038 0.0572 -0.7544 0.6539 0.0575 -0.7523 0.6563 0.0761 -0.5961 0.7993 0.0829 -0.5278 0.8453 0.0817 -0.5405 0.8374 0.0923 -0.4140 0.9056 0.0955 -0.3670 0.9253 0.0957 -0.3643 0.9264 0.0974 -0.3366 0.9366 0.1002 -0.2859 0.9530 0.1008 -0.2751 0.9561 0.1078 -0.0540 0.9927 0.1080 -0.0362 0.9935 0.1081 -0.0254 0.9938 0.1081 -0.0208 0.9939 0.1082 0.0010 0.9941 0.1076 0.0711 0.9917 0.1071 0.0964 0.9896 0.1075 0.0732 0.9915 0.1051 0.1711 0.9796 0.1052 0.1685 0.9801 0.1053 0.1648 0.9807 0.1036 0.2119 0.9718 0.1033 0.2195 0.9701 0.1027 0.2346 0.9666 0.1021 0.2478 0.9634 0.1026 0.2371 0.9661 0.1024 0.2416 0.9650 0.1023 0.2437 0.9644 0.0988 0.3129 0.9446 0.0983 0.3210 0.9419 0.0976 0.3338 0.9376 0.0968 0.3464 0.9331 0.0938 0.3922 0.9151 0.0960 0.3601 0.9280 0.0936 0.3946 0.9141 0.0886 0.4615 0.8827 0.0858 0.4955 0.8644 0.0663 0.6821 0.7283 0.0632 0.7069 0.7045 0.0666 0.6797 0.7305 0.0541 0.7834 0.6191 0.0514 0.7990 0.5991 0.0495 0.8084 0.5866 0.0022 -0.9934 0.1144 0.0580 -0.7477 0.6615 0.0627 -0.7102 0.7012 0.0653 -0.6899 0.7209 0.0640 -0.7006 0.7106 0.0677 -0.6703 0.7390 0.0678 -0.6692 0.7400 0.0685 -0.6637 0.7448 0.0715 -0.6384 0.7664 0.0704 -0.6473 0.7589 0.0899 -0.4458 0.8906 0.0903 -0.4398 0.8935 0.0889 -0.4577 0.8847 0.0927 -0.4084 0.9081 0.0954 -0.3692 0.9244 0.0954 -0.3681 0.9249 0.0979 -0.3283 0.9395 0.0995 -0.2998 0.9488 0.0987 -0.3132 0.9445 0.0992 -0.3050 0.9472 0.1040 -0.2030 0.9737 0.1042 -0.1978 0.9747 0.1055 -0.1590 0.9816 0.1063 -0.1325 0.9855 0.1072 -0.0928 0.9899 0.1073 -0.0883 0.9903 0.1075 -0.0743 0.9914 0.1077 -0.0612 0.9923 0.1082 0.0090 0.9941 0.1082 0.0031 0.9941 0.1081 0.0146 0.9940 0.1081 0.0205 0.9939 0.1069 0.1060 0.9886 0.1043 0.1935 0.9755 0.1037 0.2099 0.9722 0.1008 0.2737 0.9565 0.1010 0.2711 0.9572 0.1003 0.2852 0.9532 0.0992 0.3043 0.9474 0.0934 0.3983 0.9125 0.0911 0.4293 0.8986 0.0887 0.4610 0.8830 0.0906 0.4362 0.8953 0.0887 0.4606 0.8832 0.0804 0.5538 0.8287 0.0772 0.5859 0.8067 0.0798 0.5598 0.8248 0.0708 0.6444 0.7614 0.0669 0.6770 0.7330 0.0693 0.6572 0.7505 0.0621 0.7153 0.6960 0.0608 0.7249 0.6862 0.0570 0.7556 0.6526 0.0483 0.8105 0.5837 0.0472 0.8123 0.5813 0.0018 -0.9936 0.1133 0.0013 -0.9937 0.1118 0.0455 -0.8147 0.5782 0.0606 -0.7272 0.6838 0.0653 -0.6898 0.7210 0.0673 -0.6740 0.7357 0.0680 -0.6679 0.7411 0.0737 -0.6189 0.7820 0.0761 -0.5964 0.7991 0.0762 -0.5959 0.7994 0.0786 -0.5725 0.8162 0.0798 -0.5600 0.8247 0.0804 -0.5545 0.8283 0.0838 -0.5178 0.8514 0.0853 -0.5011 0.8611 0.0864 -0.4882 0.8685 0.0859 -0.4940 0.8652 0.0918 -0.4204 0.9027 0.1033 -0.2192 0.9702 0.1050 -0.1739 0.9791 0.1051 -0.1721 0.9795 0.1051 -0.1729 0.9793 0.1068 -0.1095 0.9882 0.1067 -0.1134 0.9878 0.1079 -0.0416 0.9933 0.1079 -0.0498 0.9929 0.1080 0.0311 0.9937 0.1081 0.0270 0.9938 0.1063 0.1334 0.9854 0.1065 0.1252 0.9864 0.0886 0.4624 0.8822 0.0866 0.4865 0.8694 0.0836 0.5201 0.8500 0.0825 0.5320 0.8427 0.0833 0.5236 0.8479 0.0597 0.7340 0.6765 0.0593 0.7367 0.6737 0.0571 0.7549 0.6533 0.0571 0.7548 0.6535 0.0431 0.8171 0.5749 0.0020 0.9935 0.1140 0.0006 0.9939 0.1105 -0.0051 -0.9955 0.0950 -0.0029 -0.9949 0.1010 0.0881 -0.4676 0.8795 0.1014 -0.2626 0.9596 0.1018 -0.2534 0.9620 0.1081 -0.0103 0.9941 0.1081 -0.0123 0.9941 0.1082 -0.0089 0.9941 0.1082 -0.0033 0.9941 0.1082 -0.0072 0.9941 0.1080 0.0366 0.9935 0.1079 0.0441 0.9932 0.1061 0.1395 0.9845 0.1059 0.1461 0.9836 -0.0013 0.9945 0.1051 -0.0061 -0.9957 0.0928 -0.0103 -0.9966 0.0821 -0.0080 -0.9961 0.0880 -0.0057 -0.9956 0.0937 0.0416 -0.8188 0.5725 0.1026 -0.2361 0.9663 0.1030 -0.2270 0.9684 0.1077 0.0642 0.9921 0.1079 0.0481 0.9930 0.0428 0.8179 0.5738 -0.0029 0.9949 0.1009 -0.0016 0.9946 0.1041 -0.0104 -0.9966 0.0820 -0.0011 -0.9944 0.1054 -0.0014 -0.9945 0.1047 -0.0012 -0.9945 0.1052 0.0416 -0.8189 0.5725 0.0416 -0.8189 0.5725 -0.0038 0.9951 0.0985 0.0425 0.8181 0.5735 0.0413 0.8192 0.5720 -0.0048 0.9953 0.0963 0.0379 -0.8220 0.5682 0.0389 0.8213 0.5691 0.0368 0.8232 0.5666 -0.0064 0.9957 0.0921 -0.0104 -0.9966 0.0819 -0.0121 -0.9968 0.0789 -0.0132 -0.9968 0.0791 -0.0165 -0.9969 0.0766 0.0346 -0.8250 0.5641 0.0351 -0.8246 0.5646 0.0356 -0.8242 0.5652 0.0363 0.8235 0.5661 0.0339 0.8254 0.5635 0.0322 0.8270 0.5613 0.0364 0.8234 0.5662 -0.0093 0.9964 0.0847 -0.0093 0.9964 0.0847 0.0320 -0.8272 0.5609 -0.0093 0.9964 0.0846 -0.0125 0.9968 0.0790 -0.0093 0.9964 0.0846 -0.0166 -0.9969 0.0765 -0.0165 -0.9969 0.0765 0.0308 0.8281 0.5597 -0.0146 0.9969 0.0777 0.0317 -0.8275 0.5606 0.0315 -0.8277 0.5604 0.0296 0.8291 0.5582 0.0280 0.8305 0.5563 0.0292 -0.8295 0.5578 0.0271 -0.8311 0.5554 -0.0155 0.9969 0.0772 -0.0198 -0.9970 0.0752 -0.0220 -0.9970 0.0740 -0.0166 -0.9969 0.0765 0.0257 -0.8323 0.5538 0.0258 0.8321 0.5540 0.0242 0.8334 0.5521 0.0224 0.8347 0.5503 0.0270 0.8312 0.5553 -0.0161 0.9969 0.0769 -0.0168 -0.9969 0.0764 -0.0190 -0.9970 0.0754 0.0221 -0.8350 0.5499 0.0240 -0.8335 0.5520 0.0216 -0.8354 0.5493 0.0211 -0.8357 0.5488 -0.0194 0.9970 0.0755 0.0223 0.8347 0.5502 -0.0203 0.9970 0.0751 -0.0224 0.9970 0.0738 -0.0237 -0.9970 0.0732 0.0128 -0.8411 0.5407 0.0161 -0.8389 0.5440 0.0175 -0.8381 0.5453 0.0193 -0.8369 0.5471 0.0199 0.8362 0.5480 -0.0244 0.9970 0.0733 -0.0264 0.9971 0.0719 -0.0254 0.9970 0.0728 -0.0252 -0.9970 0.0726 0.0190 0.8368 0.5471 -0.0271 -0.9971 0.0716 -0.0260 -0.9970 0.0722 0.0123 -0.8414 0.5403 0.0119 -0.8416 0.5399 0.0168 0.8382 0.5451 -0.0268 0.9971 0.0718 -0.0279 0.9970 0.0717 -0.0293 0.9971 0.0708 -0.0282 -0.9971 0.0711 -0.0291 -0.9971 0.0709 0.0104 0.8425 0.5386 0.0151 0.8393 0.5434 0.0135 0.8405 0.5417 0.0109 0.8422 0.5391 -0.0299 -0.9971 0.0706 -0.0313 -0.9971 0.0699 0.0088 -0.8437 0.5367 -0.0303 0.9971 0.0703 0.0102 0.8426 0.5384 -0.0317 0.9971 0.0698 -0.0333 0.9971 0.0690 -0.0367 -0.9970 0.0677 -0.0330 -0.9970 0.0694 0.0078 -0.8444 0.5357 0.0081 0.8438 0.5366 -0.0370 -0.9970 0.0677 -0.0372 -0.9970 0.0676 -0.0375 -0.9970 0.0674 0.0056 -0.8458 0.5335 0.0055 -0.8460 0.5332 0.0050 -0.8462 0.5328 0.0038 -0.8468 0.5319 -0.0334 0.9971 0.0689 0.0041 0.8458 0.5335 0.0070 0.8445 0.5356 0.0052 0.8454 0.5341 0.0063 0.8447 0.5352 -0.0363 0.9970 0.0679 -0.0367 0.9970 0.0678 -0.0370 0.9970 0.0677 -0.0383 0.9970 0.0671 -0.0407 -0.9970 0.0663 0.0021 -0.8478 0.5303 -0.0423 0.9969 0.0660 -0.0412 -0.9970 0.0661 -0.0419 -0.9969 0.0659 -0.0006 0.8488 0.5287 0.0031 0.8465 0.5323 -0.0005 0.8487 0.5288 0.0018 0.8470 0.5316 -0.0443 -0.9969 0.0650 -0.0031 -0.8510 0.5252 -0.0018 -0.8502 0.5265 -0.0003 -0.8491 0.5282 -0.0008 0.8489 0.5285 -0.0024 0.8501 0.5266 -0.0439 0.9969 0.0651 -0.0076 -0.8546 0.5193 -0.0046 -0.8522 0.5232 -0.0071 -0.8542 0.5198 -0.0057 -0.8530 0.5219 -0.0038 0.8513 0.5247 -0.0041 0.8515 0.5244 -0.0459 0.9968 0.0647 -0.0493 0.9968 0.0631 -0.0529 -0.9967 0.0619 -0.0466 -0.9969 0.0641 -0.0484 -0.9968 0.0635 -0.0477 -0.9968 0.0638 -0.0111 -0.8571 0.5150 -0.0079 -0.8549 0.5188 -0.0062 0.8531 0.5216 -0.0043 0.8517 0.5240 -0.0494 0.9968 0.0631 -0.0098 -0.8563 0.5164 -0.0091 -0.8557 0.5173 -0.0075 0.8541 0.5201 -0.0092 0.8555 0.5178 -0.0124 -0.8582 0.5132 -0.0106 0.8566 0.5158 -0.0121 0.8578 0.5138 -0.0494 0.9968 0.0631 -0.0508 -0.9967 0.0627 -0.0141 -0.8595 0.5109 -0.0528 0.9967 0.0623 -0.0520 -0.9967 0.0622 -0.0156 -0.8607 0.5089 -0.0175 -0.8621 0.5064 -0.0167 -0.8615 0.5075 -0.0173 -0.8619 0.5067 -0.0155 0.8605 0.5092 -0.0167 0.8614 0.5077 -0.0136 0.8590 0.5118 -0.0536 0.9967 0.0618 -0.0532 -0.9967 0.0618 -0.0530 -0.9967 0.0618 -0.0220 -0.8654 0.5006 -0.0554 -0.9966 0.0612 -0.0190 -0.8633 0.5044 -0.0183 0.8624 0.5058 -0.0560 0.9966 0.0608 -0.0560 0.9966 0.0608 -0.0561 0.9966 0.0608 -0.0567 -0.9965 0.0609 -0.0588 -0.9965 0.0602 -0.0222 -0.8656 0.5003 -0.0203 -0.8643 0.5026 -0.0191 -0.8634 0.5042 -0.0179 0.8623 0.5061 -0.0229 -0.8661 0.4994 -0.0233 0.8658 0.4999 -0.0232 0.8657 0.5000 -0.0204 0.8636 0.5038 -0.0186 0.8627 0.5054 -0.0258 -0.8681 0.4958 -0.0266 -0.8686 0.4947 -0.0291 -0.8705 0.4914 -0.0277 -0.8694 0.4933 -0.0590 0.9965 0.0600 -0.0594 0.9964 0.0599 -0.0609 -0.9964 0.0593 -0.0616 -0.9964 0.0590 -0.0620 -0.9963 0.0588 -0.0234 0.8658 0.4998 -0.0262 0.8677 0.4963 -0.0633 -0.9963 0.0584 -0.0270 0.8686 0.4948 -0.0280 0.8693 0.4935 -0.0630 -0.9963 0.0585 -0.0293 -0.8706 0.4910 -0.0295 0.8704 0.4914 -0.0620 0.9963 0.0590 -0.0634 0.9963 0.0584 -0.0636 -0.9963 0.0583 -0.0311 -0.8718 0.4889 -0.0319 -0.8722 0.4880 -0.0325 -0.8727 0.4872 -0.0372 -0.8758 0.4813 -0.0309 0.8714 0.4897 -0.0653 0.9962 0.0579 -0.0657 -0.9962 0.0580 -0.0668 -0.9961 0.0573 -0.0686 -0.9960 0.0568 -0.0377 -0.8761 0.4807 -0.0327 0.8726 0.4873 -0.0338 0.8734 0.4859 -0.0352 0.8743 0.4842 -0.0657 0.9962 0.0579 -0.0661 0.9961 0.0579 -0.0697 0.9960 0.0564 -0.0693 -0.9960 0.0566 -0.0710 0.9959 0.0561 -0.0698 -0.9960 0.0564 -0.0708 -0.9959 0.0560 -0.0377 -0.8761 0.4806 -0.0373 0.8756 0.4815 -0.0393 0.8771 0.4788 -0.0380 -0.8763 0.4802 -0.0712 0.9959 0.0560 -0.0717 0.9959 0.0558 -0.0415 -0.8786 0.4758 -0.0433 -0.8798 0.4735 -0.0730 -0.9958 0.0554 -0.0424 0.8790 0.4750 -0.0434 0.8795 0.4739 -0.0451 0.8805 0.4718 -0.0399 0.8774 0.4781 -0.0405 0.8779 0.4772 -0.0741 0.9957 0.0553 -0.0439 -0.8801 0.4727 -0.0467 -0.8817 0.4694 -0.0761 0.9956 0.0544 -0.0752 -0.9957 0.0548 -0.0468 0.8815 0.4698 -0.0500 0.8836 0.4655 -0.0474 -0.8822 0.4686 -0.0484 -0.8827 0.4674 -0.0505 0.8840 0.4648 -0.0506 0.8840 0.4647 -0.0508 0.8841 0.4645 -0.0512 0.8843 0.4640 -0.0762 0.9956 0.0544 -0.0768 0.9956 0.0542 -0.0762 -0.9956 0.0544 -0.0784 -0.9955 0.0538 -0.0785 0.9955 0.0538 -0.0519 -0.8847 0.4632 -0.0546 -0.8864 0.4598 -0.0788 0.9954 0.0537 -0.0788 -0.9955 0.0536 -0.0792 -0.9954 0.0535 -0.0812 -0.9953 0.0530 -0.0537 0.8858 0.4609 -0.0555 0.8869 0.4586 -0.0805 0.9953 0.0531 -0.0816 -0.9953 0.0528 -0.0820 -0.9952 0.0528 -0.0826 -0.9952 0.0526 -0.0550 -0.8866 0.4592 -0.0579 -0.8882 0.4558 -0.0587 -0.8886 0.4548 -0.0578 0.8881 0.4559 -0.0593 0.8888 0.4544 -0.0559 0.8871 0.4582 -0.0566 0.8875 0.4573 -0.0814 0.9953 0.0530 -0.0619 -0.8904 0.4510 -0.0815 0.9953 0.0530 -0.0819 0.9952 0.0528 -0.0840 0.9951 0.0526 -0.0855 0.9950 0.0521 -0.0620 -0.8904 0.4509 -0.0621 -0.8905 0.4508 -0.0855 -0.9950 0.0521 -0.0868 -0.9949 0.0516 -0.0841 -0.9951 0.0522 -0.0846 -0.9951 0.0520 -0.0605 0.8894 0.4530 -0.0631 0.8908 0.4499 -0.0866 0.9949 0.0517 -0.0877 -0.9948 0.0513 -0.0886 -0.9948 0.0511 -0.0651 -0.8918 0.4478 -0.0641 0.8914 0.4487 -0.0880 0.9948 0.0517 -0.0897 0.9947 0.0507 -0.0664 -0.8926 0.4460 -0.0684 -0.8936 0.4435 -0.0659 0.8923 0.4467 -0.0920 -0.9945 0.0504 -0.0898 -0.9947 0.0508 -0.0910 -0.9946 0.0504 -0.0681 0.8934 0.4440 -0.0898 0.9947 0.0506 -0.0898 0.9947 0.0506 -0.0686 -0.8937 0.4433 -0.0688 -0.8939 0.4430 -0.0712 -0.8949 0.4405 -0.0689 0.8938 0.4432 -0.0685 0.8936 0.4437 -0.0927 -0.9944 0.0501 -0.0942 -0.9943 0.0497 -0.0710 0.8947 0.4410 -0.0728 0.8955 0.4390 -0.0732 -0.8959 0.4382 -0.0732 0.8958 0.4384 -0.0736 0.8960 0.4380 -0.0734 0.8959 0.4381 -0.0913 0.9945 0.0504 -0.0919 0.9945 0.0504 -0.0740 -0.8962 0.4374 -0.0744 -0.8964 0.4369 -0.0760 0.8970 0.4355 -0.0930 0.9944 0.0501 -0.0943 0.9943 0.0498 -0.0950 -0.9942 0.0496 -0.0958 -0.9942 0.0494 -0.0770 -0.8975 0.4342 -0.0779 -0.8978 0.4334 -0.0774 -0.8976 0.4339 -0.0798 -0.8985 0.4317 -0.0765 0.8972 0.4350 -0.0767 0.8972 0.4348 -0.0778 0.8977 0.4337 -0.0946 0.9943 0.0499 -0.0845 -0.9001 0.4275 -0.0790 -0.8983 0.4323 -0.0818 -0.8992 0.4298 -0.0969 0.9941 0.0493 -0.0970 0.9941 0.0493 -0.0792 0.8982 0.4323 -0.0800 0.8985 0.4316 -0.0976 -0.9940 0.0494 -0.0984 -0.9939 0.0492 -0.0997 -0.9938 0.0490 -0.0835 -0.8998 0.4283 -0.0819 -0.8993 0.4297 -0.0815 0.8990 0.4302 -0.0835 0.8998 0.4283 -0.0987 0.9939 0.0491 -0.1003 0.9937 0.0490 -0.0845 -0.9001 0.4274 -0.0863 -0.9006 0.4259 -0.0835 0.8998 0.4283 -0.1011 -0.9937 0.0489 -0.1023 -0.9936 0.0487 -0.0835 0.8998 0.4283 -0.0836 0.8998 0.4282 -0.0861 0.9005 0.4263 -0.0862 0.9005 0.4262 -0.0865 0.9006 0.4259 -0.1009 0.9937 0.0490 -0.1006 0.9937 0.0489 -0.1032 -0.9935 0.0485 -0.1041 -0.9934 0.0485 -0.0879 -0.9011 0.4247 -0.0878 -0.9011 0.4247 -0.0880 -0.9011 0.4246 -0.0890 0.9012 0.4241 -0.1041 0.9934 0.0487 -0.0913 -0.9018 0.4224 -0.0906 0.9017 0.4227 -0.1048 0.9933 0.0488 -0.1056 0.9932 0.0485 -0.1046 -0.9933 0.0484 -0.1049 -0.9933 0.0484 -0.0915 0.9019 0.4221 -0.0919 0.9021 0.4217 -0.1070 -0.9931 0.0483 -0.1079 -0.9930 0.0485 -0.1092 -0.9928 0.0483 -0.0935 -0.9024 0.4206 -0.0946 -0.9026 0.4199 -0.1075 0.9930 0.0484 -0.0979 -0.9033 0.4177 -0.0946 0.9025 0.4201 -0.0939 0.9025 0.4204 -0.0950 0.9026 0.4198 -0.0957 0.9027 0.4194 -0.1089 0.9929 0.0485 -0.1099 0.9928 0.0483 -0.1112 0.9926 0.0480 -0.1118 -0.9925 0.0485 -0.0990 -0.9035 0.4169 -0.0983 -0.9034 0.4174 -0.0986 -0.9034 0.4172 -0.1010 -0.9038 0.4158 -0.0982 0.9032 0.4177 -0.1114 0.9926 0.0480 -0.1141 -0.9923 0.0481 -0.1013 -0.9039 0.4156 -0.0997 0.9035 0.4168 -0.1129 0.9925 0.0480 -0.1145 -0.9923 0.0480 -0.1153 -0.9922 0.0480 -0.1016 -0.9039 0.4154 -0.1003 0.9036 0.4165 -0.1035 0.9040 0.4147 -0.1132 0.9924 0.0480 -0.1038 -0.9042 0.4144 -0.1067 -0.9045 0.4129 -0.1036 0.9040 0.4147 -0.1037 0.9041 0.4146 -0.1148 0.9922 0.0488 -0.1172 0.9919 0.0481 -0.1178 0.9919 0.0481 -0.1164 -0.9920 0.0480 -0.1078 -0.9046 0.4125 -0.1088 -0.9047 0.4119 -0.1076 0.9045 0.4126 -0.1183 0.9918 0.0480 -0.1176 -0.9919 0.0480 -0.1196 -0.9917 0.0481 -0.1089 0.9048 0.4117 -0.1131 -0.9052 0.4096 -0.1102 0.9050 0.4110 -0.1113 0.9050 0.4106 -0.1132 0.9052 0.4096 -0.1213 -0.9915 0.0482 -0.1164 -0.9055 0.4081 -0.1206 0.9915 0.0484 -0.1226 -0.9913 0.0482 -0.1138 -0.9053 0.4093 -0.1145 0.9053 0.4090 -0.1220 0.9914 0.0481 -0.1193 -0.9057 0.4069 -0.1156 0.9054 0.4085 -0.1150 0.9054 0.4087 -0.1178 0.9055 0.4077 -0.1239 0.9911 0.0483 -0.1255 0.9909 0.0484 -0.1227 0.9913 0.0481 -0.1249 -0.9910 0.0481 -0.1261 -0.9908 0.0482 -0.1212 -0.9057 0.4061 -0.1240 -0.9060 0.4048 -0.1224 -0.9058 0.4056 -0.1194 0.9056 0.4070 -0.1210 0.9057 0.4063 -0.1268 0.9907 0.0488 -0.1279 -0.9906 0.0485 -0.1304 -0.9903 0.0483 -0.1294 0.9904 0.0483 -0.1309 -0.9902 0.0483 -0.1335 -0.9899 0.0484 -0.1337 -0.9898 0.0484 -0.1379 -0.9892 0.0488 -0.1313 -0.9902 0.0483 -0.1245 -0.9060 0.4046 -0.1220 0.9058 0.4057 -0.1227 0.9059 0.4053 -0.1231 0.9059 0.4053 -0.1304 0.9903 0.0485 -0.1316 0.9901 0.0484 -0.1261 -0.9060 0.4040 -0.1240 0.9058 0.4051 -0.1265 0.9058 0.4043 -0.1332 -0.9899 0.0484 -0.1277 -0.9061 0.4034 -0.1279 0.9058 0.4039 -0.1296 0.9059 0.4031 -0.1335 0.9899 0.0486 -0.1288 -0.9061 0.4030 -0.1384 -0.9892 0.0488 -0.1339 -0.9898 0.0484 -0.1374 -0.9893 0.0487 -0.1384 -0.9060 0.4000 -0.1418 -0.9063 0.3981 -0.1315 -0.9061 0.4022 -0.1319 0.9060 0.4023 -0.1308 0.9060 0.4025 -0.1353 0.9061 0.4009 -0.1347 0.9897 0.0487 -0.1365 0.9894 0.0487 -0.1388 0.9891 0.0489 -0.1393 -0.9891 0.0488 -0.1324 -0.9061 0.4019 -0.1352 -0.9061 0.4010 -0.1330 -0.9060 0.4018 -0.1356 0.9061 0.4008 -0.1358 0.9061 0.4007 -0.1399 0.9889 0.0491 -0.1424 -0.9886 0.0491 -0.1408 0.9888 0.0492 -0.1456 0.9881 0.0496 -0.1435 -0.9884 0.0493 -0.1447 -0.9882 0.0495 -0.1422 -0.9063 0.3979 -0.1429 -0.9065 0.3974 -0.1396 0.9060 0.3997 -0.1406 0.9060 0.3994 -0.1422 0.9063 0.3979 -0.1460 0.9880 0.0496 -0.1465 0.9880 0.0497 -0.1498 -0.9874 0.0506 -0.1500 -0.9874 0.0506 -0.1506 -0.9873 0.0508 -0.1455 -0.9070 0.3952 -0.1487 -0.9077 0.3924 -0.1443 0.9067 0.3964 -0.1465 0.9072 0.3943 -0.1490 0.9875 0.0504 -0.1515 0.9871 0.0512 -0.1523 0.9870 0.0515 -0.1533 0.9868 0.0518 -0.1544 -0.9866 0.0522 -0.1560 -0.9863 0.0527 -0.1507 -0.9082 0.3905 -0.1474 0.9074 0.3936 -0.1484 0.9076 0.3926 -0.1500 0.9079 0.3914 -0.1515 0.9083 0.3899 -0.1564 0.9863 0.0531 -0.1585 0.9859 0.0534 -0.1539 -0.9089 0.3875 -0.1549 -0.9092 0.3865 -0.1529 0.9085 0.3888 -0.1557 0.9093 0.3860 -0.1534 0.9087 0.3881 -0.1555 0.9093 0.3861 -0.1589 -0.9858 0.0537 -0.1612 -0.9106 0.3805 -0.1570 -0.9096 0.3846 -0.1580 -0.9099 0.3837 -0.1561 0.9094 0.3856 -0.1582 0.9099 0.3834 -0.1563 0.9095 0.3853 -0.1602 -0.9856 0.0542 -0.1610 -0.9854 0.0547 -0.1610 -0.9106 0.3807 -0.1581 0.9099 0.3835 -0.1585 0.9859 0.0534 -0.1586 0.9859 0.0535 -0.1604 0.9856 0.0543 -0.1631 -0.9111 0.3785 -0.1618 -0.9108 0.3799 -0.1586 0.9100 0.3831 -0.1610 0.9854 0.0547 -0.1619 0.9853 0.0550 -0.1647 0.9848 0.0559 -0.1655 -0.9846 0.0564 -0.1643 -0.9113 0.3776 -0.1607 0.9103 0.3814 -0.1625 0.9109 0.3793 -0.1631 -0.9111 0.3785 -0.1637 -0.9112 0.3780 -0.1655 0.9116 0.3763 -0.1653 0.9847 0.0562 -0.1656 0.9846 0.0563 -0.1631 0.9110 0.3787 -0.1644 0.9113 0.3774 -0.1665 -0.9844 0.0570 -0.1673 -0.9842 0.0573 -0.1701 -0.9837 0.0585 -0.1652 -0.9115 0.3766 -0.1657 0.9117 0.3761 -0.1665 0.9119 0.3752 -0.1677 0.9842 0.0574 -0.1693 -0.9124 0.3725 -0.1688 0.9839 0.0581 -0.1686 0.9840 0.0578 -0.1683 0.9840 0.0578 -0.1722 -0.9832 0.0597 -0.1725 -0.9832 0.0597 -0.1729 -0.9831 0.0600 -0.1704 -0.9127 0.3713 -0.1714 -0.9131 0.3701 -0.1678 0.9122 0.3739 -0.1681 0.9122 0.3736 -0.1685 0.9123 0.3731 -0.1715 0.9834 0.0597 -0.1702 0.9128 0.3713 -0.1732 0.9830 0.0604 -0.1704 0.9128 0.3711 -0.1708 0.9129 0.3707 -0.1745 0.9828 0.0608 -0.1745 0.9828 0.0611 -0.1751 0.9827 0.0611 -0.1742 -0.9138 0.3668 -0.1744 -0.9139 0.3665 -0.1746 -0.9140 0.3663 -0.1758 -0.9143 0.3650 -0.1728 0.9133 0.3689 -0.1742 0.9138 0.3670 -0.1756 0.9825 0.0614 -0.1768 0.9823 0.0624 -0.1780 0.9820 0.0631 -0.1764 -0.9824 0.0620 -0.1767 -0.9823 0.0621 -0.1774 -0.9821 0.0625 -0.1749 0.9139 0.3662 -0.1775 -0.9147 0.3630 -0.1769 0.9145 0.3639 -0.1779 -0.9148 0.3627 -0.1781 -0.9149 0.3624 -0.1788 -0.9150 0.3616 -0.1771 0.9145 0.3637 -0.1773 0.9146 0.3634 -0.1794 -0.9817 0.0641 -0.1801 -0.9815 0.0645 -0.1797 0.9152 0.3607 -0.1791 0.9818 0.0638 -0.1803 0.9815 0.0644 -0.1819 -0.9157 0.3582 -0.1800 -0.9153 0.3602 -0.1799 0.9153 0.3605 -0.1814 0.9156 0.3588 -0.1818 0.9811 0.0657 -0.1804 0.9815 0.0645 -0.1821 -0.9811 0.0659 -0.1832 -0.9808 0.0668 -0.1811 -0.9156 0.3590 -0.1818 0.9157 0.3583 -0.1826 0.9159 0.3575 -0.1815 0.9812 0.0654 -0.1827 -0.9159 0.3574 -0.1840 -0.9161 0.3561 -0.1832 0.9160 0.3568 -0.1821 0.9811 0.0659 -0.1826 0.9810 0.0663 -0.1842 -0.9806 0.0676 -0.1861 -0.9801 0.0692 -0.1848 -0.9804 0.0680 -0.1844 -0.9162 0.3557 -0.1848 -0.9163 0.3553 -0.1848 0.9163 0.3553 -0.1842 0.9806 0.0676 -0.1850 0.9804 0.0685 -0.1852 0.9164 0.3549 -0.1858 0.9165 0.3542 -0.1854 -0.9803 0.0686 -0.1872 -0.9167 0.3530 -0.1879 -0.9169 0.3521 -0.1888 -0.9171 0.3511 -0.1880 0.9170 0.3519 -0.1866 -0.9800 0.0697 -0.1870 -0.9798 0.0701 -0.1874 0.9797 0.0707 -0.1866 0.9799 0.0698 -0.1882 -0.9795 0.0712 -0.1898 -0.9173 0.3501 -0.1911 -0.9175 0.3488 -0.1885 0.9171 0.3514 -0.1901 0.9173 0.3498 -0.1924 0.9177 0.3476 -0.1884 0.9795 0.0715 -0.1892 -0.9793 0.0722 -0.1918 -0.9176 0.3481 -0.1894 -0.9792 0.0725 -0.1928 -0.9177 0.3473 -0.1925 0.9177 0.3475 -0.1897 0.9791 0.0730 -0.1895 -0.9792 0.0725 -0.1895 -0.9792 0.0726 -0.1941 -0.9179 0.3462 -0.1926 0.9177 0.3474 -0.1929 0.9178 0.3471 -0.1909 -0.9788 0.0744 -0.1954 -0.9182 0.3447 -0.1962 -0.9183 0.3440 -0.1913 -0.9787 0.0749 -0.1919 -0.9785 0.0755 -0.1951 0.9181 0.3449 -0.1964 0.9183 0.3436 -0.1906 0.9789 0.0739 -0.1916 0.9786 0.0750 -0.1929 -0.9782 0.0768 -0.1936 -0.9780 0.0777 -0.1977 -0.9185 0.3425 -0.1980 -0.9185 0.3422 -0.1978 0.9184 0.3425 -0.1993 0.9186 0.3413 -0.1966 0.9184 0.3435 -0.1993 -0.9187 0.3411 -0.2009 -0.9188 0.3397 -0.1967 0.9184 0.3434 -0.1916 0.9786 0.0751 -0.1930 0.9782 0.0772 -0.1939 -0.9779 0.0781 -0.1953 -0.9775 0.0801 -0.1935 0.9780 0.0777 -0.1942 0.9778 0.0787 -0.1954 -0.9774 0.0804 -0.1940 -0.9779 0.0782 -0.2014 -0.9189 0.3393 -0.2031 -0.9190 0.3378 -0.1999 0.9186 0.3408 -0.1950 0.9775 0.0800 -0.1952 -0.9775 0.0800 -0.1955 -0.9774 0.0805 -0.1959 -0.9773 0.0810 -0.2056 -0.9191 0.3361 -0.2018 0.9188 0.3394 -0.2027 0.9189 0.3386 -0.1960 0.9772 0.0811 -0.1973 -0.9768 0.0830 -0.1978 -0.9767 0.0838 -0.1988 -0.9763 0.0853 -0.2041 -0.9191 0.3371 -0.2042 0.9190 0.3373 -0.2046 0.9191 0.3368 -0.2059 -0.9191 0.3358 -0.2058 -0.9191 0.3359 -0.2065 -0.9192 0.3354 -0.2057 0.9192 0.3359 -0.2057 0.9192 0.3359 -0.1960 0.9772 0.0812 -0.2071 0.9192 0.3351 -0.1970 0.9769 0.0829 -0.1977 0.9767 0.0840 -0.2097 -0.9192 0.3334 -0.2111 -0.9192 0.3324 -0.2057 0.9192 0.3359 -0.2076 0.9191 0.3348 -0.2002 0.9758 0.0879 -0.1989 -0.9763 0.0856 -0.2000 -0.9759 0.0873 -0.2012 -0.9755 0.0892 -0.2086 0.9192 0.3341 -0.1987 0.9763 0.0853 -0.1990 0.9762 0.0857 -0.2099 0.9192 0.3333 -0.2106 0.9192 0.3328 -0.2127 -0.9192 0.3315 -0.2122 0.9191 0.3320 -0.2139 0.9191 0.3309 -0.2011 0.9755 0.0892 -0.2019 -0.9752 0.0903 -0.2032 -0.9748 0.0924 -0.2037 -0.9746 0.0932 -0.2047 -0.9742 0.0948 -0.2139 -0.9192 0.3308 -0.2160 -0.9191 0.3296 -0.2173 -0.9190 0.3289 -0.2142 0.9191 0.3307 -0.2145 0.9191 0.3307 -0.2018 0.9753 0.0900 -0.2024 0.9751 0.0910 -0.2028 0.9749 0.0916 -0.2039 0.9745 0.0933 -0.2169 0.9190 0.3292 -0.2173 0.9190 0.3290 -0.2039 0.9745 0.0934 -0.2050 0.9741 0.0952 -0.2056 -0.9739 0.0962 -0.2192 -0.9188 0.3281 -0.2059 -0.9738 0.0968 -0.2069 -0.9734 0.0984 -0.2206 -0.9187 0.3275 -0.2221 -0.9186 0.3268 -0.2198 0.9188 0.3279 -0.2201 0.9188 0.3276 -0.2206 0.9188 0.3275 -0.2064 0.9736 0.0978 -0.2054 0.9740 0.0959 -0.2073 0.9732 0.0993 -0.2076 -0.9731 0.0996 -0.2079 -0.9730 0.1001 -0.2242 -0.9184 0.3260 -0.2223 0.9186 0.3267 -0.2091 0.9725 0.1023 -0.2095 0.9724 0.1031 -0.2098 -0.9722 0.1036 -0.2100 -0.9721 0.1041 -0.2259 -0.9183 0.3251 -0.2268 -0.9201 0.3193 -0.2233 0.9185 0.3263 -0.2244 0.9184 0.3259 -0.2251 0.9183 0.3257 -0.2264 0.9200 0.3198 -0.2109 0.9718 0.1059 -0.2110 0.9717 0.1060 -0.2112 0.9716 0.1066 -0.2119 -0.9713 0.1083 -0.2277 -0.9220 0.3132 -0.2280 -0.9227 0.3108 -0.2271 0.9205 0.3180 -0.2123 -0.9711 0.1091 -0.2124 -0.9710 0.1094 -0.2127 -0.9709 0.1102 -0.2274 0.9210 0.3162 -0.2277 0.9218 0.3137 -0.2120 0.9713 0.1083 -0.2128 0.9708 0.1104 -0.2284 0.9237 0.3075 -0.2129 0.9708 0.1106 -0.2140 0.9702 0.1137 -0.2286 -0.9241 0.3061 -0.2290 -0.9263 0.2994 -0.2137 -0.9704 0.1129 -0.2144 -0.9699 0.1152 -0.2293 -0.9275 0.2952 -0.2294 -0.9291 0.2902 -0.2286 0.9243 0.3055 -0.2289 0.9256 0.3014 -0.2146 -0.9698 0.1159 -0.2140 0.9702 0.1139 -0.2141 0.9701 0.1142 -0.2149 0.9696 0.1170 -0.2152 0.9694 0.1184 -0.2158 0.9689 0.1213 -0.2152 -0.9694 0.1184 -0.2156 -0.9691 0.1201 -0.2293 0.9274 0.2954 -0.2293 0.9277 0.2945 -0.2293 0.9280 0.2936 -0.2294 -0.9305 0.2856 -0.2157 -0.9690 0.1207 -0.2293 -0.9321 0.2803 -0.2293 0.9320 0.2806 -0.2295 0.9297 0.2880 -0.2293 0.9314 0.2827 -0.2160 -0.9687 0.1226 -0.2162 -0.9684 0.1241 -0.2164 -0.9682 0.1258 -0.2292 -0.9325 0.2791 -0.2291 -0.9332 0.2770 -0.2159 0.9688 0.1220 -0.2160 0.9687 0.1224 -0.2293 0.9322 0.2800 -0.2292 0.9327 0.2784 -0.2162 0.9684 0.1246 -0.2165 -0.9678 0.1287 -0.2289 -0.9340 0.2742 -0.2286 -0.9352 0.2706 -0.2280 -0.9367 0.2658 -0.2286 0.9351 0.2708 -0.2282 0.9360 0.2678 -0.2164 0.9680 0.1268 -0.2164 0.9679 0.1277 -0.2164 -0.9681 0.1265 -0.2165 -0.9676 0.1301 -0.2165 -0.9675 0.1304 -0.2165 -0.9674 0.1316 -0.2165 -0.9674 0.1312 -0.2164 -0.9674 0.1318 -0.2163 -0.9671 0.1339 -0.2275 -0.9378 0.2623 -0.2277 0.9374 0.2637 -0.2165 0.9675 0.1310 -0.2162 -0.9671 0.1343 -0.2161 -0.9670 0.1353 -0.2255 -0.9411 0.2520 -0.2268 0.9390 0.2586 -0.2162 0.9671 0.1339 -0.2161 0.9669 0.1354 -0.2159 -0.9668 0.1363 -0.2252 -0.9416 0.2504 -0.2257 0.9407 0.2532 -0.2248 0.9421 0.2489 -0.2242 0.9429 0.2464 -0.2229 0.9445 0.2415 -0.2157 -0.9668 0.1373 -0.2252 -0.9417 0.2501 -0.2250 -0.9418 0.2497 -0.2249 -0.9420 0.2491 -0.2155 -0.9666 0.1384 -0.2151 -0.9665 0.1400 -0.2228 -0.9446 0.2411 -0.2158 0.9668 0.1371 -0.2148 -0.9664 0.1410 -0.2146 -0.9664 0.1417 -0.2231 -0.9443 0.2420 -0.2153 0.9666 0.1393 -0.2149 0.9664 0.1409 -0.2140 -0.9662 0.1434 -0.2222 -0.9453 0.2388 -0.2143 0.9663 0.1426 -0.2141 0.9663 0.1431 -0.2142 -0.9663 0.1430 -0.2206 -0.9470 0.2335 -0.2222 0.9453 0.2389 -0.2199 0.9478 0.2310 -0.2140 -0.9662 0.1435 -0.2139 -0.9662 0.1440 -0.2203 -0.9474 0.2323 -0.2198 -0.9479 0.2305 -0.2139 0.9662 0.1437 -0.2133 0.9660 0.1458 -0.2128 -0.9659 0.1474 -0.2127 -0.9659 0.1478 -0.2125 -0.9657 0.1492 -0.2186 -0.9492 0.2264 -0.2195 0.9482 0.2297 -0.2132 0.9660 0.1461 -0.2175 -0.9505 0.2218 -0.2192 0.9485 0.2285 -0.2132 0.9660 0.1462 -0.2130 0.9660 0.1467 -0.2121 -0.9654 0.1520 -0.2121 -0.9653 0.1526 -0.2122 -0.9650 0.1538 -0.2166 -0.9518 0.2172 -0.2175 -0.9505 0.2218 -0.2181 0.9498 0.2244 -0.2169 0.9512 0.2194 -0.2174 0.9506 0.2215 -0.2158 -0.9535 0.2104 -0.2163 0.9524 0.2148 -0.2123 0.9657 0.1497 -0.2122 0.9656 0.1506 -0.2122 0.9654 0.1515 -0.2155 -0.9541 0.2080 -0.2154 -0.9543 0.2069 -0.2155 -0.9549 0.2044 -0.2156 0.9537 0.2096 -0.2155 0.9547 0.2052 -0.2155 0.9540 0.2082 -0.2121 0.9651 0.1536 -0.2123 0.9649 0.1543 -0.2153 0.9557 0.2005 -0.2156 0.9562 0.1980 -0.2126 0.9646 0.1559 -0.2125 -0.9647 0.1556 -0.2124 -0.9648 0.1550 -0.2135 -0.9641 0.1581 -0.2127 0.9645 0.1564 -0.2129 0.9644 0.1568 -0.2137 -0.9639 0.1590 -0.2140 -0.9636 0.1600 -0.2155 -0.9560 0.1990 -0.2151 -0.9630 0.1625 -0.2164 -0.9597 0.1794 -0.2159 -0.9618 0.1680 -0.2157 -0.9570 0.1941 -0.2164 -0.9587 0.1845 -0.2158 0.9568 0.1949 -0.2138 0.9639 0.1588 -0.2141 0.9637 0.1592 -0.2152 0.9624 0.1658 -0.2160 0.9572 0.1924 -0.2161 0.9595 0.1808 -0.2161 0.9615 0.1696 -0.2164 0.9604 0.1754 -0.2156 0.9621 0.1671</float_array>
          <technique_common><accessor source="#canopy-nrm-array" count="9911" stride="3">
            <param name="X" type="float"/><param name="Y" type="float"/><param name="Z" type="float"/>
          </accessor></technique_common>
        </source>
        <vertices id="canopy-vtx">
          <input semantic="POSITION" source="#canopy-pos"/>
          <input semantic="NORMAL" source="#canopy-nrm"/>
        </vertices>
        <triangles material="canopy-mat" count="18201">
          <input semantic="VERTEX" source="#canopy-vtx" offset="0"/>
          <p>24 8370 8315 8314 5 24 8314 24 8315 5 8314 8302 5 8302 8346 8 8304 8317 2 8316 8357 16 8327 8305 16 8305 8328 17 8329 8332 17 8332 8333 0 8306 8335 0 8335 8300 0 8300 8311 1 8341 8339 1 8339 8340 23 8368 8301 23 8301 8386 6 8303 8350 6 8347 8303 7 8351 8352 8353 27 7 8353 7 8352 27 8353 8355 8316 2 8 8316 8 8317 32 8375 8377 10 8318 8320 12 8379 8322 8323 13 12 8323 12 8322 8324 14 13 8324 13 8323 14 8324 8325 14 8325 8359 15 8360 8326 8327 16 15 8327 15 8326 8331 62 33 8331 33 8330 8329 17 62 8329 62 8331 8334 18 17 8334 17 8333 18 8334 8307 8306 0 19 8306 19 8308 19 0 38 8313 20 0 8313 0 8311 8312 3 20 8312 20 8313 3 8312 8336 40 8338 8362 8342 4 1 8342 1 8340 43 8344 8364 8368 23 46 8368 46 8369 24 8389 8370 83 24 5 49 83 5 8349 49 5 8349 5 8346 8347 6 25 8347 25 8348 8348 25 49 8348 49 8349 7 25 6 8351 7 6 8351 6 8350 8356 28 27 8356 27 8355 8354 8 28 8354 28 8356 8 8354 8304 28 8 53 53 8 29 29 8 2 9 8371 8358 9 8358 8373 8374 31 9 8374 9 8373 8375 32 31 8375 31 8374 8376 11 32 8376 32 8377 11 8376 8319 8318 10 11 8318 11 8319 11 8321 8378 8321 11 10 8321 10 8320 8379 12 11 8379 11 8378 59 13 14 8361 59 14 8361 14 8359 8360 15 59 8360 59 8361 8330 33 16 8330 16 8328 17 18 62 8309 34 18 8309 18 8307 8310 35 34 8310 34 8309 8308 19 35 8308 35 8310 19 38 36 38 0 67 0 20 67 8337 39 3 8337 3 8336 8338 40 39 8338 39 8337 40 1 41 8341 1 40 8341 40 8362 4 21 1 1 21 41 8343 21 4 8343 4 8342 8344 43 21 8344 21 8343 8363 22 43 8363 43 8364 22 8363 8380 76 8345 8365 76 8382 8345 76 8365 8384 45 8392 8366 46 8367 8369 80 23 81 8388 81 23 8388 23 8386 8387 47 81 8387 81 8388 47 8387 8390 8389 24 47 8389 47 8390 48 24 83 103 25 7 7 27 26 27 104 26 51 104 27 28 51 27 29 2 30 8372 30 2 8372 2 8357 30 9 31 8371 9 30 8371 30 8372 88 31 32 57 11 89 11 12 89 89 12 13 90 59 15 62 18 63 63 18 64 64 18 65 18 34 65 35 19 36 20 39 67 20 3 39 71 39 40 41 21 42 98 21 43 43 22 74 8382 76 75 8382 75 8381 8381 75 22 8381 22 8380 8383 44 76 8383 76 8384 8392 45 78 8392 78 8393 8367 46 45 8367 45 8366 46 23 80 81 47 82 48 82 24 82 47 24 83 82 48 138 83 49 103 138 49 49 25 103 50 84 7 84 103 7 50 26 104 7 26 50 104 84 50 85 52 28 52 51 28 28 53 85 54 85 53 53 29 54 54 29 30 54 30 142 142 30 31 88 86 31 55 56 88 55 32 56 88 32 55 56 11 110 32 11 56 110 11 57 89 13 58 58 13 59 90 15 60 60 16 117 15 16 60 117 33 61 16 33 117 61 33 62 63 61 62 66 64 65 65 34 66 34 35 66 35 36 91 91 36 92 37 93 36 36 93 92 37 38 67 36 38 37 67 93 37 68 93 67 67 39 68 68 39 69 39 94 69 94 39 70 71 72 39 39 72 70 71 41 72 40 41 71 42 73 41 41 73 72 42 21 73 21 98 73 98 43 99 43 74 99 22 75 74 77 8385 8391 8385 77 44 8385 44 8383 78 8395 8393 8395 78 133 8395 133 8397 45 79 78 45 46 80 162 80 135 135 80 81 135 81 136 136 81 82 136 82 83 102 83 138 105 104 51 51 52 85 85 106 51 87 31 86 142 31 87 88 87 86 88 56 108 111 110 57 89 58 113 113 58 114 114 58 115 58 59 115 115 59 90 90 60 116 116 60 117 61 63 118 118 63 64 35 121 66 91 121 35 92 121 91 68 151 93 123 151 68 68 69 123 69 94 123 70 95 94 72 96 70 72 73 96 127 73 98 74 129 99 74 75 129 75 76 100 76 101 100 75 100 101 76 44 77 77 8391 8394 8391 132 8394 133 8400 8397 133 78 160 160 78 79 79 45 80 79 80 162 102 137 83 137 136 83 138 137 102 164 138 103 165 164 103 103 84 165 165 84 139 139 84 104 104 105 139 106 139 105 105 51 106 107 140 85 140 106 85 85 54 107 54 141 107 142 141 54 142 87 171 56 110 111 111 57 112 112 89 113 57 89 112 175 114 115 115 90 175 116 175 90 61 146 117 118 146 61 118 64 119 119 64 181 181 64 120 64 66 120 66 121 120 93 122 92 151 122 93 151 123 152 123 94 124 94 95 124 124 95 125 126 95 70 70 96 126 96 97 191 73 97 96 97 73 191 127 157 73 73 157 191 99 128 98 98 128 127 128 99 192 129 75 130 129 130 159 130 75 101 77 131 76 76 131 101 8400 133 160 8400 160 8403 160 134 197 160 79 134 79 197 134 163 135 223 223 135 136 223 136 198 198 136 137 198 137 138 166 165 139 140 139 106 170 169 140 141 170 140 140 107 141 87 88 143 88 108 143 143 109 144 108 109 143 109 108 144 108 56 144 144 56 111 144 111 145 111 112 173 112 113 173 173 113 114 176 175 116 118 119 179 179 119 180 180 119 181 181 120 147 120 121 148 148 121 149 149 92 183 121 92 149 183 148 149 183 92 150 92 122 150 150 122 151 152 123 187 123 124 187 187 124 153 154 124 125 95 126 125 125 126 155 126 96 189 96 191 156 157 127 158 128 192 127 99 129 192 130 101 131 159 130 131 8398 195 77 8398 77 8394 131 77 195 196 8399 8396 220 8407 8404 8403 160 220 8403 220 8404 220 160 197 197 161 221 79 161 197 161 79 162 162 163 222 162 135 163 198 138 199 199 138 164 224 164 200 164 165 200 225 165 166 168 167 139 167 166 139 168 140 169 139 140 168 203 202 142 202 141 142 142 171 203 172 203 171 171 87 172 172 87 143 172 143 204 143 144 204 204 144 205 205 144 206 144 145 206 173 114 174 174 114 175 176 177 175 177 116 117 176 116 177 234 177 117 234 146 178 117 146 234 146 118 179 179 178 146 182 180 181 181 147 182 147 120 182 120 148 238 238 148 209 209 148 183 150 184 183 150 151 184 184 151 185 185 151 186 151 152 186 186 152 187 153 124 211 124 154 211 125 155 188 154 125 188 155 126 188 126 189 188 189 96 190 96 156 190 156 191 190 191 217 190 191 157 217 157 158 217 127 192 158 192 129 193 192 193 218 193 129 159 131 194 159 132 8399 8398 8399 196 195 8399 195 8398 196 8396 8401 249 220 197 249 197 250 250 197 221 161 162 222 252 223 198 252 198 224 224 198 199 199 164 224 225 224 200 200 165 225 284 225 166 166 167 169 169 284 166 167 168 169 201 169 170 201 141 202 170 141 201 202 227 201 203 227 202 207 205 206 206 145 207 145 111 173 145 173 207 207 173 258 173 174 258 258 174 259 259 174 208 174 175 208 208 175 177 232 177 233 233 177 234 235 178 236 178 179 236 236 179 180 182 120 238 238 288 182 262 238 209 183 262 209 263 262 183 210 263 183 183 184 210 184 185 264 186 187 153 211 186 153 186 211 212 214 211 154 213 214 154 188 215 154 154 215 213 188 189 215 189 190 215 217 158 271 158 192 245 193 159 246 159 194 246 218 193 246 131 195 219 194 131 219 195 196 247 8402 248 196 8402 196 8401 276 8412 8408 8409 277 276 8409 276 8408 8407 220 277 8407 277 8409 277 220 249 161 251 221 251 161 222 222 163 223 222 223 252 280 252 224 282 224 225 253 225 284 226 254 169 254 284 169 226 201 227 169 201 226 255 228 203 228 227 203 255 172 229 203 172 255 230 255 229 230 172 231 229 172 230 172 204 231 231 204 205 231 205 230 230 205 256 205 207 257 208 177 232 232 260 208 233 260 232 316 260 233 234 316 233 235 234 178 236 234 235 236 180 237 180 182 237 237 182 288 210 184 264 239 264 185 185 186 239 212 241 186 186 241 240 212 211 241 211 214 241 214 213 268 213 215 216 215 190 216 217 270 190 217 271 270 271 158 244 158 245 244 245 192 218 272 245 218 194 219 246 195 247 219 196 248 247 248 8402 8405 278 277 249 278 249 279 279 249 250 250 221 279 251 305 304 222 305 251 305 222 252 306 252 280 280 224 307 307 224 282 253 283 225 283 282 225 253 284 283 310 284 254 226 227 285 285 228 255 227 228 285 255 347 285 255 230 349 349 230 256 257 256 205 207 286 257 258 312 207 259 312 258 260 287 259 259 208 260 236 237 319 319 237 320 237 288 320 323 288 261 261 238 323 288 238 261 323 238 262 325 262 263 263 210 264 239 186 265 186 240 265 240 241 265 265 241 266 242 267 241 241 214 242 214 268 242 213 216 268 216 243 268 216 190 269 243 216 269 296 270 271 271 244 334 245 272 244 272 218 273 218 246 273 246 219 274 219 247 301 247 248 275 8406 302 248 8406 248 8405 8412 276 337 8412 337 8413 337 276 338 338 276 277 338 277 403 403 277 278 278 279 303 303 279 221 221 251 303 303 251 304 305 252 306 281 280 307 344 282 308 308 282 283 309 283 284 310 254 345 254 226 345 345 226 285 347 379 285 347 255 311 311 255 349 349 256 350 286 350 256 256 257 286 312 259 313 313 259 287 287 260 314 314 260 315 315 260 316 316 234 317 317 234 318 318 234 319 234 236 319 288 323 321 321 323 322 323 262 355 355 262 324 324 262 325 263 289 325 263 264 289 289 264 239 290 396 239 239 265 290 290 265 291 266 292 265 265 292 291 266 241 292 241 267 292 329 267 242 363 329 242 242 268 363 363 268 293 332 268 269 268 243 269 269 190 294 190 270 294 294 270 295 296 333 270 270 333 295 296 271 297 333 296 297 271 334 297 244 298 299 244 299 334 244 272 298 272 273 300 274 367 246 246 367 273 219 301 274 275 336 247 247 336 301 248 302 275 302 8406 8410 337 8415 8413 278 339 403 373 278 340 340 278 303 404 303 304 404 304 341 304 305 341 306 280 281 281 307 306 306 307 343 307 282 344 344 308 377 308 283 377 377 283 309 309 310 407 309 284 310 379 346 345 345 285 379 349 348 311 382 350 286 286 207 384 384 207 351 351 207 312 386 312 313 313 287 386 314 386 287 317 315 316 319 317 318 320 391 319 320 288 321 323 354 322 355 354 323 325 355 324 326 356 325 325 289 326 326 289 357 289 239 357 357 239 396 290 291 292 290 292 327 327 292 328 267 329 292 292 329 328 363 330 329 363 293 331 293 268 331 331 268 364 332 364 268 269 294 332 295 333 294 299 298 300 298 272 300 273 367 300 367 274 335 274 301 336 275 302 369 336 275 369 8411 371 302 8411 302 8410 371 8411 8414 434 337 372 372 337 338 372 338 403 403 339 436 436 339 373 278 373 339 340 303 404 405 404 341 341 305 306 341 306 405 405 306 375 375 306 342 342 306 376 376 306 343 343 307 344 343 344 406 406 344 377 377 309 407 407 310 441 441 310 378 378 310 345 409 379 347 381 380 347 348 381 347 347 311 348 381 348 349 382 286 384 352 384 351 351 312 352 384 352 312 386 314 353 353 314 315 391 320 413 413 320 392 320 321 392 392 321 449 449 321 322 357 356 326 396 290 358 358 290 418 327 359 290 290 359 418 327 328 359 328 329 359 359 329 360 330 361 329 329 361 360 330 363 362 331 364 363 364 398 363 364 332 425 365 425 294 294 425 332 294 333 365 297 365 333 297 334 365 334 400 365 334 299 400 300 366 299 299 366 401 366 300 367 336 335 274 335 336 368 336 369 368 302 371 369 371 8414 8416 8415 337 434 8415 434 8421 437 436 373 437 373 438 438 373 340 340 374 438 374 340 404 439 405 375 375 342 376 440 406 377 440 377 407 346 441 378 378 345 346 441 346 408 346 379 408 409 347 380 409 380 381 410 381 349 410 350 382 349 350 410 383 410 382 383 382 384 383 384 444 384 312 385 385 312 386 412 386 353 388 479 353 387 388 353 387 315 388 353 315 387 388 317 389 315 317 388 389 319 390 317 319 389 319 391 390 449 413 392 449 322 393 393 354 414 322 354 393 414 355 394 354 355 414 394 355 325 452 394 325 452 325 395 325 356 395 395 356 357 418 359 397 419 359 360 360 361 419 330 362 422 420 361 330 422 420 330 362 363 422 363 398 422 425 460 364 364 460 398 365 399 425 427 399 365 427 365 400 299 401 400 366 464 401 366 367 402 367 335 430 369 371 370 369 370 433 371 8416 8417 434 8422 8419 434 8419 8421 372 469 434 372 403 469 469 403 435 374 471 438 471 374 404 507 471 404 439 375 376 439 376 472 376 343 472 472 343 473 473 343 406 473 406 440 440 407 541 541 407 513 407 441 513 409 514 408 408 379 409 443 409 381 443 381 410 410 515 443 444 384 445 445 384 446 411 446 384 384 385 411 385 386 412 479 385 412 412 353 479 479 388 480 388 389 481 481 389 482 482 389 483 389 390 483 483 390 391 449 393 553 553 393 450 450 393 414 395 416 452 415 416 395 395 357 415 357 416 415 357 396 417 416 357 417 396 358 454 454 358 418 418 397 455 455 397 419 359 419 397 420 419 361 422 398 423 423 398 424 460 424 398 460 425 461 399 426 425 425 426 461 426 399 462 427 400 463 399 427 463 400 428 463 400 401 428 428 401 464 366 402 429 367 430 402 368 432 335 335 432 430 368 369 432 432 369 433 370 371 433 8418 433 371 8418 371 8417 433 8418 8420 8418 468 8420 8422 434 504 8422 504 8427 504 434 469 470 469 435 435 436 470 435 403 436 470 436 537 537 436 437 505 437 438 506 438 471 404 508 507 508 404 405 508 405 439 509 439 472 511 473 440 511 440 541 513 441 474 441 408 514 442 475 409 475 514 409 409 443 442 442 443 515 515 410 516 516 410 476 444 476 383 476 410 383 445 477 444 446 477 445 478 477 446 385 478 446 446 411 385 478 385 517 517 385 479 483 391 447 447 448 483 447 413 448 391 413 447 448 413 449 450 484 553 394 484 450 450 414 394 484 394 451 451 394 452 452 416 486 486 416 487 417 454 416 416 454 453 417 396 454 454 418 455 455 489 454 419 457 455 455 457 456 419 420 457 457 420 459 421 459 420 420 422 421 421 422 527 422 423 493 424 460 496 460 461 496 426 462 461 462 399 463 463 428 499 428 464 499 464 366 533 402 430 429 366 429 534 430 432 431 430 431 501 433 466 432 466 433 467 8424 467 433 8424 433 8420 536 469 576 576 469 470 437 505 537 505 438 506 439 509 508 539 472 510 510 472 473 510 473 511 587 513 474 514 587 474 474 441 514 544 514 475 477 516 476 476 444 477 479 480 517 518 388 481 480 388 518 482 518 481 483 519 482 519 483 550 483 448 550 448 449 552 552 449 553 485 520 451 485 452 520 451 452 485 520 452 486 487 521 486 416 521 487 488 522 416 416 453 488 453 454 488 488 454 524 524 454 489 455 456 490 490 489 455 456 457 490 490 457 491 457 458 491 457 459 458 458 459 492 459 421 492 527 422 607 422 493 607 493 423 494 423 424 494 494 424 495 424 496 495 461 498 496 498 461 497 461 462 497 462 463 531 463 499 531 499 464 500 464 533 532 533 366 534 429 430 534 534 430 501 431 432 501 432 466 465 432 465 535 8423 466 467 8423 467 8424 8426 503 466 8426 466 8423 504 8431 8427 8432 504 536 8432 536 8433 504 469 536 470 537 576 537 505 579 579 505 580 580 505 506 580 506 538 506 507 538 471 507 506 582 508 583 583 508 509 583 509 539 472 539 509 540 511 541 512 513 586 512 541 513 586 513 542 542 513 587 543 587 514 544 475 545 475 442 545 545 442 515 624 588 515 516 624 515 624 516 477 546 477 547 547 477 478 517 591 478 592 591 517 592 517 480 518 482 548 548 482 519 553 484 554 557 520 558 520 486 558 558 486 521 488 524 523 490 525 489 489 525 602 490 491 525 491 458 525 525 458 526 458 492 564 564 562 458 492 421 564 421 527 564 493 494 607 495 496 494 494 496 528 496 498 529 498 497 568 497 462 530 462 531 530 531 499 612 499 500 613 500 464 532 501 432 535 465 466 535 502 535 466 466 503 502 8425 502 503 8425 503 8426 502 8425 8428 504 8432 8431 576 537 577 577 537 579 652 580 538 538 507 652 652 507 582 508 582 507 654 583 539 654 539 584 539 621 584 510 621 539 510 511 540 540 541 585 541 512 586 586 542 587 623 587 543 543 544 623 543 514 544 588 544 545 545 515 588 624 477 589 589 477 546 547 590 546 591 590 547 547 478 591 480 518 593 519 549 548 549 519 550 550 448 551 448 552 551 553 555 552 554 555 553 555 484 556 554 484 555 484 451 556 556 520 557 451 520 556 597 557 558 558 521 597 672 597 521 672 521 559 521 416 559 416 522 559 488 523 599 524 600 523 600 489 602 524 489 600 602 525 560 560 525 561 525 526 561 526 458 562 564 527 565 607 565 527 607 494 566 494 528 567 528 496 567 529 610 496 496 610 567 529 498 568 497 530 568 531 612 530 612 499 613 500 532 613 532 533 569 534 570 533 533 570 571 501 570 534 570 501 572 535 615 501 615 535 573 573 535 574 502 575 535 535 575 574 502 8428 8429 502 8429 8430 8433 536 576 8433 576 8436 647 576 577 578 577 579 649 579 580 581 580 652 653 652 582 653 582 618 582 583 618 620 654 584 510 695 621 695 510 540 585 586 656 585 541 586 656 586 622 622 586 587 623 544 659 659 544 588 590 698 589 589 546 590 625 591 592 593 726 592 592 480 593 594 518 595 593 518 594 518 548 595 595 548 549 595 549 594 594 549 665 665 549 666 666 549 668 549 550 668 550 551 668 551 552 596 596 552 555 627 555 629 555 556 629 629 556 557 672 559 671 559 522 598 522 488 598 598 488 599 599 523 600 599 600 601 601 600 602 560 603 602 560 561 603 561 526 603 526 562 604 562 564 563 562 563 634 563 564 605 564 565 606 607 608 565 607 566 608 566 494 608 567 637 494 494 637 608 637 567 609 568 638 529 568 530 638 530 611 638 611 530 612 612 613 640 613 532 684 532 569 614 571 614 533 533 614 569 614 571 570 501 615 572 570 572 615 574 575 573 573 575 616 8434 575 502 8434 502 8430 646 8441 8440 8439 617 646 8439 646 8440 8436 576 617 8436 617 8439 617 576 646 646 576 647 577 578 648 578 579 649 649 580 581 649 581 651 693 653 618 583 619 693 583 693 618 583 654 619 620 621 655 620 584 621 540 585 656 656 622 657 622 587 657 657 587 623 658 623 659 659 588 722 722 588 660 660 588 661 661 588 624 698 661 624 624 589 698 698 590 767 767 590 662 663 662 590 663 591 625 590 591 663 726 663 625 625 592 726 726 593 664 664 593 700 700 593 665 593 594 665 626 551 596 626 555 628 596 555 626 628 555 627 629 628 627 629 557 630 557 597 630 630 597 737 737 597 672 673 559 674 559 598 674 674 598 599 601 675 599 601 602 631 602 603 631 601 631 632 631 603 632 526 678 603 603 678 632 633 678 526 526 604 633 604 562 633 633 562 634 563 605 634 605 707 634 606 709 564 564 709 605 565 608 606 606 608 635 567 610 609 529 609 610 609 529 682 638 611 639 612 640 641 612 641 611 640 613 642 613 684 643 684 532 614 644 614 570 686 570 615 645 615 573 8437 616 575 8437 575 8435 575 8434 8435 647 577 689 689 577 690 690 577 648 648 649 690 648 578 649 690 649 758 758 649 650 691 649 651 651 652 691 651 581 652 691 652 692 652 653 692 619 763 693 763 619 654 717 763 654 654 620 655 655 621 695 695 656 718 695 540 656 718 656 719 719 656 696 696 656 657 658 696 657 657 623 658 699 698 767 663 767 662 667 727 665 666 667 665 668 667 666 669 551 670 668 551 669 670 626 628 551 626 670 701 628 732 732 628 629 629 630 702 702 630 735 735 630 736 630 737 736 738 672 671 738 559 673 671 559 738 740 599 675 674 599 740 675 601 676 632 677 601 632 678 677 678 633 634 634 707 706 605 709 708 707 605 708 635 709 606 608 636 635 608 637 636 609 679 637 682 680 609 609 680 679 682 529 681 529 638 681 639 683 638 639 611 683 683 611 641 642 641 640 642 613 643 712 642 643 684 614 644 644 685 713 644 570 685 570 686 685 615 645 686 645 573 687 573 616 687 687 616 688 616 8437 8438 8443 688 616 8443 616 8438 8441 646 755 8441 755 8449 755 646 647 755 647 757 757 647 689 650 649 691 692 653 762 762 653 716 653 693 716 717 654 655 717 655 694 694 655 695 766 719 696 721 696 658 658 659 722 829 722 697 697 722 660 697 660 723 660 661 723 723 661 724 724 661 698 698 699 725 767 725 699 767 663 726 769 726 664 700 806 664 727 806 700 700 665 727 727 667 807 667 668 728 668 669 728 669 670 729 729 670 628 732 629 733 733 629 702 737 672 772 772 672 773 773 672 738 675 776 740 740 776 774 675 676 776 676 601 703 601 677 703 677 704 741 677 678 704 704 678 705 634 706 678 707 678 706 708 709 746 709 635 747 711 710 636 636 710 635 636 637 711 637 679 783 680 682 679 681 638 683 785 681 683 683 641 750 788 641 642 643 684 712 644 713 684 684 713 790 685 686 713 713 686 687 645 687 686 8442 687 688 8442 688 8443 8444 715 687 8444 687 8442 755 8450 8449 757 689 758 758 689 690 758 650 759 650 794 759 691 794 650 794 691 761 691 692 762 716 693 762 762 693 763 796 763 717 764 717 765 717 798 765 694 798 717 798 694 695 798 695 718 800 718 719 720 719 766 766 696 801 801 696 721 721 722 801 721 658 722 801 722 829 697 723 802 831 723 724 725 831 724 724 698 725 768 767 726 769 768 726 769 664 806 729 728 669 731 771 729 730 731 729 730 628 731 729 628 730 731 701 732 628 701 731 733 734 732 734 702 735 733 702 734 736 734 735 737 772 736 808 773 738 808 673 739 738 673 808 673 674 739 674 740 739 703 677 741 742 703 741 703 742 743 741 704 742 742 704 743 705 744 704 704 744 743 705 678 744 678 707 744 744 707 853 853 707 780 707 708 780 780 708 746 635 710 747 711 748 710 711 637 748 637 783 748 679 749 784 679 682 749 783 679 784 749 682 681 681 785 749 785 683 750 641 788 750 642 712 788 788 712 751 712 684 751 751 684 790 790 713 752 752 713 753 753 713 687 754 687 714 687 715 714 8450 755 756 8450 756 8451 755 757 756 824 757 758 826 758 759 761 762 794 761 691 762 794 762 795 717 764 796 718 799 798 799 718 800 800 719 720 720 766 800 800 766 828 907 766 801 829 697 802 802 723 880 880 723 803 803 723 831 831 725 804 804 725 767 767 768 805 806 727 835 835 727 807 770 910 807 807 667 770 770 728 771 667 728 770 728 729 771 771 731 837 731 732 838 838 732 734 839 734 840 840 734 841 734 736 841 736 772 842 739 740 774 774 775 739 774 776 775 777 846 776 776 676 777 777 676 847 676 703 847 743 778 703 779 778 743 743 744 779 744 745 779 744 853 745 780 746 781 709 782 746 709 747 782 747 710 783 783 710 748 786 749 785 750 787 785 787 750 788 751 789 788 789 751 820 751 790 791 790 752 792 687 754 753 752 753 793 714 715 754 8445 754 715 8445 715 8444 754 8445 8447 756 824 823 757 824 756 824 758 826 826 759 760 826 760 902 760 759 794 902 760 794 869 794 870 870 794 795 762 796 870 762 870 795 762 763 796 796 797 872 796 764 797 764 872 797 764 765 798 905 798 799 874 799 800 874 800 828 828 766 907 877 907 801 877 801 829 879 829 802 879 802 880 830 803 831 883 831 804 805 883 804 804 767 805 883 805 768 768 769 833 834 769 806 910 835 807 910 770 836 836 770 912 770 771 912 838 734 913 913 734 957 957 734 839 842 772 960 960 772 886 772 773 886 886 773 808 808 739 844 844 739 775 845 775 918 918 775 846 775 776 846 847 703 809 703 778 809 779 849 778 850 849 779 810 850 779 779 745 810 810 745 811 745 853 812 780 781 854 781 746 854 854 746 813 782 891 746 746 891 813 782 747 891 814 857 747 747 857 891 814 747 783 783 815 814 783 784 815 786 785 860 786 860 749 749 860 784 785 816 860 785 787 861 788 789 817 788 817 818 788 818 787 789 820 819 820 751 791 791 790 821 821 790 792 792 752 822 822 752 793 753 754 793 793 754 866 8454 866 754 8454 754 8446 754 8448 8446 754 8447 8448 756 8452 8451 867 756 823 825 826 900 825 824 826 900 826 827 868 826 902 794 869 902 870 871 943 796 871 870 871 796 872 764 873 872 873 764 798 873 798 905 905 799 906 906 799 874 876 874 828 877 829 908 908 829 878 881 880 830 880 803 830 881 830 831 882 831 883 883 768 832 832 768 833 884 833 769 769 834 995 834 806 835 837 885 771 885 912 771 838 837 731 913 837 838 841 839 840 736 842 841 886 808 843 843 808 844 844 775 845 920 777 847 809 848 847 809 778 848 778 849 848 810 811 889 811 745 889 889 745 851 812 852 745 745 852 851 812 853 852 853 780 924 852 853 924 780 854 924 813 891 854 854 891 856 815 858 814 815 784 858 814 858 926 859 926 784 784 926 858 859 784 860 785 861 816 861 787 818 895 861 818 817 789 819 897 817 819 791 821 820 819 820 864 792 822 821 793 866 822 866 8454 8455 756 8453 8452 8453 756 867 8453 867 8457 867 823 824 824 825 867 827 868 900 868 827 826 941 869 903 869 870 903 871 872 904 875 874 876 876 828 907 878 879 947 878 829 879 947 879 909 909 879 880 880 881 909 881 831 948 948 831 882 949 882 883 883 832 884 884 832 833 995 951 884 884 769 995 834 835 910 911 910 836 912 911 836 999 912 885 885 837 999 957 839 958 839 841 914 886 843 1043 1043 843 915 843 844 915 844 845 915 915 845 916 845 918 916 846 919 918 919 777 920 846 777 919 920 847 887 847 848 887 887 848 967 849 888 848 849 850 888 850 810 888 851 852 889 889 852 970 854 855 924 855 854 890 854 856 890 856 891 890 891 974 890 891 857 892 974 891 892 814 892 857 814 926 892 860 930 859 930 926 859 860 929 930 816 861 860 929 860 894 860 861 862 931 860 862 861 895 862 818 817 895 895 817 863 933 895 863 817 897 863 897 819 864 935 897 864 820 821 864 864 821 865 821 822 865 865 822 866 866 8455 8456 867 8458 8457 867 8459 8458 899 867 825 825 900 868 940 868 901 901 902 985 901 868 902 985 902 941 869 941 902 903 870 986 986 870 942 870 943 942 943 871 904 904 872 987 987 872 988 872 944 988 873 944 872 944 873 905 874 945 906 945 874 875 945 875 989 875 876 907 989 875 907 907 877 908 991 908 946 908 878 947 947 909 993 909 881 993 993 881 948 948 882 949 949 883 950 950 883 884 951 994 884 995 834 952 952 834 910 953 997 910 911 953 910 911 912 954 914 958 839 841 959 914 842 959 841 960 959 842 960 886 1001 1043 1001 886 915 916 917 917 916 918 961 918 919 963 919 1003 1003 919 920 887 966 920 967 966 887 848 888 967 967 888 921 968 810 922 888 810 968 810 889 922 970 852 923 852 924 923 924 855 972 892 925 974 892 926 927 925 892 927 926 928 893 926 930 928 1015 929 894 860 931 894 862 895 931 931 895 896 978 931 896 895 933 896 863 897 933 933 897 898 980 933 898 897 935 898 864 936 983 864 865 936 865 937 938 865 866 937 8460 937 866 8460 866 8456 8459 867 899 8459 899 8462 8462 899 1023 8462 1023 8470 939 899 825 939 825 1027 825 940 1027 868 940 825 940 901 985 1028 941 986 903 986 941 904 987 943 905 1032 944 1032 905 906 1032 906 945 989 991 990 907 991 989 991 907 908 946 947 991 946 908 947 991 947 992 1035 948 949 950 884 994 996 995 952 997 996 952 952 910 997 999 998 912 998 954 912 955 956 999 955 837 956 999 837 955 956 913 957 837 913 956 958 1000 957 959 1000 958 958 914 959 917 962 915 915 962 1047 962 918 961 917 918 962 963 962 961 961 919 963 1003 920 964 920 966 964 964 966 965 921 1006 967 968 1006 921 921 888 968 922 969 968 968 969 1007 922 889 969 889 970 969 923 924 1009 970 923 1009 1009 924 971 972 1010 924 924 1010 971 972 855 973 1010 972 973 855 890 974 1011 974 925 927 926 975 927 975 925 926 893 975 893 928 975 928 930 929 1014 928 929 929 1015 1014 894 931 1015 1015 931 932 1016 1015 932 931 978 932 896 933 978 978 933 934 1018 978 934 933 980 934 898 935 980 980 935 982 935 864 982 982 864 983 936 865 983 983 865 984 984 865 938 8461 938 937 8461 937 8460 938 8461 8463 1023 8471 8470 939 1027 899 1027 940 985 941 1028 985 1068 986 1029 986 1030 1029 942 1030 986 1030 942 943 1030 943 987 1030 987 1070 987 988 1070 988 944 1032 945 1072 1032 1072 945 989 1073 989 1033 1033 989 990 990 991 1074 1074 991 1034 1034 991 992 992 947 993 1076 993 1035 993 948 1035 1107 949 950 950 994 1107 994 951 1078 1078 951 995 995 996 1036 1036 996 997 953 911 1037 1037 911 954 1038 1037 954 998 1038 954 999 1038 998 1038 999 1039 999 956 1039 1039 956 1149 956 957 1149 1149 957 1081 957 1000 1081 1081 1000 1040 1000 959 1041 1041 959 1084 1084 959 1042 959 960 1042 1042 960 1001 1044 1043 1045 1043 915 1045 1045 915 1046 1046 915 1047 1048 962 1085 1085 962 1002 962 963 1002 1002 963 1003 964 965 1004 1004 1087 964 965 966 1004 966 967 1004 967 1006 1004 1050 1006 968 1007 1050 968 1007 969 1051 969 1008 1051 1008 969 1053 969 970 1053 1053 970 1009 971 1010 1009 925 975 1011 975 976 1011 975 928 976 976 928 1013 928 1014 1013 1060 1015 977 1015 1016 977 932 978 1016 1016 978 979 1061 1016 979 978 1018 979 934 980 1018 1018 980 981 1063 1018 981 982 981 980 981 982 1020 1021 982 983 983 984 1022 8467 984 938 8467 938 8466 938 8463 8464 938 8464 8465 1023 8472 8471 1023 1025 1026 1023 899 1025 1025 899 1026 1026 899 1027 1065 1027 1066 1027 1067 1066 985 1067 1027 1067 985 1028 1067 1028 1068 986 1068 1028 988 1031 1070 988 1032 1031 1031 1032 1071 989 1073 1072 1075 1074 1034 1034 992 993 1034 993 1076 1105 1035 949 1107 994 1108 1108 994 1077 994 1078 1077 1078 995 1036 953 1037 1080 1041 1040 1000 1084 1083 1041 1150 1084 1042 1150 1001 1043 1042 1001 1150 1044 1150 1043 1047 1045 1046 1047 962 1048 1002 1003 1159 1159 1003 964 1086 964 1087 1087 1004 1088 1005 1049 1004 1004 1049 1088 1005 1006 1049 1004 1006 1005 1049 1006 1050 1007 1089 1050 1089 1007 1051 1008 1053 1052 1053 1009 1054 1009 1090 1054 1090 1009 1055 1009 1010 1055 974 1011 1056 974 1056 1057 974 1057 855 855 1057 973 1012 1092 1011 1011 1092 1056 1011 976 1012 1012 976 1093 1013 1093 976 1014 1015 1125 1014 1125 1013 1015 1058 1125 977 1016 1060 1015 1060 1059 1060 1016 1017 1016 1061 1017 979 1018 1061 1061 1018 1019 1096 1061 1019 1018 1063 1019 1063 981 1020 1064 1063 1020 1021 1064 982 982 1064 1020 983 1022 1021 1064 1021 1022 8468 1022 984 8468 984 8467 938 8465 8466 8472 1023 1024 8472 1024 8473 8473 1024 1135 8473 1135 8476 1024 1023 1026 1024 1026 1065 1027 1065 1026 1098 1068 1099 1068 1100 1099 1029 1100 1068 1100 1029 1030 1100 1030 1069 1069 1030 1101 1101 1030 1141 1030 1070 1141 1071 1032 1072 1103 1072 1073 1143 1073 1104 1033 1104 1073 1104 1033 990 1180 1104 990 1180 990 1074 1034 1076 1105 1076 1035 1105 1105 949 1145 1145 949 1106 1078 1187 1077 1187 1078 1146 1078 1036 1146 1146 1036 997 1079 1109 953 1109 997 953 1080 1189 1079 1079 953 1080 1189 1080 1037 1037 1038 1147 1038 1039 1110 1149 1110 1039 1081 1082 1149 1081 1040 1082 1040 1041 1083 1151 1150 1152 1150 1044 1152 1152 1044 1045 1045 1047 1155 1155 1047 1156 1156 1047 1157 1047 1048 1157 1157 1048 1085 1002 1159 1085 1159 964 1086 1087 1088 1197 1197 1088 1049 1050 1163 1049 1113 1163 1050 1050 1089 1113 1051 1008 1117 1008 1052 1117 1054 1090 1053 1091 1010 973 973 1057 1091 1057 1056 1092 1013 1124 1093 1013 1125 1094 1124 1013 1094 1058 1015 1059 1017 1061 1060 1059 1060 1095 1060 1061 1062 1128 1060 1062 1061 1096 1062 1019 1063 1096 1096 1063 1097 1064 1097 1063 1097 1064 1132 1133 1064 1022 1022 8468 8469 1135 8477 8476 1024 1136 1135 1024 1065 1136 1065 1177 1136 1066 1177 1065 1177 1066 1067 1139 1177 1067 1067 1098 1139 1068 1098 1067 1069 1101 1100 1070 1102 1141 1070 1031 1102 1102 1031 1217 1071 1217 1031 1217 1071 1072 1142 1217 1072 1142 1072 1103 1103 1073 1143 1074 1182 1180 1182 1074 1075 1182 1075 1144 1075 1034 1184 1184 1034 1145 1145 1034 1105 1106 1107 1186 1106 949 1107 1186 1107 1256 1107 1108 1256 1108 1077 1187 997 1109 1188 1189 1188 1109 1109 1079 1189 1189 1037 1147 1038 1110 1224 1149 1224 1110 1149 1082 1260 1082 1040 1191 1191 1040 1083 1083 1084 1194 1194 1084 1150 1152 1045 1153 1153 1045 1154 1154 1045 1155 1157 1085 1158 1159 1086 1160 1160 1086 1111 1086 1087 1111 1087 1197 1111 1162 1049 1163 1197 1049 1162 1162 1163 1112 1113 1089 1114 1113 1114 1115 1089 1051 1114 1114 1051 1115 1115 1051 1116 1117 1167 1051 1051 1167 1116 1117 1052 1168 1053 1168 1052 1053 1090 1118 1168 1053 1118 1118 1090 1119 1055 1119 1090 1119 1055 1010 1091 1120 1010 1091 1057 1121 1121 1057 1092 1012 1122 1121 1012 1121 1092 1093 1171 1012 1012 1171 1122 1093 1124 1123 1171 1093 1123 1125 1124 1094 1058 1126 1125 1058 1059 1127 1208 1059 1095 1060 1128 1095 1062 1096 1128 1128 1096 1130 1129 1128 1130 1130 1096 1097 1131 1097 1132 1132 1064 1133 8474 1133 1022 8474 1022 8469 8475 1134 1133 8475 1133 8474 1135 1136 1137 1138 1136 1177 1212 1177 1139 1098 1178 1139 1098 1099 1178 1099 1100 1101 1140 1101 1215 1101 1141 1215 1218 1103 1143 1143 1104 1180 1183 1182 1144 1144 1075 1184 1184 1145 1221 1221 1145 1186 1145 1106 1186 1222 1108 1187 1146 997 1188 1223 1189 1147 1224 1148 1147 1147 1038 1224 1191 1083 1193 1150 1151 1194 1155 1153 1154 1157 1155 1156 1158 1196 1157 1085 1196 1158 1226 1196 1085 1159 1226 1085 1160 1226 1159 1226 1160 1161 1160 1111 1161 1164 1199 1163 1163 1113 1164 1164 1113 1165 1115 1166 1113 1113 1166 1165 1115 1116 1166 1116 1167 1166 1167 1117 1202 1168 1118 1234 1010 1169 1119 1010 1120 1169 1091 1121 1170 1121 1122 1171 1124 1171 1123 1124 1172 1171 1124 1125 1172 1172 1125 1126 1126 1058 1127 1059 1208 1127 1095 1128 1208 1208 1128 1174 1173 1208 1174 1174 1128 1129 1097 1131 1130 1129 1130 1175 1245 1130 1131 1132 1133 1176 1134 8475 8479 8478 1133 1134 8478 1134 8479 1135 8480 8477 8480 1135 1137 8480 1137 8481 1137 8482 8481 1137 1136 1138 1137 1138 1177 1212 1139 1178 1214 1178 1099 1099 1101 1140 1099 1140 1215 1141 1179 1215 1141 1102 1179 1179 1102 1216 1102 1217 1216 1217 1142 1103 1143 1180 1218 1181 1180 1182 1253 1182 1183 1183 1144 1184 1183 1184 1254 1185 1184 1221 1255 1186 1256 1256 1108 1222 1222 1187 1298 1298 1187 1300 1187 1188 1300 1187 1146 1188 1257 1188 1189 1223 1147 1190 1190 1147 1148 1190 1148 1223 1223 1148 1302 1302 1148 1224 1224 1149 1225 1225 1149 1260 1260 1082 1192 1082 1191 1192 1193 1192 1191 1193 1083 1194 1193 1194 1304 1194 1151 1304 1151 1152 1195 1195 1152 1153 1153 1155 1263 1263 1155 1264 1264 1155 1265 1155 1157 1265 1265 1157 1196 1226 1161 1271 1111 1227 1161 1272 1227 1111 1197 1272 1111 1306 1272 1197 1197 1162 1306 1306 1162 1198 1162 1112 1198 1112 1163 1228 1228 1163 1199 1164 1165 1200 1200 1229 1164 1165 1166 1200 1200 1166 1201 1166 1167 1276 1202 1117 1233 1117 1168 1233 1168 1234 1233 1169 1236 1119 1119 1236 1118 1091 1170 1237 1091 1237 1120 1120 1237 1169 1121 1203 1170 1203 1121 1204 1204 1121 1171 1171 1205 1204 1171 1172 1205 1205 1172 1206 1172 1126 1206 1127 1208 1241 1126 1127 1241 1242 1208 1209 1209 1208 1173 1173 1174 1210 1174 1129 1175 1130 1245 1175 1245 1132 1246 1245 1131 1132 1211 1132 1176 8483 1176 1133 8483 1133 8478 8482 1137 1247 8482 1247 8487 1137 1177 1212 1212 1249 1248 1178 1249 1212 1213 1249 1178 1213 1178 1214 1215 1214 1099 1103 1293 1217 1293 1103 1218 1218 1180 1219 1180 1220 1219 1181 1220 1180 1220 1181 1182 1253 1220 1182 1253 1183 1254 1254 1184 1185 1185 1221 1254 1254 1221 1255 1221 1186 1255 1300 1188 1373 1373 1188 1257 1257 1223 1301 1257 1189 1223 1302 1224 1258 1224 1225 1259 1260 1259 1225 1260 1192 1261 1304 1151 1305 1151 1195 1262 1195 1153 1262 1262 1153 1335 1335 1153 1263 1265 1196 1266 1266 1196 1267 1267 1196 1268 1270 1226 1271 1198 1112 1228 1199 1198 1228 1200 1201 1230 1230 1201 1166 1166 1276 1231 1276 1167 1232 1167 1202 1232 1118 1235 1234 1118 1236 1235 1237 1236 1169 1170 1203 1238 1204 1238 1203 1204 1239 1238 1204 1205 1239 1239 1205 1240 1206 1282 1205 1205 1282 1240 1206 1126 1282 1282 1126 1207 1207 1126 1241 1241 1208 1242 1242 1209 1243 1209 1173 1210 1244 1210 1174 1175 1245 1174 1246 1132 1211 8486 1211 1176 8486 1176 8485 1176 8483 8484 1176 8484 8485 1287 8492 8488 8487 1247 1287 8487 1287 8488 1137 1288 1247 1288 1137 1212 1289 1288 1212 1289 1212 1248 1291 1213 1214 1214 1215 1250 1250 1215 1292 1215 1251 1292 1179 1251 1215 1179 1252 1251 1216 1252 1179 1252 1216 1217 1364 1252 1217 1364 1217 1293 1218 1329 1293 1329 1218 1219 1219 1220 1253 1219 1253 1330 1330 1253 1294 1368 1253 1295 1295 1253 1254 1295 1254 1296 1296 1254 1255 1296 1255 1369 1255 1256 1369 1369 1256 1297 1256 1222 1298 1371 1298 1299 1301 1223 1374 1374 1223 1302 1259 1333 1258 1258 1224 1259 1192 1193 1377 1377 1193 1303 1303 1193 1304 1305 1151 1262 1264 1335 1263 1265 1335 1264 1268 1266 1267 1268 1196 1269 1269 1226 1270 1196 1226 1269 1336 1271 1161 1336 1161 1272 1161 1227 1272 1337 1306 1307 1306 1198 1307 1339 1164 1273 1199 1164 1339 1164 1229 1273 1229 1200 1273 1230 1275 1200 1200 1275 1274 1230 1166 1275 1166 1231 1275 1231 1276 1275 1232 1202 1277 1233 1346 1202 1202 1346 1277 1233 1234 1278 1346 1233 1278 1235 1312 1234 1234 1312 1278 1235 1236 1312 1170 1279 1237 1238 1280 1170 1316 1238 1239 1240 1281 1239 1239 1281 1316 1240 1282 1281 1283 1282 1207 1207 1241 1320 1320 1241 1284 1241 1242 1243 1321 1241 1243 1210 1244 1209 1174 1245 1244 1286 1244 1245 1246 1286 1245 1286 1246 1323 8489 1246 1211 8489 1211 8486 1287 1247 1288 1325 1289 1248 1325 1248 1249 1290 1249 1291 1249 1213 1291 1291 1214 1250 1251 1252 1364 1293 1411 1364 1365 1411 1293 1219 1330 1329 1294 1253 1368 1297 1298 1371 1297 1256 1298 1299 1300 1372 1299 1298 1300 1372 1300 1373 1373 1301 1419 1373 1257 1301 1419 1301 1374 1332 1374 1302 1333 1332 1302 1302 1258 1333 1333 1259 1422 1259 1260 1422 1422 1260 1334 1260 1261 1334 1377 1334 1192 1334 1261 1192 1304 1379 1303 1305 1379 1304 1305 1262 1379 1379 1262 1335 1380 1335 1382 1335 1265 1382 1382 1265 1266 1268 1269 1386 1386 1269 1501 1269 1270 1501 1272 1388 1336 1337 1388 1272 1306 1337 1272 1308 1337 1307 1307 1198 1308 1198 1199 1308 1308 1199 1309 1309 1199 1339 1273 1200 1310 1310 1341 1273 1200 1274 1310 1274 1275 1310 1310 1275 1311 1275 1276 1393 1393 1276 1344 1232 1345 1276 1276 1345 1344 1277 1346 1232 1312 1236 1313 1237 1279 1314 1237 1314 1348 1237 1348 1236 1236 1348 1313 1279 1170 1349 1170 1280 1349 1349 1280 1238 1315 1349 1238 1238 1316 1315 1352 1316 1281 1282 1283 1318 1282 1318 1281 1281 1318 1352 1283 1319 1355 1283 1207 1319 1319 1207 1320 1241 1321 1284 1209 1244 1243 1321 1243 1322 1243 1244 1285 1244 1286 1285 1246 8490 8491 1246 8489 8490 8494 1323 1246 8494 1246 8491 1324 8498 8497 1324 8497 8493 8492 1287 1324 8492 1324 8493 1406 1324 1287 1287 1288 1289 1360 1287 1289 1360 1289 1407 1407 1289 1325 1325 1249 1290 1326 1290 1291 1326 1291 1362 1362 1291 1363 1291 1327 1363 1250 1327 1291 1250 1328 1327 1292 1328 1250 1328 1292 1251 1293 1329 1365 1412 1330 1367 1330 1331 1367 1294 1331 1330 1331 1294 1368 1295 1414 1368 1414 1295 1369 1369 1295 1296 1369 1297 1371 1417 1371 1372 1371 1299 1372 1332 1333 1375 1376 1333 1422 1497 1422 1334 1377 1497 1334 1377 1303 1378 1379 1335 1381 1382 1266 1383 1383 1266 1384 1384 1266 1385 1266 1268 1385 1388 1337 1389 1337 1308 1338 1308 1309 1338 1339 1340 1309 1339 1273 1340 1273 1341 1340 1310 1311 1342 1342 1311 1275 1275 1393 1343 1345 1232 1346 1278 1395 1346 1346 1395 1394 1278 1312 1347 1395 1278 1347 1347 1312 1396 1396 1312 1313 1279 1348 1314 1315 1351 1349 1349 1351 1350 1315 1316 1351 1351 1316 1317 1316 1352 1317 1352 1318 1283 1354 1283 1355 1320 1402 1319 1284 1321 1320 1402 1320 1403 1404 1320 1321 1356 1321 1322 1285 1286 1243 1243 1286 1357 1357 1286 1358 1358 1286 1323 1323 8494 8495 8498 1324 1359 8498 1359 8500 1359 1324 1406 1406 1287 1360 1407 1361 1408 1325 1361 1407 1325 1290 1326 1326 1362 1325 1328 1410 1327 1328 1251 1364 1445 1411 1365 1365 1329 1366 1329 1412 1366 1330 1412 1329 1367 1331 1368 1367 1368 1447 1447 1368 1413 1415 1414 1369 1415 1369 1416 1416 1369 1370 1370 1371 1416 1370 1369 1371 1416 1371 1417 1450 1372 1534 1372 1373 1534 1534 1373 1418 1419 1374 1492 1492 1374 1494 1420 1494 1374 1374 1332 1420 1420 1332 1375 1376 1375 1333 1422 1421 1376 1454 1379 1424 1424 1379 1423 1423 1379 1381 1381 1335 1380 1382 1381 1380 1385 1383 1384 1268 1386 1385 1270 1387 1501 1387 1271 1456 1270 1271 1387 1271 1336 1456 1505 1336 1388 1505 1388 1389 1389 1337 1425 1337 1338 1425 1309 1340 1427 1340 1341 1390 1390 1459 1340 1341 1310 1390 1342 1392 1310 1310 1392 1391 1342 1275 1392 1275 1343 1392 1343 1393 1392 1344 1345 1433 1393 1344 1433 1433 1345 1432 1346 1394 1345 1345 1394 1432 1313 1397 1396 1313 1348 1397 1279 1398 1348 1279 1349 1398 1349 1350 1436 1399 1350 1351 1317 1400 1351 1351 1400 1399 1317 1352 1400 1400 1352 1353 1283 1354 1401 1283 1401 1352 1352 1401 1353 1355 1476 1354 1355 1402 1439 1355 1319 1402 1403 1320 1404 1404 1321 1356 1322 1243 1405 1243 1357 1405 1358 1405 1357 8499 1358 1323 8499 1323 8496 1323 8495 8496 8501 1405 1358 8501 1358 8499 1480 1406 1360 1325 1409 1443 1362 1409 1325 1362 1363 1327 1410 1328 1364 1410 1364 1411 1365 1446 1445 1446 1365 1366 1367 1447 1412 1413 1368 1414 1489 1414 1415 1417 1372 1450 1418 1419 1492 1418 1373 1419 1495 1420 1375 1421 1451 1375 1375 1376 1421 1451 1421 1422 1422 1497 1452 1497 1377 1498 1377 1378 1498 1498 1378 1303 1303 1379 1454 1423 1381 1424 1424 1381 1455 1381 1382 1383 1501 1387 1502 1456 1336 1457 1457 1336 1504 1504 1336 1505 1389 1458 1505 1425 1458 1389 1338 1458 1425 1426 1458 1338 1426 1309 1427 1338 1309 1426 1428 1427 1340 1390 1310 1429 1429 1460 1390 1310 1391 1429 1391 1392 1429 1429 1392 1430 1392 1393 1431 1393 1433 1431 1432 1394 1434 1394 1395 1464 1347 1396 1395 1397 1466 1396 1348 1398 1397 1398 1349 1436 1350 1399 1436 1471 1399 1400 1353 1438 1400 1400 1438 1471 1438 1353 1474 1353 1401 1354 1473 1353 1354 1476 1355 1439 1402 1403 1404 1404 1440 1478 1404 1356 1440 1356 1322 1440 1440 1322 1405 8502 1441 1405 8502 1405 8501 1479 8505 8506 8500 1359 1479 8500 1479 8506 1479 1359 1406 1479 1406 1480 1480 1481 1526 1360 1481 1480 1481 1360 1407 1407 1442 1481 1408 1442 1407 1442 1408 1361 1361 1325 1443 1362 1444 1409 1362 1327 1485 1485 1327 1486 1327 1410 1486 1410 1411 1445 1528 1410 1445 1446 1488 1565 1366 1488 1446 1488 1366 1412 1412 1447 1448 1447 1449 1448 1413 1449 1447 1449 1413 1414 1489 1449 1414 1415 1531 1489 1531 1415 1532 1415 1416 1417 1490 1415 1417 1490 1417 1450 1533 1450 1534 1534 1418 1492 1568 1492 1493 1494 1420 1535 1535 1420 1495 1495 1375 1496 1496 1375 1451 1451 1422 1570 1570 1422 1452 1453 1499 1498 1498 1303 1453 1453 1303 1454 1453 1454 1499 1455 1381 1540 1381 1383 1540 1540 1383 1500 1383 1385 1500 1458 1426 1508 1427 1428 1459 1459 1426 1427 1428 1340 1459 1577 1459 1390 1429 1430 1461 1461 1430 1392 1431 1462 1392 1431 1433 1511 1432 1434 1463 1433 1432 1463 1434 1394 1463 1394 1464 1463 1465 1395 1396 1396 1466 1465 1467 1466 1397 1397 1398 1467 1467 1398 1435 1398 1468 1435 1436 1469 1398 1398 1469 1468 1436 1399 1469 1399 1470 1437 1469 1399 1437 1470 1469 1437 1399 1471 1470 1353 1473 1474 1471 1438 1474 1476 1475 1354 1354 1475 1473 1475 1476 1520 1439 1520 1476 1439 1477 1521 1439 1402 1477 1477 1402 1404 1477 1404 1478 1405 1522 1440 1405 1441 1522 8507 1522 1441 8507 1441 8503 1441 8502 8503 1479 8504 8505 1442 1482 1481 1442 1483 1482 1361 1483 1442 1559 1483 1361 1361 1484 1559 1443 1484 1361 1484 1443 1409 1444 1485 1409 1362 1485 1444 1410 1527 1487 1410 1487 1486 1527 1410 1528 1445 1446 1528 1412 1530 1488 1530 1412 1448 1448 1449 1489 1448 1489 1566 1532 1415 1490 1532 1490 1533 1490 1450 1533 1491 1492 1568 1491 1534 1492 1493 1494 1569 1493 1492 1494 1569 1494 1535 1496 1451 1688 1688 1451 1570 1497 1536 1452 1497 1498 1499 1499 1454 1572 1572 1454 1537 1454 1424 1537 1537 1424 1539 1424 1455 1539 1385 1574 1500 1574 1386 1501 1385 1386 1574 1502 1575 1501 1387 1575 1502 1503 1575 1387 1387 1456 1503 1503 1457 1504 1456 1457 1503 1576 1503 1504 1504 1505 1576 1505 1458 1506 1506 1458 1507 1507 1458 1508 1543 1508 1426 1426 1459 1544 1459 1577 1544 1390 1545 1577 1545 1390 1580 1390 1460 1580 1460 1429 1580 1461 1510 1429 1510 1392 1547 1461 1392 1510 1547 1429 1510 1547 1392 1549 1392 1462 1549 1462 1431 1511 1463 1512 1433 1433 1512 1511 1463 1464 1513 1464 1395 1583 1465 1514 1395 1395 1514 1583 1435 1468 1515 1553 1468 1469 1470 1516 1469 1469 1516 1553 1471 1555 1472 1470 1471 1472 1555 1470 1472 1474 1473 1471 1471 1473 1555 1473 1475 1517 1518 1475 1520 1520 1439 1521 1478 1522 1557 1478 1440 1522 8510 1523 1522 8510 1522 8509 1522 8507 8509 1479 8508 8504 8508 1479 1524 8508 1524 8513 1524 1525 1595 1479 1525 1524 1525 1479 1480 1480 1526 1525 1526 1481 1482 1482 1483 1559 1409 1562 1484 1485 1562 1409 1486 1562 1485 1562 1486 1487 1487 1527 1562 1528 1446 1529 1529 1446 1564 1446 1565 1564 1565 1488 1530 1448 1566 1530 1607 1531 1532 1608 1532 1533 1533 1534 1610 1610 1534 1567 1534 1491 1568 1611 1568 1569 1568 1493 1569 1535 1496 1612 1535 1495 1496 1612 1496 1688 1614 1452 1536 1497 1499 1571 1571 1499 1572 1539 1538 1537 1616 1538 1539 1455 1616 1539 1540 1616 1455 1540 1500 1616 1616 1500 1652 1574 1501 1575 1617 1575 1503 1619 1503 1620 1620 1503 1576 1576 1505 1621 1621 1505 1541 1505 1506 1541 1506 1507 1541 1507 1508 1542 1543 1542 1508 1426 1544 1543 1545 1580 1579 1429 1509 1580 1580 1509 1546 1509 1429 1546 1546 1429 1547 1549 1548 1547 1511 1550 1462 1511 1512 1550 1512 1463 1551 1463 1513 1551 1513 1464 1551 1464 1583 1551 1583 1514 1584 1465 1466 1585 1465 1585 1514 1467 1435 1552 1467 1552 1466 1466 1552 1585 1552 1435 1515 1468 1552 1515 1553 1516 1470 1588 1553 1470 1470 1555 1588 1555 1473 1517 1591 1555 1517 1475 1637 1517 1637 1475 1518 1518 1520 1519 1477 1556 1521 1477 1478 1556 1556 1478 1557 1593 1556 1557 1557 1522 1523 8513 1524 1595 8513 1595 8515 8515 1595 1594 8515 1594 8514 1525 1526 1595 1526 1558 1596 1482 1558 1526 1558 1482 1559 1559 1560 1598 1559 1484 1560 1484 1598 1560 1562 1561 1484 1562 1563 1601 1527 1563 1562 1527 1528 1529 1527 1529 1564 1565 1604 1603 1530 1604 1565 1604 1530 1566 1605 1566 1606 1489 1606 1566 1606 1489 1531 1607 1606 1531 1532 1608 1607 1608 1533 1610 1567 1568 1611 1567 1534 1568 1647 1569 1535 1689 1688 1613 1613 1688 1570 1614 1613 1570 1570 1452 1614 1536 1497 1615 1497 1571 1615 1572 1573 1571 1538 1573 1572 1572 1537 1538 1507 1542 1655 1542 1543 1658 1543 1622 1658 1622 1544 1577 1543 1544 1622 1578 1622 1577 1577 1545 1578 1545 1579 1578 1580 1546 1623 1547 1548 1546 1549 1462 1665 1665 1462 1626 1550 1581 1462 1462 1581 1626 1550 1512 1581 1551 1582 1512 1512 1582 1581 1551 1583 1582 1468 1586 1552 1586 1468 1587 1553 1634 1554 1468 1553 1554 1634 1468 1554 1553 1588 1634 1555 1670 1590 1588 1555 1590 1670 1555 1591 1637 1591 1517 1518 1519 1638 1520 1521 1519 1638 1519 1672 1519 1521 1556 1639 1519 1556 1640 1556 1592 1592 1556 1593 8511 1557 1523 8511 1523 8510 1594 8517 8514 1595 1526 1674 1674 1526 1596 1597 1558 1559 1643 1559 1598 1598 1484 1561 1600 1561 1562 1600 1562 1601 1563 1527 1602 1602 1527 1718 1527 1645 1718 1564 1645 1527 1645 1564 1565 1645 1565 1603 1566 1605 1604 1606 1607 1682 1607 1608 1720 1720 1608 1646 1646 1608 1609 1609 1610 1646 1609 1608 1610 1646 1610 1721 1610 1567 1611 1685 1611 1647 1611 1569 1647 1647 1535 1686 1686 1535 1648 1648 1535 1612 1648 1612 1688 1615 1571 1573 1726 1573 1538 1695 1538 1616 1652 1500 1653 1500 1574 1653 1653 1574 1654 1654 1574 1575 1618 1697 1575 1617 1618 1575 1618 1503 1619 1617 1503 1618 1620 1576 1621 1765 1541 1507 1659 1658 1622 1578 1661 1622 1622 1661 1660 1579 1661 1578 1546 1662 1623 1546 1548 1662 1548 1549 1662 1662 1549 1624 1624 1549 1625 1549 1665 1625 1626 1581 1627 1581 1582 1628 1582 1583 1629 1584 1629 1583 1585 1631 1630 1585 1630 1514 1514 1630 1584 1585 1552 1631 1552 1586 1632 1468 1633 1587 1633 1586 1587 1468 1634 1633 1588 1669 1589 1634 1588 1589 1669 1634 1589 1590 1670 1588 1588 1670 1669 1670 1591 1671 1636 1591 1637 1637 1518 1638 1672 1519 1639 1639 1556 1640 8516 1593 1641 8516 1641 8520 1593 1557 1641 8512 1641 1557 8512 1557 8511 1641 8512 8519 1594 1595 1674 1674 1642 1675 1596 1642 1674 1596 1558 1597 1597 1559 1643 1598 1644 1643 1561 1644 1598 1644 1561 1599 1599 1561 1600 1600 1601 1563 1563 1602 1718 1603 1681 1645 1681 1603 1604 1681 1604 1605 1719 1605 1682 1606 1682 1605 1610 1685 1721 1685 1610 1611 1687 1648 1688 1690 1689 1649 1689 1613 1649 1690 1649 1803 1649 1613 1803 1803 1613 1691 1613 1614 1691 1692 1691 1536 1691 1614 1536 1692 1536 1650 1536 1615 1650 1650 1615 1573 1650 1573 1726 1726 1538 1693 1693 1538 1694 1538 1695 1694 1651 1695 1616 1616 1652 1651 1652 1729 1651 1696 1729 1652 1653 1696 1652 1654 1696 1653 1697 1696 1654 1654 1575 1697 1697 1618 1761 1618 1619 1761 1619 1620 1761 1761 1620 1762 1762 1620 1763 1620 1621 1763 1763 1621 1541 1507 1655 1656 1507 1656 1765 1542 1656 1655 1657 1656 1542 1542 1658 1657 1659 1657 1658 1622 1660 1659 1579 1580 1661 1580 1623 1661 1623 1662 1661 1624 1664 1662 1662 1664 1663 1624 1625 1664 1625 1665 1664 1626 1627 1738 1665 1626 1738 1627 1581 1738 1738 1581 1666 1628 1701 1581 1581 1701 1666 1628 1582 1702 1702 1582 1629 1702 1629 1667 1584 1667 1629 1584 1630 1667 1630 1631 1667 1586 1705 1632 1631 1552 1632 1705 1631 1632 1633 1668 1586 1586 1668 1705 1633 1634 1668 1668 1634 1635 1634 1669 1635 1671 1591 1636 1745 1636 1637 1746 1637 1638 1640 1592 1712 1592 1593 1712 8521 1712 1593 8521 1593 8516 1641 8519 8520 1673 8523 8518 8517 1594 1673 8517 1673 8518 1594 1674 1673 1596 1676 1642 1597 1677 1596 1643 1716 1597 1644 1678 1643 1679 1600 1717 1600 1680 1717 1563 1680 1600 1563 1718 1680 1718 1645 1681 1605 1719 1681 1754 1682 1796 1682 1683 1796 1607 1683 1682 1683 1607 1720 1646 1721 1720 1721 1684 1723 1721 1685 1684 1684 1685 1723 1685 1647 1686 1724 1686 1801 1686 1687 1801 1686 1648 1687 1801 1687 1688 1755 1688 1689 1689 1690 1755 1692 1805 1691 1805 1692 1725 1692 1650 1725 1695 1729 1694 1695 1651 1729 1729 1696 1730 1763 1541 1765 1765 1656 1766 1657 1659 1770 1659 1731 1770 1659 1660 1731 1660 1661 1698 1731 1660 1698 1698 1661 1733 1662 1734 1661 1661 1734 1733 1699 1734 1662 1662 1663 1699 1663 1664 1699 1699 1664 1735 1664 1665 1736 1735 1664 1736 1736 1665 1737 1665 1738 1737 1666 1701 1738 1702 1667 1703 1667 1631 1703 1631 1704 1703 1631 1705 1704 1741 1705 1668 1635 1706 1668 1668 1706 1741 1706 1635 1707 1669 1708 1709 1635 1669 1709 1708 1669 1670 1710 1708 1670 1671 1710 1670 1671 1711 1710 1636 1711 1671 1711 1636 1745 1637 1746 1745 1638 1787 1746 1672 1747 1638 1787 1638 1747 1639 1640 1672 1747 1672 1789 1672 1640 1712 1712 8521 8527 1673 8522 8523 1673 8524 8522 1714 1673 1674 1675 1714 1674 1714 1675 1642 1676 1715 1642 1596 1715 1676 1715 1596 1677 1677 1597 1716 1716 1643 1678 1678 1644 1599 1599 1600 1679 1599 1679 1717 1718 1752 1830 1681 1752 1718 1752 1681 1719 1753 1719 1754 1682 1754 1719 1796 1683 1720 1796 1720 1798 1720 1721 1722 1722 1721 1799 1799 1721 1723 1723 1686 1724 1723 1685 1686 1801 1688 1802 1802 1688 1755 1755 1690 1838 1838 1690 1803 1803 1691 1805 1725 1650 1726 1727 1726 1693 1728 1839 1693 1693 1694 1728 1728 1694 1729 1728 1729 1839 1839 1729 1841 1808 1729 1730 1730 1696 1758 1758 1696 1759 1696 1697 1759 1697 1761 1759 1759 1761 1760 1763 1765 1764 1768 1657 1770 1812 1770 1731 1732 1731 1772 1698 1772 1731 1733 1772 1698 1699 1735 1814 1738 1701 1700 1700 1701 1777 1628 1702 1777 1628 1777 1701 1702 1779 1777 1779 1702 1739 1702 1703 1739 1703 1740 1818 1703 1704 1740 1705 1782 1704 1705 1741 1782 1635 1743 1707 1741 1706 1707 1743 1741 1707 1709 1708 1635 1635 1708 1743 1708 1710 1783 1744 1711 1745 1789 1672 1712 1712 8525 8526 1712 8527 8525 1790 8533 8528 8524 1673 1790 8524 1790 8528 1790 1673 1713 1713 1673 1714 1642 1828 1714 1748 1828 1642 1642 1749 1748 1715 1749 1642 1677 1716 1715 1678 1750 1716 1678 1751 1750 1599 1751 1678 1599 1793 1751 1717 1793 1599 1793 1717 1680 1680 1718 1830 1719 1753 1752 1831 1754 1795 1754 1796 1795 1796 1798 1797 1798 1720 1722 1722 1799 1798 1834 1799 1723 1723 1836 1834 1836 1723 1724 1836 1724 1800 1837 1755 1838 1756 1805 1804 1756 1803 1805 1805 1725 1871 1757 1725 1726 1757 1727 1839 1726 1727 1757 1839 1807 1757 1727 1693 1839 1841 1729 1808 1809 1808 1730 1758 1810 1730 1760 1758 1759 1811 1760 1761 1762 1811 1761 1763 1811 1762 1767 1811 1763 1764 1767 1763 1765 1767 1764 1766 1767 1765 1766 1656 1768 1656 1657 1768 1768 1770 1769 1812 1769 1770 1812 1731 1771 1731 1732 1771 1733 1881 1772 1773 1881 1733 1844 1773 1733 1733 1734 1844 1844 1734 1845 1845 1734 1699 1735 1736 1814 1737 1738 1849 1736 1737 1849 1849 1738 1775 1700 1776 1738 1738 1776 1775 1700 1777 1776 1777 1779 1778 1780 1779 1739 1739 1703 1780 1780 1703 1818 1704 1781 1740 1704 1782 1781 1741 1821 1742 1782 1741 1742 1821 1782 1742 1743 1824 1741 1741 1824 1821 1710 1855 1783 1711 1784 1710 1784 1711 1744 1785 1744 1745 1785 1745 1746 1786 1746 1787 1788 1747 1789 8530 1789 1712 8530 1712 8526 1713 1791 1790 1713 1714 1791 1827 1714 1828 1715 1792 1749 1716 1792 1715 1750 1792 1716 1680 1794 1793 1680 1830 1794 1830 1752 1753 1866 1753 1831 1754 1831 1753 1832 1796 1797 1797 1798 1832 1832 1798 1834 1798 1799 1834 1800 1724 1801 1800 1801 1802 1802 1755 1837 1838 1803 1870 1870 1803 1904 1803 1804 1904 1803 1756 1804 1904 1804 1805 1806 1871 1725 1806 1757 1807 1725 1757 1806 1839 1841 1840 1809 1909 1808 1810 1909 1809 1809 1730 1810 1811 1767 1842 1876 1767 1766 1766 1768 2021 2021 1768 1877 1877 1768 1878 1768 1769 1878 1769 1812 1879 1771 1732 1914 1914 1812 1771 1914 1732 1813 1732 1772 1813 1772 1881 1813 1845 1699 1846 1814 1736 1774 1814 1774 1848 1736 1849 1774 1775 1776 1849 1849 1776 1816 1778 1817 1777 1777 1817 1776 1740 1819 1818 1740 1781 1820 1782 1853 1781 1782 1821 1853 1743 1823 1824 1823 1743 1708 1855 1823 1708 1783 1855 1708 1710 1784 1825 1710 1825 1855 1855 1825 1784 1744 1894 1784 1744 1785 1826 1894 1744 1826 1826 1785 1895 1785 1746 1786 1856 1785 1786 1787 1747 1788 1857 1787 1788 8529 1788 1789 8529 1789 8531 1789 8530 8532 8533 1790 1791 8533 1791 8534 1858 1791 1827 1714 1827 1791 1828 1860 1827 1828 1749 1860 1828 1748 1749 1792 1750 1751 1864 1751 1793 1864 1793 1794 1753 1866 1830 1897 1831 1945 1831 1867 1945 1795 1867 1831 1867 1795 1796 1867 1796 1832 1833 1832 1834 1899 1834 1835 1835 1834 1836 1900 1836 1869 1800 1869 1836 1800 1802 1869 1904 1805 1947 1947 1805 1871 1871 1807 1905 1871 1806 1807 1948 1807 1839 1841 1907 1840 1841 1808 1907 1907 1808 1909 1909 1810 1911 1810 1758 1911 1911 1758 1913 1758 1760 1913 1913 1760 1811 1879 1812 1843 1914 1813 1915 1813 1881 1915 1881 1773 1882 1882 1773 1844 1699 1814 1846 1846 1814 1847 1814 1848 1847 1849 1816 1815 1816 1776 1815 1815 1776 1850 1850 1776 1817 1778 1851 1817 1778 1779 1851 1780 1886 1779 1779 1886 1851 1819 1852 1818 1818 1852 1780 1819 1740 1852 1852 1740 1820 1781 1853 1820 1821 1890 1822 1853 1821 1822 1890 1853 1822 1824 1823 1821 1821 1823 1890 1893 1855 1784 1933 1784 1894 1785 1856 1934 1787 1857 1786 8536 1857 1788 8536 1788 8529 1857 8536 8538 1789 8532 8531 8534 1791 1896 8534 1896 8535 1896 1791 1858 1859 1827 1860 1861 1860 1749 1749 1792 1863 1862 1749 1863 1863 1792 1829 1751 1829 1792 1940 1751 1864 1864 1794 1942 1942 1794 1830 1865 1942 1830 1865 1830 1866 1865 1866 1897 1831 1897 1866 1832 1898 1867 1898 1832 1833 1898 1833 1972 1833 1834 1899 1835 1868 1899 1868 1835 1836 1900 1868 1836 1901 1869 1802 1802 1902 1978 1837 1902 1802 1837 1838 1902 1838 1870 1903 1905 1807 1948 1872 1906 1839 1906 1948 1839 1872 1839 1873 1839 1840 1873 1873 1840 1907 1909 1911 1910 1911 1913 1912 1913 1811 1874 1875 1874 1811 1875 1811 2018 1811 1842 2018 2018 1767 1876 1842 1767 2018 1876 1766 2021 1769 1877 1878 1879 1843 1880 1843 1812 1914 1987 1915 1881 1844 1919 1882 1919 1844 1920 1844 1845 1920 1845 1846 1920 1847 1922 1846 1883 1922 1847 1847 1848 1883 1774 1884 1848 1774 1849 1884 1848 1884 1924 1849 1815 1884 1884 1815 1924 1924 1815 1885 1815 1850 1885 1850 1817 1926 1926 1817 1851 1887 1886 1780 1780 1852 1887 1820 1889 1852 1852 1889 1888 1820 1853 1889 1889 1853 1854 1853 1890 1854 1890 1823 1932 1855 1892 1932 1893 1892 1855 1932 1823 1855 1784 1933 1893 1894 1826 1895 1964 1894 1895 1895 1785 1934 1934 1856 1786 2003 1786 1857 1857 8537 8539 1857 8538 8537 1896 8540 8535 1967 1896 1858 1858 1827 1859 1861 1937 1860 1749 1937 1861 1862 1937 1749 1829 1751 1940 1943 1897 1944 1897 1945 1944 1945 1867 1898 1972 1833 1899 1868 1900 1975 1900 1869 1901 1901 1802 1976 1976 1802 1978 1903 1904 1946 1903 1870 1904 1946 1904 1947 1947 1905 1980 1947 1871 1905 1906 1873 2130 1906 1872 1873 1908 1907 1909 1949 1909 1910 1911 1950 1910 1912 1950 1911 1913 1874 1912 1912 1874 1983 1874 1875 2017 2017 1875 2018 2018 1876 2019 2019 1876 2020 2020 1876 2021 2021 1877 2022 1877 1769 2024 2024 1769 1984 1769 1879 1984 1879 1880 1984 1880 1843 1914 1914 1916 1880 1915 1916 1914 1915 1987 1916 1987 1881 1917 1881 1882 1917 1918 1882 1919 1919 1920 1951 1846 1922 1920 1883 1923 1922 1923 1883 1953 1883 1848 1924 1924 1885 1925 1926 1956 1850 1850 1956 1885 1956 1926 1927 1851 1928 1958 1851 1958 1926 1926 1958 1927 1851 1886 1928 1886 1887 1928 1888 1959 1852 1852 1959 1887 1888 1889 1929 1854 1930 1889 1889 1930 1929 1930 1854 1931 1854 1890 1891 1961 1854 1891 1891 1890 1932 1892 2044 1932 1893 1962 1892 1893 1933 1962 1962 1933 1997 1999 1933 1894 1999 1894 1963 2002 1895 1934 1934 1786 2003 8546 2003 1857 8546 1857 8539 1896 8541 8540 1935 1896 1967 1858 1968 1967 1859 1968 1858 1859 1860 1968 1860 1937 1936 1860 1936 1968 1938 1937 1862 1862 1863 1938 1863 1829 1940 1939 1863 1940 1864 1941 1940 1865 1970 1942 2011 1970 1865 1865 1943 2011 1897 1943 1865 1945 1972 1971 1898 1972 1945 1899 1975 1974 1868 1975 1899 1975 1900 1901 1976 1975 1901 1979 1978 1902 1902 1838 2058 1838 1946 2058 1838 1903 1946 2058 1946 1947 1980 1905 2061 1905 1948 2061 2061 1948 2063 2130 2063 1948 1948 1906 2130 2130 1873 2064 2064 1873 1981 1873 1907 1981 1907 1908 1981 1949 1981 1909 1981 1908 1909 1910 1982 1949 1910 1950 1982 1950 1912 2068 2068 1912 1983 1985 1984 1880 1880 1916 1986 1882 1918 1917 1918 1919 1917 1917 1919 1951 1951 1920 1952 1920 1922 1921 1921 1922 1988 1922 1923 1988 1883 1924 1954 1924 1990 1954 1990 1924 1955 1924 1925 1955 1925 1885 1955 1956 2033 1885 1885 2033 1955 1957 1956 1927 1927 1958 1957 1928 1887 1958 1929 2086 1888 1888 2086 1960 2086 1929 1994 1929 1930 1931 1995 1929 1931 1931 1854 1961 1932 2044 1891 1892 1998 2044 1998 1892 1962 1997 1933 1999 1894 1964 1965 1894 1965 1963 2001 1964 2000 1964 1895 2002 2003 8546 8545 1966 8542 8544 8541 1896 1966 8541 1966 8544 1966 1896 1935 1967 1968 2006 1936 1937 1938 1863 1969 1938 1969 1863 1939 1939 1940 1941 1941 1864 1942 1941 1942 1970 1944 2013 1943 2013 1944 1945 2013 1945 1971 1973 1899 2055 1973 1972 1899 2055 1899 2056 2056 1899 1974 2014 1975 1976 1976 1978 1979 2058 1947 2059 2059 1947 2060 2060 1947 1980 2060 1980 2061 1981 1949 1982 1982 1950 2068 1983 1874 2069 2069 1874 2017 2022 1877 2023 2023 1877 2024 2024 1984 2071 1985 1880 2026 2026 1880 1986 1987 1917 2028 2028 1917 2072 2072 1917 2073 1917 2029 2073 1917 1951 2029 1951 1952 2029 2029 1952 1920 1923 1953 1988 1988 1953 1989 1883 1954 1953 1954 1990 1953 1956 1957 1991 2033 1956 1991 1957 1958 1992 1958 1887 2036 1959 1993 1887 1887 1993 2036 1959 1888 1993 1960 2038 1888 1888 2038 1993 1994 1929 1995 1931 1961 1995 1961 1891 2044 1996 2044 1998 1962 1997 1998 2047 1997 1999 1999 1963 1965 1965 1964 2001 1964 2002 2000 2002 1934 2003 2050 2002 2003 8542 1966 2004 8542 2004 8543 1966 1935 2005 2005 1935 1967 1968 2007 2006 1936 2007 1968 1969 2008 1938 2008 1969 2094 1969 2009 2094 1939 2009 1969 1939 2010 2009 1941 2010 1939 1970 2010 1941 2010 1970 2011 2097 2010 2011 2011 1943 2012 2013 1971 1972 1972 1973 2013 1974 1975 2099 2099 1975 2014 2014 1976 1977 1976 2102 1977 2102 1976 1979 1979 1902 2102 2102 1902 2057 2104 2061 2062 2064 1981 2015 2015 1981 1982 2015 1982 2016 2016 1982 2066 2066 1982 2105 2105 1982 2067 1982 2068 2067 2068 1983 2069 2017 2070 2069 2018 2070 2017 2019 2070 2018 2020 2070 2019 2135 2070 2020 2021 2135 2020 2022 2135 2021 2023 2135 2022 2071 2023 2024 2071 1984 2025 2025 1985 2026 1984 1985 2025 2026 1986 2108 2109 2108 1986 2109 1916 2027 1986 1916 2109 1916 1987 2027 1987 2028 2027 2030 1920 2031 2029 1920 2030 1920 1921 2031 2031 1921 2074 1921 1988 2074 1988 1989 2074 1989 1953 2076 1953 2078 2076 2078 1953 2032 1953 1990 2032 1955 2081 1990 1990 2081 2032 2081 1955 2033 2034 2033 1991 1957 2034 1991 1957 1992 2035 1957 2035 2083 1992 1958 2035 1958 2036 2035 2036 1993 2038 2086 2040 1960 2039 2038 1960 2040 2039 1960 1994 1995 2041 2086 1994 2041 1961 2042 2043 1995 1961 2043 2042 1961 2044 1998 2045 1996 2045 2044 1996 1998 1997 2046 1998 2046 2045 1997 2047 2118 2046 1997 2118 1999 2048 2047 2121 2048 1999 1999 1965 2001 2121 1999 2001 2122 2001 2000 2000 2002 2049 2002 2050 2049 8553 2050 2003 8553 2003 8549 2003 8548 8549 2003 8545 8547 2003 8547 8550 2004 8551 8543 2004 1966 2005 2005 2052 2051 1967 2052 2005 2052 1967 2006 2007 2053 2006 1936 1938 2007 2007 1938 2008 2094 2009 2095 2010 2095 2009 2097 2011 2012 2012 2054 2097 1943 2054 2012 2054 1943 2013 2125 2054 2013 2125 2013 1973 1973 2055 2126 2099 2056 1974 2170 2014 1977 2170 1977 2101 2057 1902 2058 2057 2058 2059 2059 2060 2103 2103 2060 2061 2062 2063 2129 2062 2061 2063 2129 2063 2130 2016 2131 2064 2065 2016 2064 2064 2015 2065 2065 2015 2016 2068 2106 2067 2069 2106 2068 2069 2070 2134 2071 2025 2136 2136 2025 2137 2025 2026 2137 2026 2108 2137 2027 2028 2072 2073 2139 2072 2139 2073 2110 2073 2029 2110 2029 2030 2110 2030 2031 2140 2074 2111 2031 2031 2111 2140 2111 2074 2075 2075 2074 1989 2076 2077 1989 1989 2077 2142 2032 2079 2078 2079 2032 2080 2081 2033 2082 1957 2113 2112 1957 2112 2034 2034 2112 2033 2113 1957 2083 2084 2083 2035 2035 2036 2084 2084 2036 2037 2038 2085 2114 2038 2114 2036 2036 2114 2037 2038 2039 2085 2085 2039 2040 2087 2086 2041 2116 2041 1995 2043 2042 1995 1995 2042 2116 2044 2045 2088 2044 2088 2042 2045 2089 2088 2042 2088 2089 2045 2046 2089 2089 2046 2118 2047 2048 2090 2090 2118 2047 2121 2001 2122 2119 2121 2122 2122 2000 2049 8552 2049 2050 8552 2050 8554 2003 8550 8548 8551 2004 2091 8551 2091 8555 2004 2005 2091 2160 2005 2051 2052 2006 2053 2093 2053 2007 2093 2007 2008 2008 2094 2093 2094 2095 2124 2010 2165 2095 2165 2010 2097 2096 2165 2097 2098 2097 2166 2054 2166 2097 2166 2054 2125 1973 2126 2125 2055 2056 2099 2100 2099 2014 2101 1977 2102 2171 2102 2128 2057 2128 2102 2057 2059 2128 2103 2061 2104 2104 2062 2129 2130 2064 2250 2250 2064 2131 2131 2016 2251 2066 2105 2132 2106 2133 2105 2105 2067 2106 2106 2069 2214 2214 2069 2134 2134 2070 2107 2135 2023 2180 2180 2023 2181 2023 2071 2181 2072 2139 2138 2139 2110 2185 2110 2030 2140 2075 1989 2142 2076 2078 2077 2078 2079 2077 2032 2081 2080 2079 2080 2144 2033 2112 2082 2112 2081 2082 2083 2084 2147 2037 2147 2084 2040 2115 2085 2040 2086 2115 2115 2086 2087 2041 2115 2087 2116 2042 2154 2154 2042 2089 2157 2089 2118 2197 2090 2048 2120 2121 2119 2120 2119 2232 2159 2119 2122 8557 2122 2049 8557 2049 8552 2050 8553 8554 8555 2091 2123 8555 2123 8556 2005 2160 2091 2051 2052 2160 2160 2052 2092 2202 2052 2053 2162 2053 2093 2094 2124 2093 2165 2124 2095 2096 2097 2098 2208 2126 2169 2126 2100 2169 2055 2100 2126 2100 2055 2099 2100 2014 2170 2101 2127 2170 2127 2101 2102 2171 2127 2102 2172 2128 2059 2059 2173 2246 2103 2173 2059 2173 2103 2104 2173 2104 2248 2248 2104 2129 2248 2129 2130 2211 2131 2251 2251 2016 2066 2133 2175 2132 2132 2105 2133 2134 2107 2216 2216 2107 2070 2180 2179 2135 2179 2178 2135 2071 2296 2181 2136 2296 2071 2137 2296 2136 2137 2108 2218 2108 2109 2218 2027 2072 2182 2182 2072 2138 2140 2219 2110 2110 2219 2185 2140 2111 2141 2075 2142 2220 2220 2142 2143 2142 2077 2143 2077 2221 2143 2221 2079 2187 2221 2077 2079 2080 2081 2144 2144 2081 2145 2112 2145 2081 2112 2113 2145 2145 2113 2191 2191 2113 2146 2113 2083 2146 2114 2149 2037 2148 2147 2037 2149 2148 2037 2114 2085 2150 2194 2085 2115 2041 2151 2115 2115 2151 2194 2151 2041 2152 2116 2153 2117 2041 2116 2117 2153 2041 2117 2153 2116 2154 2089 2155 2154 2089 2156 2155 2156 2089 2157 2118 2090 2197 2197 2048 2121 2158 2197 2121 2121 2120 2232 2119 2159 2200 2199 2159 2122 2122 8557 8558 2123 8559 8556 2091 2201 2123 2201 2091 2160 2234 2160 2161 2160 2092 2161 2052 2202 2092 2053 2162 2204 2053 2204 2202 2124 2238 2163 2124 2163 2093 2124 2165 2164 2124 2164 2238 2165 2098 2206 2096 2098 2165 2166 2239 2098 2207 2239 2166 2166 2167 2168 2166 2125 2167 2167 2125 2168 2168 2125 2208 2126 2208 2125 2100 2170 2242 2242 2170 2127 2171 2128 2172 2172 2059 2209 2209 2059 2246 2248 2130 2210 2210 2130 2250 2250 2131 2211 2174 2212 2066 2212 2251 2066 2174 2066 2175 2066 2132 2175 2133 2106 2252 2252 2106 2213 2213 2106 2214 2214 2134 2215 2215 2134 2216 2176 2177 2216 2176 2070 2177 2216 2070 2176 2177 2135 2178 2070 2135 2177 2179 2256 2178 2180 2256 2179 2256 2180 2181 2296 2137 2217 2217 2137 2218 2109 2299 2218 2218 2299 2298 2300 2299 2109 2300 2027 2182 2109 2027 2300 2182 2138 2183 2183 2139 2257 2138 2139 2183 2257 2182 2183 2257 2139 2184 2139 2185 2184 2219 2140 2259 2141 2260 2140 2140 2260 2259 2111 2260 2141 2111 2075 2186 2260 2111 2186 2187 2079 2188 2079 2144 2188 2144 2189 2188 2189 2144 2190 2144 2145 2192 2192 2145 2191 2147 2193 2226 2147 2226 2083 2083 2226 2146 2147 2148 2193 2148 2149 2193 2085 2194 2150 2194 2151 2152 2229 2194 2152 2152 2041 2153 2154 2272 2196 2154 2196 2153 2154 2155 2272 2272 2155 2274 2155 2156 2274 2156 2157 2231 2118 2197 2198 2157 2118 2198 2158 2121 2232 2232 2119 2200 2159 2199 2279 8562 2199 2122 8562 2122 8558 8560 2201 2233 8560 2233 8561 8559 2123 2201 8559 2201 8560 2201 2160 2234 2092 2202 2234 2092 2234 2161 2203 2202 2204 2204 2162 2093 2237 2093 2163 2238 2164 2165 2205 2238 2165 2205 2165 2206 2207 2166 2168 2207 2168 2208 2240 2208 2287 2208 2241 2287 2169 2241 2208 2241 2169 2100 2100 2242 2241 2242 2127 2171 2171 2209 2242 2242 2209 2244 2209 2171 2172 2246 2173 2327 2327 2173 2247 2328 2211 2251 2330 2251 2212 2212 2175 2330 2212 2174 2175 2330 2175 2331 2175 2133 2252 2253 2213 2214 2215 2254 2214 2216 2254 2215 2216 2177 2255 2177 2178 2255 2255 2178 2256 2256 2181 2296 2300 2182 2301 2301 2182 2257 2184 2185 2302 2302 2185 2219 2186 2075 2220 2143 2221 2262 2143 2262 2220 2262 2221 2222 2221 2187 2222 2188 2189 2187 2187 2189 2224 2144 2192 2190 2189 2190 2225 2190 2192 2225 2191 2225 2192 2226 2191 2146 2149 2226 2193 2149 2268 2227 2114 2268 2149 2227 2266 2149 2150 2268 2114 2268 2150 2313 2194 2228 2195 2150 2194 2195 2228 2150 2195 2228 2194 2229 2152 2153 2229 2153 2196 2272 2270 2153 2272 2274 2156 2231 2197 2158 2231 2231 2198 2197 2231 2157 2198 2158 2276 2231 2277 2232 2200 2200 2159 2279 2199 8562 8563 2233 2201 2280 2280 2201 2281 2201 2234 2281 2234 2202 2236 2235 2234 2236 2236 2202 2203 2204 2236 2203 2237 2236 2204 2093 2237 2204 2284 2238 2205 2205 2206 2098 2239 2205 2098 2285 2239 2286 2239 2240 2286 2207 2240 2239 2208 2240 2207 2241 2242 2289 2289 2242 2324 2324 2242 2243 2243 2242 2325 2325 2242 2244 2244 2209 2245 2245 2209 2290 2209 2246 2290 2247 2173 2248 2247 2248 2249 2248 2210 2249 2210 2250 2249 2250 2211 2328 2328 2251 2367 2292 2251 2330 2331 2175 2293 2175 2252 2293 2253 2252 2213 2406 2295 2253 2254 2406 2253 2253 2214 2254 2255 2256 2333 2296 2217 2336 2217 2218 2297 2297 2218 2298 2219 2258 2302 2302 2258 2340 2375 2258 2219 2375 2219 2259 2186 2220 2261 2220 2262 2261 2187 2223 2222 2222 2223 2308 2223 2187 2308 2224 2342 2187 2187 2342 2308 2224 2189 2263 2263 2189 2225 2225 2191 2264 2191 2226 2265 2149 2267 2311 2149 2311 2226 2267 2149 2266 2313 2150 2228 2228 2229 2313 2229 2153 2230 2314 2229 2230 2230 2153 2270 2274 2271 2272 2231 2275 2274 2275 2273 2274 2316 2232 2277 2276 2158 2232 2316 2276 2232 2277 2200 2279 8564 2279 2199 8564 2199 8563 2279 8564 8566 2233 8565 8561 2281 2234 2235 2236 2282 2235 2236 2237 2283 2236 2283 2320 2238 2284 2360 2163 2238 2360 2284 2205 2239 2321 2284 2239 2362 2397 2240 2362 2240 2287 2287 2289 2288 2241 2289 2287 2324 2243 2325 2245 2290 2244 2244 2290 2326 2290 2246 2327 2247 2291 2327 2247 2249 2291 2249 2250 2328 2292 2329 2251 2329 2367 2251 2330 2329 2292 2332 2294 2252 2294 2293 2252 2332 2253 2295 2252 2253 2332 2332 2295 2406 2406 2254 2407 2254 2216 2369 2216 2255 2369 2369 2255 2370 2256 2296 2372 2335 2372 2296 2336 2335 2296 2297 2336 2217 2298 2336 2297 2449 2336 2298 2299 2449 2298 2451 2449 2299 2300 2451 2299 2373 2451 2300 2373 2300 2301 2301 2257 2337 2259 2260 2375 2260 2376 2375 2376 2260 2414 2260 2186 2303 2303 2186 2304 2186 2261 2304 2261 2262 2305 2262 2222 2305 2305 2222 2307 2343 2222 2308 2309 2342 2224 2224 2263 2309 2263 2310 2344 2263 2225 2310 2310 2225 2264 2226 2311 2265 2311 2191 2265 2266 2311 2267 2227 2268 2312 2266 2227 2312 2313 2229 2349 2349 2229 2269 2269 2229 2314 2230 2270 2314 2272 2271 2270 2274 2273 2271 2270 2271 2351 2315 2275 2352 2273 2275 2315 2275 2231 2276 2316 2277 2278 2354 2316 2278 2278 2277 2279 2353 2278 2279 8565 2233 2355 8565 2355 8567 2355 2233 2317 2233 2280 2317 2280 2318 2317 2281 2318 2280 2235 2318 2281 2282 2318 2235 2318 2282 2319 2282 2236 2319 2319 2236 2320 2283 2237 2320 2163 2360 2237 2436 2360 2284 2436 2284 2321 2321 2322 2361 2239 2322 2321 2322 2239 2285 2285 2286 2240 2285 2240 2397 2287 2363 2362 2363 2287 2288 2288 2289 2323 2323 2289 2324 2399 2324 2325 2325 2244 2401 2401 2244 2326 2326 2290 2327 2403 2327 2364 2364 2327 2291 2365 2291 2249 2404 2249 2328 2366 2328 2367 2442 2329 2330 2293 2294 2332 2332 2492 2293 2370 2255 2334 2255 2333 2334 2372 2334 2333 2333 2256 2372 2411 2373 2301 2337 2411 2301 2337 2257 2338 2338 2184 2412 2257 2184 2338 2412 2337 2338 2412 2184 2339 2184 2302 2339 2302 2340 2339 2260 2303 2414 2303 2304 2341 2341 2304 2261 2261 2305 2341 2305 2306 2341 2305 2307 2306 2307 2222 2306 2343 2380 2222 2222 2380 2306 2343 2308 2342 2342 2309 2381 2309 2263 2344 2344 2310 2384 2264 2345 2384 2264 2384 2310 2264 2191 2345 2384 2345 2385 2311 2385 2191 2191 2385 2345 2266 2387 2386 2266 2386 2311 2387 2266 2346 2268 2346 2312 2346 2266 2312 2313 2346 2268 2346 2313 2347 2313 2349 2348 2314 2350 2269 2269 2350 2349 2314 2270 2351 2426 2314 2351 2351 2271 2273 2427 2351 2273 2352 2273 2315 2275 2276 2352 2352 2276 2391 2431 2276 2316 2278 2353 2472 8571 2353 2279 8571 2279 8566 8568 2355 2392 8568 2392 8569 2355 8568 8567 2317 2356 2355 2317 2357 2356 2318 2357 2317 2318 2358 2393 2358 2318 2319 2320 2359 2395 2237 2359 2320 2237 2360 2359 2436 2321 2361 2439 2397 2362 2363 2398 2483 2288 2398 2363 2398 2288 2323 2323 2324 2398 2398 2324 2399 2325 2400 2399 2400 2325 2401 2401 2326 2327 2403 2401 2327 2364 2291 2365 2365 2249 2440 2440 2249 2404 2404 2328 2366 2367 2329 2442 2442 2330 2368 2330 2331 2368 2444 2331 2293 2444 2293 2492 2492 2332 2406 2254 2369 2408 2494 2408 2369 2370 2494 2369 2370 2334 2371 2371 2334 2372 2372 2335 2409 2335 2336 2409 2409 2336 2496 2496 2336 2410 2410 2336 2449 2411 2337 2454 2454 2337 2412 2339 2340 2374 2340 2258 2374 2374 2258 2375 2414 2303 2377 2341 2501 2303 2341 2306 2378 2379 2306 2380 2380 2343 2417 2343 2381 2382 2343 2342 2381 2309 2344 2383 2383 2344 2384 2386 2385 2311 2313 2389 2347 2389 2346 2347 2348 2389 2313 2349 2390 2422 2348 2349 2422 2389 2348 2422 2349 2350 2390 2390 2350 2314 2424 2390 2314 2427 2273 2352 2391 2276 2431 2431 2316 2354 2429 2431 2354 2354 2278 2472 2353 8571 8572 2355 2356 2392 2356 2357 2393 2357 2318 2393 2319 2394 2358 2394 2319 2320 2360 2436 2359 2361 2396 2436 2396 2361 2322 2322 2285 2397 2362 2363 2439 2484 2399 2400 2486 2400 2401 2401 2403 2402 2403 2364 2365 2440 2403 2365 2404 2366 2405 2366 2367 2405 2367 2442 2405 2368 2331 2443 2443 2331 2444 2492 2406 2445 2447 2406 2407 2408 2493 2407 2407 2254 2408 2370 2371 2448 2371 2372 2448 2448 2372 2495 2495 2372 2409 2450 2449 2451 2451 2373 2452 2452 2373 2453 2339 2374 2455 2375 2413 2374 2375 2376 2413 2413 2376 2414 2414 2377 2415 2341 2456 2501 2456 2341 2416 2341 2378 2416 2378 2306 2379 2457 2379 2380 2417 2343 2458 2381 2309 2382 2343 2382 2459 2382 2309 2383 2383 2418 2461 2383 2384 2418 2385 2419 2418 2385 2418 2384 2386 2419 2385 2387 2420 2386 2387 2346 2420 2420 2346 2388 2389 2388 2346 2388 2389 2421 2466 2389 2422 2314 2423 2424 2422 2390 2424 2423 2314 2426 2351 2425 2426 2425 2351 2427 2352 2428 2427 2352 2431 2469 2391 2431 2352 2469 2428 2352 2430 2431 2429 2430 2429 2473 2429 2354 2472 8574 2472 2353 8574 2353 8572 8575 2474 2472 8575 2472 8574 2432 8577 8576 2432 8576 8573 2432 8573 8570 8569 2392 2432 8569 2432 8570 2392 2356 2433 2433 2356 2393 2393 2434 2433 2358 2434 2393 2358 2394 2476 2320 2395 2435 2320 2435 2547 2320 2547 2394 2359 2436 2479 2479 2436 2480 2436 2437 2480 2396 2437 2436 2481 2396 2322 2322 2438 2481 2397 2438 2322 2438 2397 2439 2552 2439 2363 2363 2483 2552 2398 2399 2483 2400 2485 2484 2400 2486 2485 2485 2486 2555 2486 2401 2402 2402 2403 2486 2486 2403 2488 2488 2403 2489 2489 2403 2440 2404 2441 2440 2404 2405 2441 2405 2442 2490 2490 2442 2368 2491 2444 2492 2447 2446 2406 2446 2445 2406 2447 2407 2493 2493 2408 2561 2494 2370 2518 2518 2370 2448 2495 2409 2520 2496 2410 2449 2449 2521 2496 2450 2521 2449 2451 2521 2450 2452 2521 2451 2373 2497 2453 2373 2411 2497 2454 2412 2523 2374 2413 2566 2415 2413 2414 2415 2377 2303 2378 2379 2416 2416 2379 2457 2380 2458 2503 2380 2503 2457 2380 2417 2458 2458 2343 2459 2459 2382 2460 2382 2461 2505 2382 2383 2461 2460 2382 2505 2462 2461 2418 2463 2418 2419 2464 2419 2386 2386 2420 2464 2465 2420 2388 2508 2388 2421 2422 2467 2466 2421 2389 2466 2424 2423 2422 2422 2423 2467 2426 2425 2423 2427 2428 2468 2427 2468 2425 2428 2469 2468 2425 2468 2469 2431 2470 2469 2431 2473 2471 2430 2473 2431 2471 2470 2431 2429 2472 2474 2434 2475 2433 2434 2476 2512 2434 2358 2476 2394 2477 2476 2477 2394 2547 2547 2435 2395 2395 2359 2547 2478 2359 2479 2437 2396 2481 2482 2438 2439 2483 2620 2552 2590 2620 2483 2483 2484 2553 2483 2399 2484 2553 2484 2485 2487 2486 2488 2489 2440 2556 2556 2440 2441 2557 2441 2405 2514 2405 2490 2559 2368 2443 2491 2560 2443 2443 2444 2491 2560 2491 2492 2632 2492 2516 2516 2492 2445 2445 2446 2493 2493 2516 2445 2446 2447 2493 2561 2408 2517 2517 2408 2494 2495 2518 2448 2634 2519 2495 2520 2634 2495 2496 2520 2409 2597 2497 2411 2454 2641 2411 2523 2641 2454 2565 2412 2498 2523 2412 2565 2498 2339 2565 2412 2339 2498 2565 2339 2499 2339 2455 2499 2499 2455 2374 2566 2413 2500 2415 2502 2413 2303 2501 2415 2501 2502 2415 2501 2456 2526 2502 2501 2526 2528 2416 2457 2458 2459 2531 2531 2459 2504 2459 2460 2504 2460 2505 2504 2505 2461 2534 2462 2534 2461 2534 2462 2535 2463 2536 2418 2418 2536 2462 2464 2536 2419 2419 2536 2463 2464 2420 2506 2465 2507 2420 2465 2388 2508 2507 2465 2508 2539 2508 2421 2421 2466 2539 2467 2540 2466 2467 2423 2578 2578 2423 2425 2580 2578 2425 2581 2425 2469 2541 2581 2469 2509 2469 2470 2509 2470 2471 2429 2543 2473 2543 2471 2473 8583 2543 2474 8583 2474 8580 2543 2429 2474 2474 8575 8579 2474 8579 8578 8581 2510 2544 8581 2544 8582 8577 2432 2510 8577 2510 8581 2432 2392 2510 2433 2510 2392 2433 2475 2510 2475 2511 2545 2475 2434 2511 2511 2434 2512 2476 2477 2512 2359 2548 2547 2548 2359 2478 2479 2550 2478 2480 2550 2479 2550 2480 2437 2551 2437 2481 2551 2481 2438 2438 2482 2513 2439 2552 2482 2483 2553 2590 2591 2553 2485 2591 2485 2555 2486 2487 2555 2487 2488 2489 2556 2487 2489 2556 2441 2557 2557 2405 2593 2593 2405 2558 2558 2405 2514 2514 2490 2515 2515 2490 2368 2443 2560 2559 2560 2492 2632 2594 2516 2706 2516 2493 2561 2563 2517 2494 2494 2518 2563 2519 2563 2518 2518 2495 2519 2522 2521 2636 2636 2521 2637 2521 2452 2637 2637 2452 2453 2453 2497 2597 2523 2565 2598 2598 2565 2643 2499 2374 2599 2499 2599 2565 2565 2599 2645 2566 2599 2374 2524 2566 2525 2566 2500 2525 2500 2413 2502 2456 2416 2526 2526 2416 2527 2527 2416 2528 2529 2528 2457 2530 2529 2457 2457 2503 2530 2530 2503 2458 2458 2531 2603 2531 2504 2532 2532 2504 2505 2533 2505 2534 2462 2536 2535 2506 2538 2464 2537 2536 2464 2538 2537 2464 2420 2507 2571 2420 2571 2538 2420 2538 2506 2571 2507 2508 2539 2466 2540 2576 2540 2467 2576 2467 2578 2580 2425 2581 2541 2469 2509 2541 2509 2471 2542 2543 2582 2471 2543 2542 2474 8578 8580 2511 2512 2545 2477 2546 2512 2547 2546 2477 2478 2549 2548 2478 2550 2549 2550 2437 2588 2551 2438 2513 2551 2513 2482 2552 2620 2619 2590 2553 2622 2622 2553 2554 2554 2553 2591 2623 2555 2487 2556 2557 2592 2558 2514 2515 2368 2559 2629 2559 2560 2630 2630 2560 2632 2705 2632 2594 2632 2516 2594 2706 2516 2707 2707 2516 2673 2516 2561 2673 2562 2561 2517 2517 2563 2562 2563 2674 2562 2634 2520 2564 2520 2496 2564 2564 2496 2596 2496 2521 2596 2521 2522 2596 2596 2522 2636 2597 2411 2640 2640 2411 2641 2641 2523 2598 2566 2524 2646 2525 2500 2600 2500 2502 2600 2502 2526 2601 2601 2526 2528 2526 2527 2528 2530 2458 2603 2531 2532 2604 2567 2532 2505 2505 2533 2568 2535 2569 2608 2535 2608 2534 2534 2608 2533 2535 2536 2569 2536 2570 2609 2536 2609 2569 2536 2537 2570 2537 2538 2570 2508 2572 2571 2508 2539 2572 2572 2539 2574 2573 2572 2574 2574 2539 2540 2610 2540 2576 2578 2575 2576 2580 2577 2578 2581 2579 2580 2471 2612 2541 2612 2656 2541 2612 2471 2542 2658 2582 2543 2543 8583 8584 8585 2614 2543 8585 2543 8584 2544 8586 8582 2544 2583 2660 2544 2510 2583 2510 2475 2583 2583 2475 2545 2512 2584 2545 2546 2585 2512 2512 2585 2584 2547 2548 2586 2547 2586 2697 2547 2697 2546 2548 2549 2587 2548 2587 2586 2587 2549 2588 2549 2550 2588 2437 2589 2588 2589 2437 2551 2482 2666 2551 2666 2482 2552 2619 2666 2552 2554 2591 2622 2591 2555 2623 2487 2624 2623 2624 2487 2556 2556 2592 2624 2624 2592 2625 2592 2557 2593 2592 2593 2626 2593 2558 2515 2368 2593 2515 2672 2594 2706 2595 2673 2561 2595 2562 2674 2561 2562 2595 2674 2633 2595 2674 2563 2708 2563 2519 2708 2637 2453 2638 2638 2453 2639 2453 2597 2639 2643 2565 2644 2644 2565 2645 2599 2566 2646 2525 2600 2679 2502 2681 2600 2502 2601 2681 2528 2529 2602 2530 2603 2685 2685 2603 2604 2603 2531 2604 2532 2605 2604 2532 2567 2605 2567 2606 2651 2567 2505 2606 2505 2568 2606 2606 2568 2533 2607 2606 2533 2533 2608 2607 2569 2609 2608 2570 2538 2609 2609 2538 2653 2653 2538 2571 2652 2571 2572 2652 2572 2573 2540 2610 2574 2610 2576 2575 2610 2575 2727 2578 2577 2575 2580 2579 2577 2575 2577 2730 2581 2611 2579 2611 2581 2541 2611 2541 2657 2657 2541 2656 2579 2611 2657 2613 2542 2582 2613 2612 2542 2658 2543 2614 8586 2544 2660 8586 2660 8587 2545 2615 2583 2545 2616 2615 2545 2584 2616 2584 2585 2546 2546 2663 2584 2663 2546 2697 2586 2587 2697 2588 2589 2618 2589 2551 2665 2665 2551 2666 2700 2666 2619 2619 2620 2621 2621 2620 2667 2620 2668 2667 2590 2668 2620 2668 2590 2622 2622 2591 2668 2668 2591 2623 2701 2623 2624 2625 2592 2626 2626 2593 2703 2703 2593 2671 2671 2593 2627 2627 2593 2368 2627 2368 2628 2368 2629 2628 2629 2630 2631 2629 2559 2630 2631 2630 2632 2705 2594 2672 2673 2595 2633 2708 2519 2712 2519 2634 2712 2713 2634 2564 2564 2596 2635 2676 2675 2564 2635 2676 2564 2635 2596 2636 2636 2676 2635 2637 2676 2636 2638 2676 2637 2714 2638 2639 2714 2597 2640 2639 2597 2714 2641 2642 2640 2642 2598 2677 2641 2598 2642 2677 2598 2643 2644 2677 2643 2599 2644 2645 2715 2599 2646 2679 2600 2680 2680 2600 2681 2681 2601 2647 2601 2683 2647 2683 2601 2528 2602 2648 2528 2528 2648 2684 2602 2529 2530 2530 2685 2649 2605 2650 2604 2605 2567 2651 2651 2606 2688 2607 2688 2606 2688 2607 2689 2608 2690 2607 2609 2691 2608 2609 2653 2692 2571 2652 2653 2573 2694 2652 2574 2610 2654 2573 2574 2654 2654 2610 2727 2729 2727 2575 2579 2657 2655 2730 2577 2579 2655 2730 2579 2612 2733 2695 2656 2612 2695 2733 2612 2613 2659 2582 2658 2659 2613 2582 8591 2658 2614 8591 2614 8589 2614 8585 8588 2660 8590 8587 2660 2662 2661 2583 2662 2660 2583 2616 2696 2583 2615 2616 2584 2663 2616 2587 2698 2697 2698 2587 2588 2588 2664 2698 2664 2588 2617 2617 2588 2618 2618 2665 2617 2589 2665 2618 2668 2623 2743 2624 2670 2701 2624 2625 2670 2703 2625 2626 2631 2632 2705 2746 2672 2706 2633 2748 2673 2748 2633 2819 2819 2633 2674 2711 2708 2712 2712 2634 2713 2713 2564 2675 2713 2675 2676 2780 2714 2781 2714 2640 2781 2781 2640 2782 2640 2642 2782 2782 2642 2677 2646 2678 2715 2646 2524 2678 2822 2678 2524 2525 2822 2524 2822 2525 2679 2647 2683 2681 2683 2528 2684 2530 2649 2602 2649 2685 2602 2604 2650 2686 2604 2686 2757 2604 2757 2685 2686 2650 2718 2650 2605 2687 2605 2651 2687 2687 2651 2688 2607 2690 2689 2608 2691 2690 2609 2692 2720 2720 2691 2609 2653 2652 2693 2652 2694 2693 2694 2573 2654 2723 2694 2654 2725 2654 2727 2729 2575 2730 2802 2655 2657 2657 2656 2695 2733 2613 2659 2732 2733 2659 8592 2659 2658 8592 2658 8591 2659 8592 8593 2614 8588 8589 2660 8594 8590 8594 2660 2734 8594 2734 8595 2661 2734 2660 2661 2662 2696 2662 2583 2696 2616 2735 2696 2663 2769 2616 2697 2769 2663 2664 2699 2698 2617 2699 2664 2739 2699 2617 2741 2617 2665 2666 2741 2665 2741 2666 2700 2700 2619 2812 2619 2621 2812 2621 2667 2668 2668 2669 2621 2669 2668 2743 2743 2623 2701 2773 2701 2670 2774 2670 2625 2702 2625 2703 2671 2704 2703 2704 2671 2627 2628 2704 2627 2629 2745 2628 2745 2629 2631 2631 2705 2746 2705 2672 2746 2706 2707 2747 2707 2673 2748 2819 2674 2708 2711 2710 2708 2710 2709 2708 2712 2749 2711 2749 2712 2713 2750 2676 2751 2676 2638 2751 2751 2638 2752 2752 2638 2714 2783 2677 2784 2677 2644 2784 2784 2644 2785 2785 2644 2599 2678 2822 2753 2679 2789 2822 2679 2680 2790 2680 2681 2790 2681 2682 2790 2682 2681 2716 2681 2683 2716 2684 2717 2683 2683 2717 2791 2602 2756 2755 2602 2755 2648 2756 2602 2757 2602 2685 2757 2718 2757 2686 2794 2650 2687 2687 2719 2759 2687 2688 2719 2689 2719 2688 2691 2761 2690 2690 2761 2689 2720 2692 2653 2763 2720 2653 2693 2694 2722 2722 2694 2723 2723 2654 2725 2727 2724 2725 2729 2726 2727 2730 2728 2729 2730 2655 2802 2695 2733 2731 2731 2657 2695 2765 2733 2732 2765 2732 2805 8597 2732 2659 8597 2659 8593 2734 2661 2696 2696 2735 2767 2616 2768 2735 2769 2809 2616 2616 2809 2768 2697 2698 2737 2697 2737 2736 2697 2736 2769 2698 2699 2738 2698 2738 2737 2738 2699 2739 2741 2700 2812 2741 2812 2771 2812 2621 2669 2669 2743 2742 2701 2773 2743 2773 2670 2774 2625 2775 2774 2775 2625 2702 2702 2703 2775 2775 2703 2814 2814 2703 2704 2704 2628 2744 2744 2628 2847 2628 2745 2776 2745 2631 2776 2848 2746 2849 2746 2706 2849 2817 2706 2747 2747 2707 2748 2850 2748 2851 2748 2819 2851 2819 2708 2777 2777 2708 2709 2709 2710 2749 2749 2778 2709 2710 2711 2749 2749 2713 2852 2852 2713 2779 2713 2676 2779 2779 2676 2750 2782 2677 2821 2821 2677 2783 2785 2599 2786 2786 2599 2787 2599 2715 2787 2789 2679 2790 2859 2790 2682 2682 2716 2754 2859 2682 2754 2754 2716 2683 2717 2684 2755 2684 2648 2755 2718 2792 2757 2718 2650 2758 2650 2794 2758 2687 2759 2794 2760 2759 2719 2689 2761 2719 2720 2762 2691 2762 2761 2691 2796 2720 2763 2653 2693 2763 2763 2693 2797 2797 2693 2721 2721 2693 2722 2723 2764 2722 2723 2725 2724 2723 2724 2872 2764 2723 2872 2727 2726 2724 2729 2728 2726 2724 2726 2875 2730 2802 2728 2802 2657 2803 2733 2835 2731 2835 2657 2731 2733 2765 2804 2804 2835 2733 8598 2805 2732 8598 2732 8597 8595 2734 2838 8595 2838 8596 2838 8601 8596 2766 2734 2696 2696 2767 2766 2737 2738 2736 2739 2617 2770 2770 2617 2843 2617 2811 2843 2741 2811 2617 2811 2741 2740 2740 2741 2771 2669 2813 2812 2813 2669 2742 2742 2743 2772 2772 2743 2773 2845 2773 2774 2814 2704 2744 2847 2628 2776 2776 2631 2816 2631 2746 2848 2849 2706 2817 2817 2748 2818 2817 2747 2748 2818 2748 2850 2778 2819 2777 2777 2709 2778 2820 2749 2892 2892 2749 2852 2750 2751 2854 2854 2751 2752 2752 2714 2780 2780 2855 2752 2782 2780 2781 2821 2780 2782 2785 2783 2784 2856 2786 2787 2856 2715 2788 2787 2715 2856 2715 2678 2788 2678 2753 2788 2788 2753 2822 2790 2859 2857 2754 2683 2791 2791 2717 2824 2755 2825 2717 2755 2756 2826 2757 2792 2756 2718 2793 2792 2718 2758 2793 2758 2794 2793 2795 2794 2759 2760 2933 2759 2761 2829 2719 2719 2829 2760 2762 2830 2761 2762 2720 2901 2901 2720 2796 2763 2797 2796 2721 2832 2797 2832 2721 2722 2799 2832 2722 2764 2800 2722 2722 2800 2799 2874 2872 2724 2728 2802 2801 2875 2726 2728 2801 2875 2728 2803 2657 2835 2804 2765 2805 8599 2806 2805 8599 2805 8598 2734 2766 2838 2767 2807 2766 2735 2807 2767 2735 2768 2808 2808 2768 2809 2841 2809 2769 2736 2841 2769 2736 2738 2841 2739 2810 2738 2810 2739 2770 2740 2885 2884 2771 2885 2740 2885 2771 2812 2913 2885 2812 2742 2844 2813 2844 2742 2772 2772 2773 2844 2774 2846 2845 2846 2774 2775 2775 2814 2846 2846 2814 2887 2815 2814 2744 2816 2847 2776 2631 2848 2816 2891 2819 2778 2778 2749 2820 2779 2750 2854 2854 2853 2779 2854 2752 2855 2821 2783 2923 2783 2785 2963 2963 2785 2786 2788 2924 2856 2822 2924 2788 2822 2789 2823 2789 2790 2858 2823 2789 2858 2858 2790 2857 2859 2754 2860 2860 2754 2861 2791 2927 2754 2754 2927 2861 2824 2717 2825 2755 2896 2825 2896 2755 2826 2897 2756 2792 2827 2897 2792 2792 2793 2827 2793 2794 2864 2864 2794 2931 2795 2931 2794 2759 2933 2795 2828 2933 2760 2760 2829 2828 2830 2829 2761 2901 2867 2762 2866 2830 2762 2867 2866 2762 2901 2796 2831 2797 2832 2798 2796 2797 2798 2832 2796 2798 2832 2799 2833 2799 2800 2764 2869 2799 2764 2871 2764 2872 2874 2724 2875 2803 2905 2802 2905 2801 2802 2835 2905 2803 2835 2804 2836 2837 2804 2805 8600 2837 2806 8600 2806 8599 2837 2805 2806 2807 2879 2878 2879 2807 2735 2880 2879 2735 2735 2839 2880 2808 2839 2735 2809 2840 2808 2840 2809 2841 2738 2842 2841 2738 2810 2842 2883 2810 2770 2770 2843 2883 2843 2811 2740 2913 2812 2813 2913 2813 2914 2915 2813 2844 2844 2845 2886 2844 2773 2845 2886 2845 2952 2952 2845 2846 2814 2888 2887 2888 2814 2815 2815 2744 2888 2888 2744 2916 2744 2847 2917 2847 2816 2917 2917 2816 2889 2816 2848 2890 2848 2849 2890 2849 2817 2818 2849 2818 2850 2919 2851 2891 2851 2819 2891 3001 2778 2958 2778 2820 2958 2853 2892 2852 2852 2779 2853 2855 2780 2921 2921 2780 2922 2780 2821 2922 2963 2786 2964 2964 2786 2856 2924 2822 2894 2822 2823 2894 2858 2857 2859 2791 2824 2862 2791 2862 2927 2824 2825 2862 2826 2928 2896 2756 2897 2826 2827 2793 2863 2793 2898 2863 2793 2864 2898 2865 2931 2795 2933 2828 2829 2831 2796 2832 2902 2831 2832 2832 2833 2902 2833 2799 2834 2904 2833 2834 2834 2799 2869 2872 2870 2871 2869 2764 2871 2874 2870 2872 2875 2873 2874 2875 2801 2905 2876 2905 2835 2943 2836 2804 2943 2835 2836 2804 2837 2985 2943 2804 2985 2837 8600 8603 8601 2838 2877 8601 2877 8602 2838 2766 2877 2808 2880 2839 2840 2909 2808 2808 2909 2880 2841 2842 2882 2841 2882 2881 2841 2881 2840 2948 2883 2843 2843 2740 2884 2911 2843 2884 2885 2913 2912 2914 2813 2915 2844 2886 2915 2886 2952 2951 2887 2952 2846 2744 2917 2916 2954 2917 2889 2889 2816 2890 2849 2918 2890 2849 2850 2918 2918 2850 2919 2850 2851 2919 2957 2891 3001 2891 2778 3001 2958 2820 2892 2920 2892 2853 3003 2853 2959 2853 2854 2959 2854 2855 2893 2923 2783 2962 2962 2783 2963 2964 2856 2965 2823 2858 2969 2859 2970 2858 2858 2970 2969 2860 2970 2859 2860 2861 2927 2927 2862 2926 2862 2895 2926 2895 2862 2825 2897 2928 2826 2827 2863 2929 2863 2898 2929 2864 2931 2898 2795 2933 2865 2931 2865 2932 2899 2933 2829 2866 2900 2830 2934 2829 2830 2900 2934 2830 2833 2903 2868 2902 2833 2868 2903 2902 2868 2903 2833 2904 2834 2869 2904 2871 2870 2869 2869 2870 2939 2874 2873 2870 2875 2905 2873 2941 2905 2940 2873 2905 2941 2835 2906 2876 2906 2905 2876 2906 2835 2943 2837 8603 8604 2877 8606 8602 2766 2807 2877 2877 2807 2878 2878 2879 2877 2880 2908 2879 2989 2840 2881 2882 2842 2881 2842 2810 2883 2910 2842 2883 2948 2843 2991 2991 2843 2911 2911 2884 2885 2911 2885 2912 2913 2914 2949 2951 2915 2886 2887 2953 2952 2952 2953 2995 2953 2887 2888 2888 2916 2953 2916 2917 2954 2997 2889 2890 2997 2890 2955 2890 2918 2956 2956 2918 2919 2919 2891 2957 2920 3002 2958 2958 2892 2920 2920 2853 3003 2854 2893 2960 2893 2855 2960 2960 2855 2921 2922 2821 2961 2961 2821 2923 2965 2856 2966 2966 2856 2924 2924 2894 2925 2925 2894 2823 2823 2969 3007 2927 2970 2860 2926 2895 2971 2825 2896 2928 2895 2825 2928 2897 2972 2928 2827 2929 2897 2929 2898 2930 2930 2898 2975 2865 2933 2932 2829 2934 2899 2934 2933 2899 2935 2934 2900 2900 2866 2935 2935 2866 2867 2936 2935 2867 2831 2937 2936 2831 2936 2901 2901 2936 2867 2831 2902 2937 2902 2981 2937 2981 2902 2903 2904 2938 2903 2904 2869 3023 3021 2904 3023 3023 2869 2939 2873 2941 3024 2939 2870 2873 3024 2939 2873 2940 2905 2906 2940 2906 2942 2837 8604 8605 8608 2985 2837 8608 2837 8605 8606 2877 2907 8606 2907 8607 2944 2907 2877 2879 2944 2877 2879 2945 2987 2879 2908 2945 2908 2880 2945 2945 2880 2909 2988 2840 2989 2881 2946 2989 2842 2946 2881 2842 2947 2946 2947 2842 2910 2910 2883 2948 2991 2949 2992 2911 2949 2991 2912 2949 2911 2949 2912 2913 2949 2914 2915 2993 2949 2915 2993 2915 2950 2950 2915 2951 2951 2952 3031 3031 2952 2995 2995 2953 2916 2954 2889 2996 2889 2997 2996 2955 2890 2956 2956 2919 2998 2999 2919 2957 3000 2957 3001 3002 2920 3141 2959 2854 3004 3004 2854 2960 2921 2922 2961 2961 3005 2921 2961 2923 2962 2963 2961 2962 3102 2963 2964 3103 3102 2964 2964 2965 3103 2966 3103 2965 2966 2924 2967 2924 2968 2967 2924 2925 2968 2925 2823 3006 2823 3007 3006 2927 2926 3071 2927 3071 2970 2970 3071 3009 3071 2926 2971 2971 2895 3044 2928 2973 2895 2973 2928 2972 2897 2974 3010 2897 3010 2972 2897 2929 2974 2930 3047 2929 2929 3047 2974 2898 2931 2976 2898 2976 3013 2898 3013 2975 2931 2932 2976 2932 2977 2976 2932 2933 2977 2934 2978 2977 2934 2977 2933 2934 2935 2978 3049 2935 2936 3049 2936 2937 2980 3049 2937 2903 2938 2981 2982 2938 2904 3083 3024 2941 2983 2942 2906 2941 2940 2942 2983 2941 2942 2906 2943 2984 2983 2906 2984 8609 2986 2985 8609 2985 8608 8607 2907 2944 8607 2944 8610 2944 2879 2987 2840 2988 2909 2946 2990 2989 2946 2947 2990 3059 3029 2949 3059 2949 2993 2993 2951 2994 2950 2951 2993 2951 3030 3061 3030 2951 3031 2995 2916 2954 3032 2995 2954 3032 2954 2996 2996 2997 3034 3034 2997 3063 2997 2955 2956 2997 2956 2998 2998 2919 3065 3065 2919 3036 3036 2919 2999 2999 2957 3000 3096 3001 3140 3001 2958 3140 3140 2958 3066 3066 2958 3002 3066 3002 3141 3141 2920 3097 2920 3003 3097 3003 2959 3037 3038 2959 3004 2960 3039 3004 3005 3039 2960 2960 2921 3005 3005 2961 3040 3040 2961 3101 2961 2963 3101 2966 2967 3147 3147 2967 3148 3148 2967 3069 2967 2968 3069 3007 3008 3006 3007 2969 3041 2969 2970 3041 3044 2895 3045 2895 2973 3045 2973 2972 3010 2974 3011 3010 2974 3047 3046 2975 3013 2930 3047 2930 3012 3048 3013 2976 3014 2976 2977 3015 2977 2978 2978 2935 3015 3015 2935 2979 2935 3049 2979 2937 3017 2980 3017 3049 2980 2981 3080 3018 2981 3018 2937 2937 3018 3017 3080 2981 2938 3019 3080 2938 3050 2938 2982 2982 2904 3021 3023 3020 3021 2939 3022 3023 3022 2939 3024 3051 2941 2983 2943 2985 3025 2984 2943 3025 2986 8609 8614 8612 2985 2986 8612 2986 8614 8610 2944 3053 8610 3053 8611 2987 3026 2944 2987 2945 3026 2909 3055 2945 2988 3056 2909 2909 3056 3055 2988 3057 3056 2989 2990 3027 2989 3027 2988 3028 2990 2947 2910 3058 2947 3058 2910 2948 2991 3092 2948 2992 3092 2991 3092 2992 2949 3092 2949 3029 2993 2994 3059 3093 2994 2951 3093 2951 3061 3061 3030 3031 3031 2995 3094 3094 2995 3032 3032 3034 3033 3034 3032 2996 2997 3035 3063 3035 2997 2998 3036 2999 3000 3000 3001 3096 3097 3003 3142 3142 3003 3067 3067 3003 3037 3037 2959 3038 3038 3004 3039 3038 3039 3068 3039 3005 3100 3101 2963 3102 3103 2966 3147 2968 2925 3006 3008 3007 3070 3007 3041 3070 3042 2970 3043 3041 2970 3042 2970 3009 3043 2971 3044 3071 3045 2973 3108 3010 3110 2973 3072 3010 3011 2974 3046 3011 2930 3013 3012 3012 3013 3048 3014 3076 2976 2976 3076 3048 3015 3076 2977 2977 3076 3014 3079 3114 3015 2979 3049 3015 3078 3049 3016 3017 3016 3049 3017 3018 3080 3116 3017 3080 3019 2938 3050 3021 3020 2982 3023 3022 3020 3024 3083 3166 3022 3024 3166 3020 3022 3166 3083 2941 3119 3051 2983 2984 3052 3051 2984 2985 8612 8613 3053 8616 8611 3053 2944 3086 3086 2944 3026 2945 3054 3026 2945 3055 3054 3057 2988 3027 2990 3127 3027 3028 3127 2990 3127 3028 2947 3128 3127 2947 3128 2947 3058 2948 3090 3058 3091 3090 2948 2948 3092 3091 3092 3029 3059 2994 3130 3059 3131 3130 2994 3131 2994 3093 3093 3061 3060 3061 3031 3094 3094 3062 3213 3032 3062 3094 3062 3032 3033 3062 3033 3135 3033 3034 3136 3034 3063 3136 3063 3035 3064 3064 3035 2998 2998 3065 3064 3065 3036 3000 3140 3066 3180 3180 3066 3141 3067 3037 3038 3067 3038 3098 3039 3100 3144 3005 3040 3100 3104 3006 3152 3006 3008 3152 3041 3042 3070 3042 3043 3105 3009 3071 3043 3071 3044 3107 3045 3154 3044 3108 2973 3109 2973 3110 3109 3010 3072 3266 3010 3266 3110 3011 3046 3072 3072 3046 3112 3046 3073 3112 3046 3047 3073 3047 3012 3073 3073 3012 3074 3012 3048 3074 3048 3076 3075 3015 3114 3077 3160 3076 3015 3077 3160 3015 3079 3015 3078 3015 3049 3078 3116 3016 3017 3050 3081 3019 3019 3081 3080 3050 2982 3020 3118 3050 3020 3082 3020 3166 3119 2941 3051 3119 3051 3084 2984 3121 3052 3121 3051 3052 8615 3085 2985 8615 2985 8613 3085 3025 2985 3121 2984 3025 3053 8617 8616 3086 3087 3124 3026 3087 3086 3054 3087 3026 3054 3055 3173 3173 3055 3056 3088 3056 3057 3027 3126 3057 3027 3127 3126 3089 3128 3058 3089 3058 3090 3091 3092 3129 3129 3092 3208 3208 3092 3059 3093 3060 3132 3132 3060 3061 3132 3061 3094 3094 3213 3133 3033 3136 3135 3137 3136 3215 3136 3138 3215 3063 3138 3136 3138 3063 3064 3138 3064 3139 3064 3095 3139 3065 3095 3064 3095 3065 3000 3000 3096 3095 3143 3142 3098 3142 3067 3098 3143 3098 3099 3098 3038 3099 3038 3068 3218 3101 3102 3185 3103 3147 3146 3149 3148 3186 3148 3069 3186 3186 3069 2968 2968 3006 3150 3150 3006 3104 3105 3043 3189 3190 3043 3106 3043 3190 3189 3043 3071 3106 3071 3190 3106 3190 3071 3107 3107 3044 3154 3045 3108 3154 3155 3266 3072 3111 3155 3072 3072 3112 3111 3073 3074 3112 3048 3113 3074 3048 3075 3113 3075 3076 3158 3076 3159 3158 3159 3076 3160 3161 3114 3079 3078 3016 3115 3080 3198 3117 3080 3117 3116 3116 3117 3164 3080 3081 3198 3198 3081 3050 3200 3198 3050 3200 3050 3118 3118 3020 3082 3083 3119 3201 3201 3166 3083 3168 3084 3051 3168 3119 3084 3051 3121 3120 3168 3051 3120 3085 8615 8618 3122 3025 3085 3123 8620 8619 8617 3053 3123 8617 3123 8619 3123 3053 3086 3124 3087 3172 3172 3087 3054 3173 3172 3054 3056 3125 3173 3125 3056 3088 3089 3090 3091 3089 3091 3129 3059 3130 3208 3093 3210 3131 3211 3210 3093 3211 3093 3132 3132 3133 3212 3094 3133 3132 3213 3062 3178 3178 3062 3135 3135 3136 3137 3139 3095 3096 3096 3140 3216 3216 3140 3179 3141 3097 3290 3290 3097 3258 3258 3097 3142 3142 3143 3258 3143 3099 3294 3099 3038 3294 3294 3038 3218 3068 3039 3181 3181 3039 3144 3144 3100 3183 3183 3100 3040 3040 3101 3185 3185 3184 3040 3185 3102 3145 3145 3103 3146 3102 3103 3145 3146 3185 3145 3147 3149 3146 3148 3149 3147 3151 2968 3150 3186 2968 3151 3151 3104 3152 3150 3104 3151 3008 3151 3152 3008 3070 3153 3153 3070 3042 3107 3224 3190 3154 3108 3191 3109 3226 3108 3109 3110 3266 3111 3112 3156 3112 3074 3157 3113 3192 3074 3074 3192 3157 3075 3193 3113 3075 3158 3194 3193 3075 3194 3077 3114 3161 3160 3077 3161 3079 3078 3161 3161 3078 3162 3162 3078 3115 3115 3016 3116 3163 3115 3116 3116 3164 3163 3164 3117 3198 3165 3164 3198 3118 3082 3166 3167 3166 3201 3201 3119 3168 3168 3120 3121 3168 3121 3169 8621 3170 3085 8621 3085 8618 3170 3122 3085 3121 3025 3122 3170 3121 3122 3086 3124 3123 3204 3173 3125 3204 3125 3088 3057 3174 3088 3126 3174 3057 3126 3175 3174 3127 3175 3126 3127 3207 3175 3128 3207 3127 3128 3089 3207 3089 3129 3177 3130 3209 3208 3209 3130 3131 3209 3131 3210 3213 3212 3133 3135 3134 3178 3178 3134 3214 3134 3135 3137 3215 3138 3253 3253 3138 3255 3138 3139 3255 3255 3139 3096 3255 3096 3216 3179 3180 3289 3179 3140 3180 3289 3180 3217 3180 3141 3217 3258 3143 3292 3143 3294 3292 3218 3068 3181 3182 3181 3144 3144 3183 3182 3183 3219 3182 3184 3219 3183 3183 3040 3184 3219 3184 3185 3332 3185 3221 3185 3146 3221 3260 3149 3186 3186 3151 3260 3260 3151 3298 3298 3151 3299 3299 3151 3300 3300 3151 3261 3151 3008 3261 3261 3008 3337 3008 3153 3337 3153 3187 3337 3042 3187 3153 3188 3187 3042 3042 3105 3188 3105 3189 3188 3107 3304 3224 3107 3154 3191 3304 3107 3191 3191 3108 3225 3108 3226 3225 3109 3266 3226 3111 3156 3228 3111 3228 3268 3228 3156 3229 3112 3157 3229 3112 3229 3156 3157 3192 3229 3158 3159 3194 3194 3159 3195 3195 3159 3160 3232 3160 3161 3196 3161 3162 3115 3163 3237 3163 3164 3197 3197 3164 3165 3200 3165 3198 3118 3239 3200 3167 3239 3166 3239 3118 3166 3168 3241 3201 3202 3121 3170 3170 8621 8622 8620 3123 3243 8620 3243 8626 3123 3171 3244 3123 3124 3171 3171 3124 3172 3203 3171 3172 3203 3172 3173 3088 3205 3204 3174 3206 3088 3089 3247 3207 3247 3089 3176 3176 3089 3177 3177 3208 3176 3129 3208 3177 3209 3210 3249 3132 3250 3211 3250 3132 3212 3251 3213 3178 3288 3178 3214 3214 3134 3137 3137 3215 3214 3256 3216 3329 3216 3179 3289 3217 3141 3290 3182 3218 3181 3402 3296 3182 3219 3402 3182 3219 3185 3220 3337 3187 3262 3187 3188 3301 3188 3222 3301 3189 3222 3188 3222 3189 3223 3189 3190 3223 3266 3155 3227 3155 3111 3227 3266 3227 3267 3227 3111 3268 3230 3229 3192 3113 3230 3192 3230 3113 3270 3193 3194 3113 3160 3272 3195 3195 3272 3194 3160 3232 3233 3272 3160 3233 3161 3196 3232 3232 3196 3234 3115 3236 3235 3115 3235 3162 3162 3235 3196 3236 3115 3237 3237 3163 3197 3165 3276 3197 3200 3199 3238 3200 3238 3165 3200 3239 3199 3165 3238 3199 3239 3353 3199 3167 3240 3239 3240 3167 3201 3241 3240 3201 3168 3279 3241 3121 3202 3242 3242 3169 3121 3279 3168 3169 8623 3202 3170 8623 3170 8622 3202 8623 8624 3243 3123 3244 3173 3245 3203 3173 3204 3245 3245 3204 3246 3246 3204 3205 3088 3246 3205 3246 3088 3206 3206 3174 3175 3247 3175 3207 3284 3247 3285 3176 3285 3247 3176 3323 3285 3208 3323 3176 3248 3323 3208 3209 3248 3208 3249 3248 3209 3210 3324 3249 3324 3210 3211 3324 3211 3250 3250 3251 3286 3212 3251 3250 3251 3212 3213 3251 3178 3288 3214 3252 3288 3252 3214 3326 3214 3215 3253 3253 3255 3254 3256 3255 3216 3216 3289 3329 3257 3258 3291 3257 3290 3258 3291 3258 3292 3293 3292 3294 3295 3294 3218 3218 3182 3296 3402 3219 3374 3374 3219 3259 3219 3220 3259 3220 3185 3332 3221 3146 3332 3332 3146 3297 3146 3149 3297 3297 3149 3260 3334 3260 3298 3301 3222 3302 3223 3263 3222 3223 3190 3263 3190 3224 3263 3191 3264 3304 3191 3225 3264 3225 3226 3264 3264 3226 3265 3265 3226 3266 3306 3266 3267 3227 3268 3267 3228 3308 3268 3229 3230 3228 3228 3230 3309 3309 3230 3269 3113 3194 3270 3270 3194 3271 3271 3194 3231 3194 3272 3231 3232 3273 3233 3273 3232 3274 3232 3234 3274 3196 3235 3234 3234 3235 3274 3274 3235 3236 3275 3274 3236 3237 3313 3236 3197 3313 3237 3276 3165 3278 3278 3165 3199 3354 3278 3199 3355 3239 3240 3355 3353 3239 3240 3241 3317 3316 3241 3279 3202 8624 8625 3169 3242 3202 3319 3243 3244 3244 3171 3203 3203 3280 3244 3245 3280 3203 3246 3360 3245 3246 3281 3360 3246 3282 3281 3206 3282 3246 3206 3175 3282 3283 3175 3247 3250 3393 3324 3286 3393 3250 3251 3287 3286 3368 3287 3251 3251 3288 3368 3326 3288 3252 3214 3327 3326 3327 3214 3253 3253 3254 3327 3255 3328 3254 3328 3255 3256 3329 3289 3330 3289 3217 3330 3217 3290 3371 3290 3291 3371 3290 3257 3291 3371 3291 3292 3295 3296 3331 3295 3218 3296 3333 3332 3297 3335 3260 3334 3336 3261 3337 3337 3262 3338 3262 3187 3301 3302 3222 3340 3222 3263 3340 3263 3224 3303 3224 3304 3303 3304 3264 3341 3264 3265 3305 3265 3266 3305 3305 3266 3306 3267 3307 3306 3268 3308 3267 3228 3343 3308 3228 3309 3343 3230 3270 3269 3270 3271 3310 3231 3272 3311 3233 3273 3272 3272 3273 3348 3348 3273 3274 3348 3274 3312 3236 3313 3275 3313 3274 3275 3197 3314 3313 3197 3276 3314 3314 3276 3277 3315 3314 3277 3277 3276 3278 3389 3278 3354 3354 3199 3353 3317 3241 3316 3355 3240 3317 3169 3356 3279 3356 3316 3279 8629 3318 3202 8629 3202 8625 3356 3169 3202 3318 3356 3202 3319 8628 8627 8626 3243 3319 8626 3319 8627 3244 3358 3319 3244 3280 3320 3320 3280 3245 3359 3320 3245 3245 3360 3359 3322 3281 3282 3282 3175 3283 3283 3247 3284 3363 3283 3284 3458 3284 3285 3458 3285 3323 3323 3365 3364 3248 3365 3323 3365 3248 3249 3324 3393 3367 3393 3286 3287 3368 3325 3394 3368 3288 3325 3325 3288 3394 3394 3288 3326 3398 3254 3328 3399 3328 3256 3399 3256 3329 3370 3330 3217 3371 3292 3372 3372 3292 3401 3292 3293 3401 3401 3293 3373 3373 3293 3294 3373 3294 3331 3294 3295 3331 3331 3296 3402 3374 3259 3220 3376 3332 3333 3297 3260 3335 3335 3298 3404 3334 3298 3335 3298 3299 3404 3299 3300 3261 3336 3299 3261 3337 3339 3336 3338 3339 3337 3338 3262 3339 3262 3301 3379 3339 3262 3379 3263 3303 3340 3303 3405 3340 3304 3405 3303 3405 3304 3341 3341 3264 3381 3305 3407 3264 3267 3342 3409 3267 3409 3307 3267 3308 3342 3342 3308 3343 3269 3345 3309 3269 3270 3345 3345 3270 3346 3310 3383 3270 3270 3383 3346 3272 3347 3311 3311 3347 3231 3272 3348 3347 3350 3348 3312 3312 3274 3313 3351 3312 3313 3313 3314 3386 3352 3314 3387 3387 3314 3315 3315 3277 3278 3355 3317 3390 3316 3356 3357 8631 3356 3318 8631 3318 8629 3319 8630 8628 3422 3421 3319 3319 3358 3422 3358 3244 3320 3361 3360 3281 3281 3362 3361 3362 3281 3321 3321 3281 3322 3322 3282 3283 3363 3284 3458 3458 3323 3364 3365 3249 3324 3366 3365 3324 3366 3324 3367 3287 3368 3393 3368 3394 3430 3394 3326 3396 3369 3397 3326 3397 3396 3326 3326 3327 3369 3369 3327 3254 3369 3254 3398 3398 3328 3399 3329 3370 3399 3370 3329 3330 3370 3217 3499 3432 3373 3466 3373 3331 3466 3467 3402 3468 3402 3374 3468 3374 3220 3375 3375 3220 3433 3403 3433 3220 3403 3332 3376 3220 3332 3403 3376 3333 3297 3376 3297 3377 3377 3297 3470 3297 3335 3470 3470 3335 3404 3404 3299 3472 3472 3299 3473 3299 3336 3473 3473 3336 3339 3504 3339 3474 3379 3474 3339 3379 3301 3378 3301 3302 3378 3302 3379 3378 3379 3302 3380 3302 3340 3380 3507 3340 3405 3341 3439 3405 3264 3407 3381 3305 3408 3407 3306 3307 3305 3408 3305 3382 3305 3307 3409 3441 3409 3342 3342 3343 3441 3410 3343 3344 3343 3309 3344 3344 3309 3480 3345 3480 3309 3346 3383 3345 3231 3384 3271 3231 3347 3384 3349 3483 3348 3348 3483 3347 3348 3350 3349 3385 3349 3350 3312 3351 3350 3351 3313 3386 3414 3351 3386 3386 3314 3352 3278 3388 3315 3388 3278 3389 3353 3417 3354 3417 3389 3354 3417 3353 3355 3317 3316 3419 3419 3390 3317 3356 8631 8632 8630 3319 3421 8630 3421 8633 3422 3358 3320 3391 3422 3320 3391 3320 3359 3359 3360 3361 3362 3424 3361 3322 3392 3321 3322 3283 3392 3392 3283 3456 3283 3425 3456 3363 3425 3283 3363 3458 3425 3458 3427 3491 3364 3427 3458 3427 3364 3365 3427 3365 3366 3366 3367 3393 3368 3429 3393 3459 3429 3368 3459 3368 3430 3430 3394 3395 3395 3394 3396 3369 3398 3496 3399 3370 3498 3217 3431 3499 3431 3217 3371 3371 3372 3431 3372 3401 3464 3464 3401 3432 3401 3373 3432 3466 3331 3402 3469 3468 3374 3374 3375 3433 3433 3469 3374 3376 3377 3435 3473 3339 3502 3502 3339 3503 3503 3339 3504 3474 3379 3436 3380 3437 3379 3380 3340 3437 3437 3340 3507 3475 3405 3439 3341 3508 3439 3341 3381 3406 3508 3341 3406 3406 3381 3407 3305 3409 3382 3409 3408 3382 3410 3344 3411 3344 3480 3411 3412 3480 3345 3345 3383 3443 3310 3443 3383 3443 3310 3413 3384 3413 3271 3271 3413 3310 3347 3483 3445 3446 3483 3349 3350 3351 3385 3450 3351 3414 3352 3414 3386 3387 3315 3352 3315 3388 3415 3315 3522 3352 3389 3416 3388 3389 3417 3416 3355 3486 3417 3416 3417 3521 3486 3355 3390 3316 3418 3419 3357 3356 3420 3418 3316 3357 3420 3418 3357 8634 3420 3356 8634 3356 8632 3421 8636 8633 3359 3361 3423 3423 3361 3424 3424 3362 3321 3321 3489 3424 3489 3321 3392 3425 3458 3457 3426 3491 3427 3366 3428 3427 3428 3366 3393 3492 3428 3393 3492 3393 3429 3430 3395 3494 3395 3396 3397 3397 3369 3495 3398 3460 3496 3460 3398 3399 3399 3400 3460 3400 3399 3498 3498 3370 3462 3462 3370 3499 3499 3431 3463 3463 3431 3372 3465 3432 3466 3466 3402 3579 3579 3402 3467 3433 3403 3543 3403 3376 3543 3543 3376 3435 3470 3404 3471 3471 3404 3472 3379 3437 3505 3437 3507 3506 3507 3405 3438 3438 3405 3475 3409 3440 3408 3441 3343 3477 3343 3410 3477 3477 3410 3442 3442 3410 3411 3345 3443 3412 3480 3412 3481 3444 3413 3384 3445 3384 3347 3385 3447 3349 3385 3351 3448 3447 3385 3448 3414 3449 3450 3448 3351 3450 3451 3449 3414 3352 3451 3414 3451 3352 3520 3452 3352 3522 3522 3315 3415 3415 3388 3416 3521 3415 3416 3521 3417 3486 3486 3390 3419 3418 3486 3419 3567 3418 3420 8635 3487 3420 8635 3420 8634 8636 3421 3526 8636 3526 8637 3421 3453 3526 3422 3453 3421 3422 3454 3453 3391 3454 3422 3359 3454 3391 3359 3423 3488 3424 3488 3423 3424 3531 3488 3455 3531 3424 3424 3489 3455 3392 3490 3489 3456 3490 3392 3457 3456 3425 3457 3458 3491 3426 3427 3428 3494 3459 3430 3395 3495 3494 3495 3395 3397 3496 3495 3369 3496 3460 3461 3461 3460 3400 3500 3499 3463 3372 3464 3541 3464 3432 3465 3469 3648 3468 3469 3433 3434 3434 3433 3649 3433 3543 3649 3435 3377 3501 3377 3470 3501 3474 3436 3549 3549 3436 3379 3505 3437 3506 3438 3476 3507 3475 3476 3438 3406 3625 3508 3407 3408 3406 3406 3408 3509 3440 3556 3408 3409 3441 3440 3440 3441 3511 3511 3441 3477 3477 3442 3478 3411 3478 3442 3411 3480 3478 3412 3443 3481 3413 3515 3443 3482 3413 3444 3444 3384 3445 3483 3444 3445 3349 3447 3446 3483 3446 3484 3446 3447 3448 3449 3448 3450 3520 3352 3452 3565 3452 3522 3522 3415 3521 3521 3486 3594 3485 3486 3418 3485 3418 3524 3524 3418 3523 3567 3420 3487 3526 8640 8637 3453 3527 3526 3453 3454 3528 3528 3454 3359 3529 3528 3359 3359 3488 3529 3490 3456 3457 3534 3491 3535 3491 3426 3535 3573 3426 3428 3429 3537 3492 3537 3429 3459 3574 3537 3459 3574 3459 3494 3494 3495 3575 3575 3495 3496 3496 3539 3497 3539 3496 3461 3461 3400 3539 3539 3400 3576 3400 3498 3577 3498 3462 3577 3499 3500 3578 3372 3500 3463 3465 3466 3464 3579 3467 3616 3467 3648 3616 3467 3468 3648 3648 3469 3580 3469 3434 3580 3580 3434 3542 3542 3434 3649 3501 3470 3544 3470 3471 3544 3472 3473 3502 3504 3474 3546 3546 3474 3547 3547 3474 3548 3548 3474 3549 3549 3379 3550 3379 3505 3550 3507 3476 3553 3475 3439 3554 3554 3439 3508 3509 3625 3406 3557 3556 3440 3510 3557 3440 3440 3511 3510 3477 3478 3512 3513 3478 3479 3478 3480 3479 3479 3480 3514 3481 3514 3480 3514 3481 3515 3443 3515 3481 3482 3516 3413 3413 3516 3515 3482 3444 3483 3631 3482 3483 3517 3483 3484 3484 3446 3448 3518 3484 3448 3449 3519 3448 3448 3519 3518 3562 3449 3451 3563 3520 3452 3486 3524 3566 3485 3524 3486 3566 3594 3486 3523 3418 3567 3523 3567 3525 8642 3567 3487 8642 3487 8639 3487 8635 8638 3527 3453 3528 3530 3488 3531 3455 3532 3531 3532 3455 3489 3490 3532 3489 3457 3533 3490 3457 3534 3533 3491 3534 3457 3535 3426 3573 3428 3536 3573 3536 3428 3492 3536 3492 3537 3493 3574 3494 3493 3494 3575 3496 3538 3575 3538 3496 3497 3538 3497 3606 3576 3400 3577 3462 3499 3578 3578 3500 3372 3578 3372 3540 3372 3541 3540 3541 3464 3613 3464 3466 3613 3613 3466 3579 3581 3435 3501 3582 3581 3501 3544 3582 3501 3472 3544 3471 3472 3502 3545 3545 3503 3620 3502 3503 3545 3620 3504 3546 3503 3504 3620 3549 3547 3548 3550 3547 3549 3551 3547 3550 3550 3505 3552 3551 3550 3552 3505 3506 3584 3506 3507 3584 3584 3507 3553 3475 3554 3476 3554 3508 3555 3508 3625 3555 3509 3624 3625 3509 3408 3556 3510 3511 3477 3478 3558 3512 3558 3477 3512 3478 3513 3558 3513 3514 3559 3513 3479 3514 3560 3515 3516 3561 3516 3482 3483 3517 3631 3518 3631 3517 3484 3518 3517 3518 3519 3449 3590 3518 3449 3591 3449 3562 3562 3451 3520 3563 3452 3565 3521 3593 3522 3564 3565 3522 3593 3564 3522 3593 3521 3594 3672 3566 3524 3524 3523 3525 3487 8638 8639 3527 3568 3526 8640 3526 3568 8640 3568 8641 3569 3527 3528 3596 3528 3529 3529 3488 3530 3531 3570 3530 3531 3532 3570 3597 3532 3598 3532 3571 3598 3490 3571 3532 3572 3571 3490 3490 3599 3572 3533 3599 3490 3534 3535 3533 3573 3536 3601 3536 3537 3574 3574 3602 3680 3493 3602 3574 3493 3575 3602 3606 3575 3538 3497 3607 3606 3607 3497 3539 3539 3576 3607 3610 3578 3540 3613 3579 3614 3614 3579 3615 3617 3649 3543 3543 3435 3581 3581 3618 3543 3472 3545 3619 3619 3545 3620 3546 3547 3689 3689 3547 3723 3723 3547 3621 3621 3547 3551 3552 3583 3551 3552 3505 3583 3505 3584 3583 3584 3553 3585 3553 3476 3585 3656 3476 3655 3476 3554 3655 3509 3556 3557 3510 3477 3626 3510 3626 3660 3477 3558 3626 3626 3558 3627 3558 3513 3627 3586 3513 3559 3515 3587 3514 3515 3560 3587 3588 3631 3589 3589 3631 3518 3449 3591 3590 3520 3592 3562 3520 3563 3592 3565 3564 3563 3564 3593 3639 3567 8642 8643 8645 3595 3567 8645 3567 8643 3595 3525 3567 3595 3524 3525 3568 8644 8641 3527 3641 3568 3569 3641 3527 3569 3528 3641 3529 3643 3596 3529 3530 3643 3643 3530 3675 3675 3530 3570 3532 3597 3570 3571 3572 3599 3535 3600 3533 3600 3535 3573 3600 3573 3601 3601 3536 3679 3679 3536 3574 3680 3679 3574 3602 3681 3680 3682 3681 3602 3602 3603 3604 3602 3575 3603 3603 3575 3604 3604 3575 3605 3605 3575 3606 3607 3684 3608 3576 3684 3607 3684 3576 3577 3462 3609 3646 3578 3609 3462 3609 3578 3610 3610 3540 3685 3540 3611 3612 3540 3541 3611 3611 3541 3613 3611 3613 3612 3615 3616 3647 3615 3579 3616 3647 3616 3648 3648 3580 3719 3580 3542 3719 3650 3649 3617 3618 3721 3617 3617 3543 3618 3581 3582 3651 3544 3472 3619 3620 3546 3689 3621 3551 3653 3653 3551 3622 3551 3583 3654 3584 3729 3583 3730 3729 3584 3584 3585 3623 3730 3584 3623 3585 3476 3623 3623 3476 3656 3555 3625 3733 3555 3733 3554 3509 3557 3659 3509 3659 3624 3557 3510 3659 3659 3510 3660 3627 3513 3628 3628 3513 3629 3629 3513 3586 3559 3514 3586 3586 3514 3630 3587 3630 3514 3516 3587 3560 3516 3561 3665 3482 3631 3665 3665 3561 3482 3632 3631 3588 3589 3633 3634 3589 3518 3633 3518 3590 3633 3590 3635 3633 3635 3590 3591 3562 3592 3636 3591 3562 3636 3592 3563 3637 3564 3638 3668 3637 3563 3564 3668 3637 3564 3639 3593 3594 3638 3564 3639 3639 3594 3703 3594 3566 3672 3670 3594 3672 3672 3524 3595 8646 3640 3595 8646 3595 8645 3528 3642 3641 3596 3642 3528 3570 3644 3675 3597 3644 3570 3597 3598 3571 3678 3571 3599 3599 3533 3600 3599 3600 3678 3602 3605 3682 3605 3602 3604 3605 3606 3645 3683 3645 3606 3606 3607 3683 3683 3607 3714 3607 3608 3714 3577 3462 3684 3684 3462 3715 3715 3462 3646 3646 3609 3610 3685 3540 3612 3613 3614 3717 3717 3614 3686 3614 3647 3686 3614 3615 3647 3686 3647 3648 3719 3542 3720 3720 3542 3687 3687 3542 3649 3649 3650 3687 3721 3687 3650 3650 3617 3721 3721 3618 3688 3618 3581 3688 3688 3581 3651 3651 3582 3652 3582 3544 3652 3544 3619 3764 3619 3620 3764 3689 3723 3690 3723 3621 3653 3622 3551 3726 3654 3583 3729 3655 3554 3691 3691 3554 3733 3625 3624 3657 3625 3657 3733 3657 3624 3658 3658 3624 3659 3660 3692 3659 3626 3774 3660 3774 3626 3661 3627 3628 3626 3628 3629 3662 3629 3630 3694 3629 3586 3630 3663 3630 3587 3516 3665 3664 3664 3587 3516 3665 3631 3666 3631 3632 3666 3588 3589 3632 3698 3589 3634 3635 3591 3636 3700 3635 3636 3667 3636 3592 3667 3592 3637 3668 3638 3639 3669 3668 3639 3703 3594 3670 3703 3670 3671 3640 8646 8648 3672 3595 3640 3746 3672 3640 3705 8649 8647 8644 3568 3705 8644 3705 8647 3568 3673 3705 3673 3568 3641 3642 3673 3641 3674 3642 3596 3643 3674 3596 3675 3674 3643 3709 3675 3644 3710 3644 3597 3676 3597 3571 3677 3571 3678 3752 3678 3600 3600 3601 3679 3680 3681 3753 3712 3682 3605 3645 3683 3605 3605 3683 3713 3608 3684 3714 3610 3685 3757 3685 3612 3759 3759 3612 3613 3686 3648 3719 3688 3651 3762 3651 3652 3762 3764 3620 3765 3765 3620 3766 3620 3689 3766 3726 3551 3727 3551 3654 3727 3730 3623 3731 3656 3655 3691 3733 3657 3735 3658 3659 3692 3660 3693 3773 3660 3773 3692 3660 3774 3693 3626 3628 3661 3662 3661 3628 3630 3663 3694 3587 3695 3663 3587 3664 3695 3664 3665 3697 3697 3665 3666 3740 3697 3666 3632 3589 3666 3740 3666 3698 3666 3589 3698 3633 3635 3634 3634 3635 3700 3700 3636 3667 3784 3700 3667 3743 3667 3637 3702 3637 3668 3639 3703 3744 3744 3669 3639 3672 3746 3704 3704 3670 3672 8650 3746 3640 8650 3640 8648 3673 3747 3705 3673 3674 3706 3673 3642 3674 3707 3674 3675 3708 3675 3709 3709 3644 3749 3749 3644 3710 3597 3750 3710 3750 3597 3676 3676 3571 3677 3677 3678 3751 3751 3678 3752 3752 3600 3791 3791 3600 3679 3679 3680 3753 3681 3754 3753 3754 3681 3682 3793 3754 3682 3793 3682 3712 3712 3605 3794 3794 3605 3713 3683 3714 3755 3827 3714 3684 3684 3715 3827 3715 3716 3757 3715 3646 3716 3716 3646 3610 3716 3610 3757 3685 3758 3757 3758 3685 3759 3759 3613 3899 3613 3717 3899 3717 3686 3718 3719 3720 3862 3720 3687 3761 3761 3687 3721 3721 3688 3797 3797 3688 3722 3722 3688 3762 3762 3652 3763 3652 3544 3764 3766 3689 3767 3767 3689 3690 3723 3724 3690 3723 3653 3724 3653 3622 3724 3724 3622 3726 3728 3654 3729 3731 3623 3802 3656 3691 3734 3656 3734 3732 3656 3732 3623 3734 3691 3733 3658 3772 3657 3658 3692 3772 3772 3692 3773 3736 3773 3693 3693 3774 3736 3774 3661 3737 3738 3661 3662 3662 3629 3738 3738 3629 3807 3694 3807 3629 3807 3694 3695 3663 3695 3694 3696 3739 3664 3664 3739 3695 3664 3697 3696 3696 3697 3740 3843 3696 3740 3634 3741 3698 3699 3741 3634 3634 3700 3699 3699 3700 3742 3742 3700 3701 3701 3700 3784 3784 3667 3743 3743 3637 3702 3702 3668 3669 3745 3671 3670 3744 3703 3671 3745 3670 3704 3746 8650 8653 3705 8651 8649 3747 3673 3706 3748 3674 3707 3707 3675 3708 3750 3749 3710 3789 3749 3750 3676 3751 3750 3677 3751 3676 3679 3753 3791 3711 3793 3712 3711 3712 3794 3713 3755 3794 3755 3713 3683 3827 3755 3714 3756 3715 3757 3757 3758 3759 3760 3717 3718 3686 3719 3718 3718 3719 3862 3720 3761 3833 3761 3721 3797 3763 3652 3798 3798 3652 3836 3836 3652 3764 3765 3799 3764 3767 3765 3766 3767 3690 3724 3767 3724 3867 3867 3724 3768 3725 3768 3724 3724 3726 3725 3726 3768 3725 3769 3768 3726 3726 3727 3769 3769 3654 3838 3727 3654 3769 3654 3728 3838 3728 3729 3868 3729 3730 3770 3730 3731 3770 3802 3623 3839 3623 3732 3839 3734 3733 3771 3733 3735 3771 3771 3735 3657 3773 3871 3772 3736 3804 3773 3775 3774 3805 3805 3774 3737 3661 3738 3737 3777 3807 3695 3778 3695 3739 3779 3739 3696 3810 3843 3740 3741 3810 3698 3698 3810 3740 3810 3741 3780 3781 3741 3699 3811 3742 3701 3743 3783 3784 3702 3783 3743 3812 3669 3744 3813 3812 3744 3815 3744 3671 3671 3745 3704 3814 3704 3746 8654 3814 3746 8654 3746 8653 3747 3785 3705 8651 3705 3785 8651 3785 8652 3786 3747 3706 3706 3674 3786 3786 3674 3748 3707 3787 3748 3707 3708 3787 3709 3788 3708 3708 3788 3789 3709 3749 3788 3749 3789 3788 3789 3750 3817 3751 3819 3750 3790 3751 3752 3791 3822 3821 3753 3822 3791 3753 3792 3822 3754 3792 3753 3792 3754 3793 3793 3824 3823 3711 3824 3793 3711 3794 3824 3826 3794 3755 3827 3715 3795 3756 3829 3715 3829 3756 3757 3830 3829 3757 3830 3757 3832 3832 3757 3759 3759 3899 3832 3899 3717 3861 3861 3717 3760 3760 3718 3796 3862 3720 3833 3863 3797 3722 3722 3762 3863 3798 3762 3763 3836 3835 3798 3836 3764 3799 3836 3799 3865 3865 3799 3800 3799 3765 3800 3903 3768 3967 3768 3769 3967 3967 3769 3838 3729 3770 3801 3801 3868 3729 3770 3731 3801 3801 3731 3802 3771 3870 3734 3657 3772 3771 3773 3803 3871 3774 3775 3736 3775 3805 3736 3736 3805 3875 3737 3738 3806 3806 3738 3776 3738 3807 3776 3695 3778 3777 3808 3843 3809 3809 3843 3810 3780 3741 3781 3781 3699 3742 3784 3782 3701 3701 3782 3811 3784 3783 3782 3669 3812 3847 3702 3669 3847 3783 3702 3847 3813 3744 3815 3814 3815 3704 3815 3671 3704 3814 8654 8656 3785 8655 8652 3747 3851 3785 3786 3851 3747 3748 3787 3786 3787 3920 3853 3920 3787 3708 3708 3816 3920 3816 3708 3789 3750 3819 3818 3750 3818 3854 3750 3854 3817 3751 3820 3819 3820 3751 3790 3790 3752 3791 3790 3791 3821 3822 3792 3793 3823 3822 3793 3824 3893 3823 3894 3893 3824 3824 3825 3895 3824 3794 3825 3825 3794 3895 3895 3794 3858 3858 3794 3826 3860 3827 3795 3795 3715 3860 3860 3715 3828 3828 3715 3829 3831 3830 3832 3861 3760 3796 3796 3718 3862 3930 3833 3761 3761 3797 3863 3834 3864 3762 3864 3863 3762 3834 3798 3835 3762 3798 3834 3800 3765 3866 3765 3767 3866 3866 3767 3867 3964 3867 3768 3932 3868 3904 3868 3801 3904 3801 3905 3904 3802 3905 3801 3905 3802 3839 3732 3734 3870 3771 3841 3840 3771 3840 3870 3841 3771 3772 3803 3872 3871 3773 3804 3803 3803 3804 3874 3874 3804 3736 3908 3874 3736 3805 3737 3877 3805 3877 3875 3737 3806 3877 3776 3807 3913 3777 3913 3807 3913 3777 3842 3739 3842 3778 3778 3842 3777 3739 3779 3879 3696 3843 3879 3879 3779 3696 3844 3843 3808 3809 3810 3881 3882 3881 3810 3810 3780 3781 3882 3810 3781 3742 3811 3883 3742 3883 3781 3811 3846 3883 3811 3782 3845 3811 3845 3846 3845 3782 3783 3884 3845 3783 3812 3813 3885 3847 3812 3885 3849 3813 3815 8657 3815 3814 8657 3814 8656 8660 3850 3815 8660 3815 8657 8658 3851 3886 8658 3886 8659 8655 3785 3851 8655 3851 8658 3786 3889 3851 3786 3852 3889 3786 3787 3852 3852 3787 3853 3816 3789 3920 3789 3817 3854 3854 3818 3819 3855 3854 3819 3819 3891 3855 3820 3891 3819 3790 3821 3820 3856 3821 3822 3822 3924 3856 3924 3822 3823 3924 3823 3893 3824 3857 3894 3857 3824 3895 3858 3826 3859 3859 3826 3755 3755 3827 3859 3859 3827 3860 3829 3897 3828 3897 3829 3830 3830 3831 3897 3929 3831 3832 3898 3929 3832 3832 3899 3898 3796 3862 3958 3958 3862 3930 3862 3833 3930 3930 3761 3901 3901 3761 3863 3931 3863 3864 3864 3835 3962 3864 3834 3835 3835 3836 3963 3837 3836 3865 3866 3867 3964 3964 3768 3965 3965 3768 3903 3967 3838 3728 3839 3972 3905 3839 3732 3869 3972 3839 3869 3869 3732 3870 3841 3772 3871 3977 3872 3803 3873 3977 3803 3803 3874 3873 3736 3875 3908 3876 3875 3877 3877 3806 3909 3776 3911 3806 3914 3913 3842 3739 3879 3878 3878 3842 3739 3843 3844 3879 3880 3879 3844 3808 3809 3844 3915 3809 3881 3781 3883 3882 3846 3845 3884 3847 3885 3917 3884 3783 3847 3917 3884 3847 3813 3848 3945 3885 3813 3945 3848 3813 3849 3849 3815 3850 3886 8663 8659 3851 3887 3886 3888 3887 3851 3851 3889 3888 3852 3853 3948 3789 3950 3920 3789 3890 3950 3890 3789 3854 3891 3854 3855 3891 3820 3923 3892 3821 3856 3892 3856 3924 3894 3857 3895 3858 3927 3895 3858 3859 3927 3927 3859 3896 3897 3831 3954 3954 3831 3929 3898 3899 3956 3899 3900 3957 3899 3861 3900 3900 3861 3796 3900 3796 3957 3901 3863 3961 3961 3863 4002 4002 3863 3931 3931 3864 3962 3962 3835 4039 3835 3963 4039 3836 3837 3963 3865 3800 3902 3800 3866 3902 3728 3868 3932 3971 3905 3972 3869 3906 3972 3870 3840 3934 3841 3871 3907 3841 3907 3974 3871 3872 3907 3907 3872 3977 3977 3873 3935 3873 3874 3908 3875 3876 3908 3876 3877 3908 3908 3877 3909 3806 3911 3909 3776 3913 3911 3842 3878 3914 3878 3879 3940 3940 3879 3880 3844 3809 3880 3881 3942 3915 3880 3809 3915 3882 3943 3881 3882 3883 3943 3943 3883 3846 3916 3943 3846 3944 3846 3884 3988 3884 3917 3918 3917 3885 3919 3849 3850 3850 8660 8661 3888 3889 3852 3852 3948 3888 3853 3949 3948 3949 3853 3920 3950 3921 3951 3890 3921 3950 3890 3854 3921 3922 3854 3891 3922 3891 3923 3923 3820 3821 3923 3821 3952 3821 3994 3952 3994 3821 3892 3924 3925 3995 3893 3925 3924 3925 3893 3894 3926 3925 3894 3894 3997 3926 3997 3894 3895 3997 3895 3927 3927 3896 4032 3860 3828 3928 3828 3897 3954 3954 3929 3955 3956 3899 3957 3957 3796 3958 3958 3930 3959 4003 3931 3962 3837 3865 3902 3902 3866 4006 3903 3967 3966 3967 3728 4008 4008 3728 3932 3968 3932 3933 3932 3904 3933 3904 3905 3971 3972 3906 4010 3869 3934 3906 3869 3870 3934 3976 3974 3907 3907 3977 3976 3873 3908 3935 3908 3936 3978 3908 3909 3936 3937 3909 3910 3909 3911 3910 3910 3911 3938 3938 3911 3912 3911 3913 3912 3912 3913 3939 3914 3939 3913 3914 3878 3979 3979 3878 3940 3880 3941 3940 3941 3880 3942 3942 3880 3915 3881 3943 3942 3985 3943 3916 3884 3986 3944 3986 3884 3988 3848 3849 3945 3918 3885 3945 3945 3849 3919 3945 3919 3990 8663 3886 3946 8663 3946 8664 3887 3946 3886 3887 3888 3946 4024 3888 3947 3888 3948 3947 3950 3949 3920 3921 3854 3922 3922 3923 3952 4029 3994 3892 3995 3892 3924 3995 3925 3926 4030 3995 3926 4030 3926 3997 3927 3953 3997 3896 3859 3860 3860 3928 4034 3955 3929 3898 3957 3958 4038 4038 3958 3959 3959 3930 3901 3959 3901 3960 3901 3961 3960 4002 3931 4003 4115 3963 3837 4005 3902 4006 4007 3866 3964 4006 3866 4007 4042 4007 3964 3965 4042 3964 3966 3965 3903 4118 3965 3966 3967 4118 3966 4008 4118 3967 3969 3932 3968 4008 3932 3969 3969 3933 4043 3968 3933 3969 4043 3933 3970 3970 3933 3904 4010 3906 4046 3934 3973 3906 3934 3840 3841 3976 3977 3975 3935 4011 3977 4011 3935 4012 3908 3978 3935 3978 3936 4014 3909 3937 3936 3910 3938 4053 3938 3912 3939 4053 3938 3939 3914 3979 3980 3980 3939 3914 3940 3941 3981 3982 3941 3942 3984 3942 3943 4018 3984 3943 4019 3985 3916 3916 3846 3944 3986 3916 3944 3988 3987 3986 3917 4059 3988 4059 3917 3918 3989 3918 3945 8662 3919 3850 8662 3850 8661 3946 3991 4023 3946 3888 3991 3991 3888 4024 3947 3948 4024 3949 3992 3948 3950 4026 4066 3950 4066 3949 3949 4066 3992 4026 3950 3951 3921 4028 3951 4028 3921 3922 3993 3922 3952 3993 3952 3994 4029 3892 3995 3997 3996 4030 3997 3998 4072 3953 3998 3997 3998 3953 3927 4032 3998 3927 3896 3999 4032 3999 3896 3860 3860 4034 3999 3928 3828 4034 4034 3828 3954 4034 3954 4000 3955 4001 3954 4001 3955 3898 4078 3898 4036 3956 4036 3898 4036 3956 3957 4038 3959 3960 3960 3961 4080 4081 3961 4002 4002 4003 4004 4003 3962 4004 4039 3963 4082 4082 3963 4115 4005 4040 3902 4040 3837 3902 4041 4040 4005 4006 4041 4005 4041 4006 4007 4008 3969 4118 4118 3969 4185 4185 3969 4186 4186 3969 4119 4119 3969 4043 3970 4149 4043 3904 3971 3970 3971 4229 3970 3971 3972 4009 3972 4010 4009 4046 3906 3973 3934 4047 3973 3841 3974 3934 3934 3974 4048 3974 3976 4048 3976 3975 4011 3976 4011 4089 3975 3977 4011 3935 4013 4012 3935 3978 4013 3936 3937 4014 4014 3937 4051 3910 4051 3937 4015 3939 3980 3981 4016 3940 3980 3979 3940 4016 3980 3940 3941 3982 3981 4017 3981 3982 3983 4017 3942 3942 4017 3982 3942 3984 3983 3983 3984 4018 4018 3943 3985 4019 3916 4020 3916 3986 4020 3986 3987 4021 4059 4060 3988 4060 3987 3988 4059 3918 3989 3990 3919 4022 3989 3945 3990 8669 4022 3919 8669 3919 8666 3919 8662 8667 4024 4023 3991 3948 4025 4024 3992 4025 3948 4107 4066 4026 3951 4028 4027 3951 4027 4108 3951 4108 4026 3922 4068 4028 3922 3993 4068 4111 4029 3995 3996 4031 4030 4031 3996 3997 4072 4031 3997 4032 4033 4075 3999 4033 4032 4034 4033 3999 4077 4112 3954 4112 4000 3954 3954 4001 4077 4077 4001 3898 4077 3898 4035 4035 3898 4078 4036 3957 4037 3957 4038 4079 4080 3961 4143 4143 3961 4081 4002 4114 4081 4002 4004 4114 4004 3962 4039 4083 4115 3837 3837 4040 4083 4083 4040 4041 4041 4007 4116 4116 4007 4042 4042 3965 4117 3965 4118 4117 4149 3970 4044 3970 4229 4044 3971 4045 4229 3971 4009 4045 4009 4010 4046 3934 4048 4047 4048 3976 4088 4088 3976 4089 4049 4089 4011 4049 4011 4012 3978 4014 4013 4013 4014 4124 4124 4014 4050 3910 4052 4051 3910 4053 4052 3939 4092 4053 3939 4015 4092 4054 3980 4016 4016 3981 4017 4097 3983 4018 3985 4098 4018 4019 4055 3985 3985 4055 4098 4019 4020 4056 4055 4019 4056 4057 4021 3987 4020 3986 4021 4057 4020 4021 3987 4060 4058 4057 3987 4058 4059 3989 3990 4062 4059 3990 8668 3990 4022 8668 4022 8669 8670 4063 3990 8670 3990 8668 3919 8667 8666 4023 4064 3946 4024 4065 4105 4024 4025 4065 4105 4025 3992 3992 4066 4105 4107 4026 4108 4108 4027 4028 4067 4108 4028 4068 4067 4028 3993 4138 4068 4109 4138 3993 3993 4110 4109 3994 4110 3993 4110 3994 4029 4069 4110 4029 4069 4029 4111 3995 4070 4111 4070 3995 4030 4070 4030 4031 4031 4072 4071 4072 3998 4032 4072 4032 4073 4073 4032 4074 4074 4032 4075 4075 4033 4034 4075 4034 4141 4141 4034 4076 4076 4034 4000 4078 4036 4037 4037 3957 4218 4218 3957 4079 4079 4038 3960 4143 4081 4144 4004 4039 4179 4083 4041 4182 4119 4043 4120 4120 4043 4149 4149 4044 4187 4009 4084 4045 4045 4084 4150 4009 4046 4085 4084 4009 4085 3973 4047 4086 4048 4087 4047 4049 4122 4089 4012 4013 4049 4013 4091 4090 4013 4124 4091 4014 4051 4050 4050 4051 4123 4052 4123 4051 4092 4052 4053 3980 4092 4015 4092 3980 4093 4054 4093 3980 4054 4016 4094 4016 4017 4094 4093 4054 4094 4017 4127 4094 4017 3983 4127 4127 3983 4096 4096 3983 4097 4018 4098 4097 4098 4055 4056 4161 4098 4056 4056 4020 4057 4100 4057 4058 4060 4059 4101 4101 4058 4060 4101 4059 4061 3990 4102 4062 4061 4059 4062 4102 4061 4062 4102 3990 4063 4131 8674 8680 4103 8684 8665 8664 3946 4103 8664 4103 8665 4103 3946 4064 4023 4132 4064 4023 4024 4132 4104 4024 4105 4025 4105 4065 4066 4106 4105 4066 4107 4106 4111 4070 4139 4070 4031 4071 4072 4074 4071 4074 4072 4073 4074 4075 4141 4076 4176 4141 4176 4076 4000 4000 4112 4176 4077 4142 4112 4142 4077 4035 4035 4078 4142 4142 4078 4177 4177 4078 4113 4113 4078 4037 3960 4080 4143 4114 4004 4179 4039 4082 4181 4181 4082 4115 4115 4083 4147 4147 4083 4182 4116 4042 4117 4229 4045 4150 4150 4084 4190 4046 4084 4085 4046 3973 4121 4084 4046 4121 3973 4086 4121 4086 4047 4152 4152 4047 4191 4047 4087 4191 4048 4088 4089 4153 4089 4122 4049 4013 4090 4091 4124 4196 4050 4123 4124 4125 4123 4052 4126 4052 4092 4154 4092 4093 4239 4093 4094 4155 4094 4095 4094 4127 4095 4156 4127 4096 4097 4160 4096 4097 4098 4160 4160 4098 4099 4099 4098 4161 4297 4161 4056 4162 4056 4057 4100 4058 4101 4128 4101 4061 4129 4061 4102 8671 4102 4063 8671 4063 8670 4130 8693 8673 4130 8673 8678 4064 4210 4103 4132 4024 4133 4133 4024 4104 4105 4167 4104 4134 4167 4105 4105 4135 4134 4106 4135 4105 4106 4107 4135 4107 4136 4168 4108 4136 4107 4108 4137 4136 4067 4137 4108 4137 4067 4068 4068 4138 4137 4110 4170 4109 4170 4110 4069 4069 4139 4170 4139 4069 4111 4139 4070 4140 4070 4172 4140 4172 4070 4071 4071 4074 4172 4074 4141 4173 4176 4112 4216 4216 4112 4142 4037 4218 4217 4218 4079 4324 4079 3960 4324 4324 3960 4143 4144 4145 4220 4144 4081 4145 4145 4081 4114 4145 4114 4220 4220 4114 4179 4179 4039 4180 4180 4039 4181 4181 4115 4146 4146 4115 4147 4182 4041 4183 4183 4041 4184 4041 4116 4184 4116 4117 4277 4277 4117 4148 4117 4118 4223 4223 4118 4185 4186 4119 4225 4119 4120 4225 4225 4120 4149 4227 4149 4187 4229 4150 4230 4230 4150 4188 4190 4084 4151 4121 4151 4084 4121 4086 4152 4151 4121 4152 4048 4089 4153 4048 4153 4282 4048 4282 4087 4153 4122 4192 4049 4285 4122 4090 4091 4049 4124 4123 4197 4124 4197 4196 4052 4235 4125 4235 4123 4125 4052 4126 4235 4092 4154 4126 4199 4240 4154 4093 4239 4154 4155 4239 4094 4155 4095 4200 4095 4127 4156 4157 4156 4096 4158 4096 4160 4159 4158 4160 4160 4099 4161 4201 4160 4161 4297 4056 4162 4162 4057 4100 4203 4100 4101 4129 4128 4061 4102 8671 8677 8686 4129 4102 8686 4102 8677 4250 8720 8690 4252 8691 8672 8679 4206 4130 8679 4130 8678 4206 8679 8675 8674 4131 4260 8674 4260 8676 8676 4260 4206 8676 4206 8675 4131 8680 8694 4164 8681 8695 4209 8712 8683 4209 8683 8733 4165 8714 8685 8684 4103 4165 8684 4165 8685 4210 4064 4132 4212 4210 4132 4132 4166 4212 4133 4166 4132 4167 4133 4104 4135 4107 4168 4169 4136 4137 4137 4138 4109 4170 4171 4215 4139 4171 4170 4074 4271 4172 4271 4074 4173 4173 4141 4174 4174 4141 4175 4175 4141 4176 4113 4178 4177 4178 4113 4037 4217 4178 4037 4324 4143 4144 4144 4220 4219 4146 4147 4327 4276 4147 4182 4184 4116 4222 4222 4116 4277 4148 4117 4223 4225 4149 4226 4226 4149 4227 4150 4190 4189 4152 4191 4232 4191 4087 4282 4283 4282 4153 4192 4283 4153 4049 4193 4285 4049 4091 4193 4193 4091 4194 4194 4091 4195 4195 4091 4196 4233 4197 4234 4197 4123 4234 4234 4123 4235 4154 4198 4126 4126 4198 4235 4154 4239 4199 4200 4095 4156 4096 4158 4157 4157 4158 4159 4294 4160 4201 4202 4297 4162 4162 4100 4203 4203 4101 4128 4128 4129 4163 8697 4204 4129 8697 4129 8686 4205 8717 8699 4252 8672 8738 8691 4252 4303 8691 4303 8692 8692 4303 4250 8692 4250 8690 4256 8708 8709 4256 8709 8730 8693 4130 4257 8693 4257 8731 4207 4260 4131 4309 8710 8682 8710 4309 4131 8710 4131 8694 8681 4164 4309 8681 4309 8682 8696 4208 4164 8696 4164 8695 4208 8696 8711 4103 4210 4165 4211 4210 4212 4166 4133 4167 4263 4166 4167 4167 4134 4135 4213 4167 4135 4214 4136 4169 4169 4137 4109 4109 4215 4169 4170 4215 4109 4171 4139 4140 4269 4171 4140 4269 4140 4172 4317 4269 4172 4317 4172 4271 4173 4175 4271 4175 4173 4174 4175 4176 4216 4216 4142 4272 4272 4142 4177 4272 4177 4373 4373 4177 4178 4217 4218 4324 4324 4144 4325 4144 4219 4325 4219 4220 4221 4220 4179 4221 4179 4180 4221 4180 4181 4327 4181 4146 4327 4327 4147 4276 4276 4182 4377 4182 4183 4377 4183 4184 4377 4224 4148 4223 4223 4185 4224 4224 4186 4225 4185 4186 4224 4225 4330 4224 4226 4330 4225 4227 4187 4228 4228 4044 4229 4187 4044 4228 4229 4230 4228 4230 4188 4231 4188 4150 4231 4150 4189 4279 4189 4190 4279 4279 4190 4280 4280 4190 4281 4190 4151 4281 4232 4334 4152 4192 4380 4283 4122 4285 4192 4192 4285 4284 4193 4337 4285 4194 4195 4193 4193 4195 4382 4196 4233 4382 4196 4382 4195 4196 4197 4233 4235 4198 4236 4154 4237 4238 4240 4237 4154 4238 4198 4154 4199 4239 4240 4155 4241 4239 4241 4155 4242 4242 4155 4200 4156 4157 4200 4200 4157 4244 4244 4157 4159 4160 4294 4159 4201 4161 4297 4202 4162 4203 4391 4202 4203 4129 4299 4245 4204 4299 4129 4163 4129 4245 4203 4128 4163 4245 4203 4163 4299 8698 8737 8698 4299 4204 8698 4204 8697 8687 4246 4300 8687 4300 8689 4246 8687 8715 4247 8736 8688 8689 4300 4247 8689 4247 8688 8701 4248 4249 8701 4249 8702 8702 4249 4205 8702 4205 8700 4205 8699 8700 4248 8701 8719 8721 4251 4248 8721 4248 8719 4304 8723 8703 4351 8739 8725 4304 8703 8726 4254 8705 8727 8705 4254 4253 8705 4253 8704 4255 8728 8729 4255 8729 8707 8708 4256 4255 8708 4255 8707 8732 4307 4256 8732 4256 8730 8731 4257 4307 8731 4307 8732 4206 4258 4130 4130 4258 4257 4206 4260 4259 4131 4309 4207 4164 4208 4309 8712 4209 4310 8712 4310 8713 8713 4310 4208 8713 4208 8711 8735 4312 4209 8735 4209 8733 8734 4261 4312 8734 4312 8735 8714 4165 4261 8714 4261 8734 4165 4262 4313 4165 4210 4262 4262 4210 4211 4212 4263 4211 4166 4263 4212 4167 4264 4263 4265 4167 4213 4135 4266 4213 4168 4266 4135 4266 4168 4136 4136 4214 4266 4316 4214 4169 4365 4169 4215 4215 4171 4267 4268 4171 4269 4271 4270 4317 4271 4175 4368 4175 4320 4371 4320 4175 4216 4320 4216 4321 4321 4216 4272 4178 4273 4373 4273 4178 4217 4217 4274 4323 4274 4217 4324 4375 4219 4221 4375 4221 4326 4326 4221 4180 4275 4327 4276 4328 4184 4222 4277 4328 4222 4278 4328 4277 4277 4148 4278 4328 4278 4329 4278 4148 4329 4329 4148 4330 4148 4224 4330 4330 4226 4331 4226 4227 4331 4227 4228 4511 4511 4228 4332 4228 4230 4332 4332 4230 4414 4231 4279 4230 4230 4279 4414 4150 4279 4231 4151 4152 4378 4378 4152 4334 4232 4282 4336 4232 4191 4282 4284 4380 4192 4286 4337 4193 4193 4382 4286 4339 4382 4233 4339 4233 4287 4234 4287 4233 4234 4235 4287 4235 4236 4287 4288 4198 4238 4237 4240 4238 4238 4240 4288 4289 4288 4240 4241 4289 4239 4239 4289 4240 4290 4241 4242 4243 4290 4200 4200 4290 4242 4200 4244 4243 4243 4244 4291 4244 4159 4294 4292 4244 4294 4201 4295 4294 4295 4201 4297 4296 4297 4202 4203 4298 4391 4298 4203 4392 4392 4203 4245 8736 4247 4299 8736 4299 8737 4300 4299 4247 8716 4302 4246 8716 4246 8715 8717 4205 4302 8717 4302 8718 4205 4301 4302 4302 8716 8718 4303 4348 4250 8720 4250 4348 8720 4348 8722 8722 4348 4251 8722 4251 8721 4303 4252 4349 8723 4304 4350 8723 4350 8724 8724 4350 4351 8724 4351 8725 8739 4351 4252 8739 4252 8738 4305 4252 4351 8728 4255 4254 8728 4254 8727 4255 4306 4354 4255 4256 4306 4258 4357 4257 4357 4258 4206 4308 4357 4206 4206 4400 4308 4259 4400 4206 4260 4207 4259 4309 4208 4358 4208 4310 4450 4311 4310 4209 4360 4165 4313 4211 4263 4262 4263 4264 4361 4167 4265 4264 4265 4362 4264 4213 4363 4265 4266 4314 4213 4266 4214 4315 4364 4214 4316 4316 4169 4365 4365 4215 4267 4365 4267 4366 4267 4171 4366 4366 4171 4268 4268 4269 4317 4270 4318 4317 4318 4270 4271 4368 4318 4271 4175 4319 4368 4371 4319 4175 4373 4273 4374 4374 4273 4217 4374 4217 4322 4322 4217 4323 4180 4327 4376 4507 4377 4468 4468 4377 4184 4410 4184 4328 4329 4330 4412 4280 4333 4279 4280 4281 4333 4281 4151 4378 4335 4232 4336 4282 4283 4336 4284 4475 4380 4285 4337 4284 4286 4382 4338 4339 4287 4340 4287 4236 4340 4198 4384 4236 4198 4288 4384 4341 4288 4289 4342 4241 4290 4388 4243 4291 4244 4343 4291 4292 4343 4244 4294 4293 4292 4343 4292 4344 4294 4295 4293 4297 4296 4295 4202 4391 4345 4296 4202 4345 4393 4392 4245 4393 4245 4299 4346 4299 4300 4347 4346 4300 4347 4300 4246 4249 4248 4485 4248 4439 4485 4301 4205 4249 4485 4301 4249 4251 4348 4248 4348 4303 4349 4304 8726 8740 8726 4396 8740 8744 4397 4304 8744 4304 8740 4350 4304 4397 4352 8741 8706 8704 4253 4352 8704 4352 8706 4254 4352 4253 4254 4353 4352 4254 4255 4353 4306 4256 4354 4355 4256 4307 4257 4356 4307 4257 4357 4356 4259 4207 4400 4207 4309 4358 4358 4208 4359 4359 4208 4450 4311 4209 4312 4312 4261 4311 4165 4360 4261 4263 4361 4262 4362 4265 4363 4363 4213 4314 4314 4266 4315 4214 4364 4405 4366 4268 4317 4318 4366 4317 4459 4318 4368 4368 4319 4369 4369 4319 4371 4369 4371 4370 4371 4320 4321 4371 4321 4407 4272 4372 4321 4372 4272 4373 4373 4374 4462 4274 4464 4323 4464 4274 4324 4324 4325 4408 4375 4326 4466 4326 4180 4467 4467 4180 4409 4409 4180 4376 4376 4327 4275 4376 4275 4276 4410 4468 4184 4410 4328 4469 4469 4328 4411 4411 4328 4509 4328 4329 4509 4509 4329 4412 4412 4330 4413 4330 4331 4413 4331 4227 4613 4227 4511 4613 4511 4332 4414 4414 4279 4514 4279 4333 4471 4333 4281 4378 4378 4334 4415 4232 4335 4416 4336 4379 4335 4284 4381 4418 4284 4418 4475 4284 4337 4381 4337 4286 4381 4420 4286 4338 4421 4382 4339 4339 4340 4383 4340 4236 4384 4288 4385 4424 4288 4424 4384 4385 4288 4341 4425 4289 4241 4386 4425 4241 4342 4386 4241 4428 4342 4290 4290 4243 4388 4387 4290 4388 4343 4389 4388 4343 4388 4291 4389 4343 4344 4344 4292 4293 4430 4344 4293 4430 4293 4295 4390 4295 4296 4299 4346 4433 4433 4393 4299 4246 4394 4434 4434 4347 4246 4246 4302 4301 4394 4246 4301 4248 4348 4438 4438 4439 4248 4440 4348 4349 4305 4351 4395 4349 4252 4305 4395 4349 4305 4351 4350 4397 4352 8742 8741 4353 4444 4352 4353 4255 4354 4256 4398 4354 4355 4399 4256 4256 4399 4398 4307 4399 4355 4307 4356 4399 4308 4400 4357 4448 4207 4358 4401 4450 4310 4311 4401 4310 4311 4261 4402 4261 4360 4402 4402 4360 4313 4313 4453 4402 4313 4403 4453 4262 4403 4313 4361 4403 4262 4455 4361 4264 4264 4456 4455 4362 4456 4264 4404 4456 4362 4363 4404 4362 4314 4404 4363 4500 4314 4315 4315 4214 4405 4364 4458 4405 4458 4364 4316 4316 4365 4458 4365 4502 4550 4366 4502 4365 4502 4366 4367 4367 4366 4318 4406 4367 4318 4406 4318 4459 4368 4460 4459 4460 4368 4369 4370 4371 4407 4321 4372 4407 4407 4372 4373 4407 4373 4461 4373 4462 4461 4462 4374 4322 4322 4323 4462 4462 4323 4463 4408 4464 4324 4219 4465 4325 4465 4219 4375 4466 4465 4375 4376 4276 4506 4506 4276 4561 4276 4377 4561 4561 4377 4562 4377 4507 4562 4508 4410 4469 4513 4414 4514 4514 4279 4471 4471 4333 4472 4472 4333 4516 4378 4415 4516 4378 4516 4333 4415 4334 4232 4336 4474 4379 4283 4380 4336 4474 4336 4417 4380 4475 4336 4568 4418 4381 4381 4286 4568 4568 4286 4419 4419 4286 4420 4338 4382 4420 4420 4382 4477 4477 4382 4421 4339 4383 4421 4383 4384 4422 4383 4340 4384 4423 4384 4424 4341 4424 4385 4289 4425 4341 4478 4425 4386 4290 4429 4428 4429 4290 4387 4387 4388 4389 4389 4344 4430 4481 4389 4430 4430 4295 4390 4391 4298 4431 4431 4345 4391 4390 4296 4345 4431 4390 4345 4431 4298 4392 4431 4392 4532 4432 4392 4393 4346 4347 4435 4435 4347 4434 4301 4436 4484 4485 4436 4301 4394 4301 4437 4301 4484 4437 4348 4440 4441 4438 4348 4486 4348 4441 4486 4349 4538 4440 4351 4442 4395 4487 4349 4395 8746 4585 4397 8746 4397 8744 4442 4351 4397 4443 4442 4397 4352 4444 4490 4444 4353 4354 4398 4445 4354 4398 4399 4445 4357 4447 4446 4400 4447 4357 4400 4448 4495 4207 4448 4400 4448 4449 4497 4448 4358 4449 4358 4359 4449 4311 4451 4401 4451 4311 4402 4402 4453 4452 4454 4403 4361 4361 4455 4454 4548 4404 4314 4500 4315 4405 4457 4500 4405 4457 4405 4458 4458 4365 4501 4367 4406 4502 4459 4460 4553 4370 4460 4369 4464 4463 4323 4408 4325 4658 4658 4325 4465 4326 4467 4466 4376 4467 4409 4468 4410 4508 4469 4411 4509 4509 4412 4611 4611 4412 4470 4412 4413 4470 4413 4331 4510 4331 4613 4510 4511 4414 4512 4512 4414 4513 4415 4473 4516 4232 4416 4415 4415 4416 4335 4336 4475 4417 4475 4474 4417 4419 4420 4568 4568 4420 4476 4420 4477 4523 4421 4524 4477 4525 4383 4422 4384 4423 4422 4423 4424 4526 4526 4424 4341 4341 4425 4527 4527 4425 4426 4426 4425 4478 4386 4342 4478 4478 4342 4575 4575 4342 4427 4427 4342 4428 4429 4427 4428 4429 4479 4529 4429 4387 4479 4387 4389 4479 4479 4389 4530 4530 4389 4480 4480 4389 4481 4430 4390 4431 4482 4430 4431 4392 4578 4532 4431 4532 4483 4578 4392 4432 4432 4393 4433 4433 4346 4435 4434 4433 4435 4434 4394 4535 4484 4394 4437 4438 4486 4439 4439 4486 4485 4484 4436 4485 4441 4584 4486 4349 4487 4538 4395 4442 4489 8745 4488 4585 8745 4585 8746 4443 4397 4489 4397 4585 4489 4489 4442 4443 4488 8745 8747 4352 8743 8742 8743 4352 4591 8743 4591 8748 4352 4490 4591 4354 4491 4444 4445 4491 4354 4492 4445 4399 4399 4493 4492 4356 4493 4399 4356 4357 4493 4494 4357 4446 4400 4495 4447 4495 4448 4496 4359 4450 4449 4450 4451 4449 4401 4451 4450 4544 4451 4402 4402 4452 4544 4403 4545 4453 4453 4545 4452 4546 4403 4454 4454 4455 4546 4499 4455 4456 4456 4404 4548 4548 4314 4500 4457 4458 4500 4501 4365 4550 4652 4550 4502 4502 4406 4551 4406 4503 4551 4503 4406 4459 4553 4503 4459 4554 4460 4370 4370 4504 4554 4407 4557 4370 4557 4407 4461 4608 4461 4462 4462 4463 4608 4463 4464 4408 4465 4505 4658 4505 4465 4466 4466 4467 4717 4717 4467 4610 4610 4467 4376 4610 4376 4506 4562 4507 4563 4507 4508 4564 4507 4468 4508 4663 4509 4611 4514 4471 4515 4515 4471 4616 4616 4471 4615 4471 4472 4615 4472 4516 4617 4415 4517 4473 4415 4335 4517 4335 4379 4517 4379 4474 4518 4475 4519 4619 4475 4619 4474 4475 4418 4519 4519 4418 4520 4520 4418 4568 4569 4568 4476 4476 4420 4521 4521 4420 4522 4522 4420 4523 4477 4524 4523 4571 4524 4421 4422 4423 4525 4423 4526 4623 4341 4527 4526 4528 4527 4426 4478 4528 4426 4528 4478 4575 4529 4427 4429 4529 4479 4530 4676 4529 4530 4576 4530 4480 4576 4480 4481 4481 4430 4531 4531 4430 4482 4482 4431 4483 4532 4482 4483 4578 4432 4433 4533 4578 4433 4534 4433 4434 4484 4535 4394 4534 4434 4535 4580 4484 4536 4536 4484 4485 4537 4536 4485 4486 4584 4635 4440 4538 4539 4584 4441 4440 4539 4584 4440 4538 4487 4395 4489 4538 4395 4488 8747 8751 4444 4594 4490 4444 4541 4540 4491 4541 4444 4492 4493 4542 4357 4542 4493 4542 4357 4494 4494 4446 4542 4496 4448 4497 4449 4597 4497 4597 4449 4498 4449 4543 4498 4451 4543 4449 4599 4545 4403 4403 4546 4599 4455 4601 4546 4601 4455 4499 4456 4547 4499 4547 4456 4603 4456 4548 4603 4500 4604 4548 4650 4604 4500 4458 4650 4500 4650 4458 4501 4549 4650 4501 4652 4502 4551 4551 4503 4553 4552 4551 4553 4553 4460 4554 4504 4370 4555 4555 4370 4556 4556 4370 4557 4461 4607 4557 4607 4461 4608 4608 4463 4657 4657 4463 4558 4558 4463 4408 4558 4408 4559 4559 4408 4658 4560 4610 4506 4560 4506 4660 4660 4506 4561 4563 4507 4564 4508 4469 4720 4469 4509 4720 4720 4509 4663 4470 4413 4612 4413 4510 4612 4613 4612 4510 4565 4566 4613 4565 4511 4566 4613 4511 4565 4511 4512 4566 4566 4513 4723 4512 4513 4566 4513 4514 4723 4567 4723 4514 4514 4515 4567 4567 4515 4614 4614 4515 4616 4516 4473 4668 4517 4726 4473 4379 4518 4517 4520 4568 4519 4476 4521 4569 4569 4521 4522 4524 4571 4523 4421 4672 4571 4421 4383 4672 4672 4383 4572 4525 4573 4383 4383 4573 4572 4423 4623 4525 4527 4574 4526 4526 4574 4623 4574 4527 4528 4575 4427 4675 4427 4529 4627 4629 4529 4676 4678 4676 4530 4576 4481 4531 4577 4576 4531 4531 4482 4532 4577 4531 4532 4633 4632 4578 4633 4578 4533 4533 4433 4534 4579 4534 4535 4535 4484 4580 4485 4581 4582 4486 4581 4485 4537 4485 4583 4485 4582 4583 4583 4536 4537 4581 4486 4635 4489 4585 4586 4538 4489 4587 4539 4538 4587 4488 4637 4585 4585 4588 4589 8752 4590 4488 8752 4488 8751 4490 4592 4591 4594 4593 4490 4490 4593 4592 4594 4444 4540 4541 4594 4540 4541 4491 4594 4445 4492 4491 4641 4698 4542 4542 4447 4641 4446 4447 4542 4495 4642 4447 4495 4595 4642 4496 4643 4495 4495 4643 4595 4596 4643 4496 4497 4597 4496 4543 4644 4498 4543 4451 4544 4452 4598 4544 4545 4598 4452 4600 4599 4546 4602 4601 4499 4499 4649 4602 4547 4649 4499 4603 4649 4547 4548 4604 4603 4549 4501 4550 4651 4549 4550 4550 4652 4651 4655 4652 4551 4655 4551 4552 4552 4553 4554 4554 4556 4605 4504 4556 4554 4556 4504 4555 4556 4557 4606 4607 4606 4557 4658 4505 4609 4609 4505 4466 4717 4610 4659 4660 4610 4560 4561 4562 4719 4719 4562 4661 4562 4564 4661 4562 4563 4564 4661 4564 4662 4564 4508 4662 4663 4611 4664 4665 4611 4470 4470 4612 4821 4666 4821 4612 4613 4666 4612 4666 4613 4722 4613 4566 4722 4723 4567 4824 4567 4614 4824 4615 4472 4617 4616 4615 4617 4617 4516 4668 4517 4618 4775 4517 4775 4726 4517 4518 4618 4518 4474 4618 4620 4619 4519 4519 4568 4620 4620 4568 4569 4569 4621 4670 4569 4522 4621 4522 4523 4621 4621 4523 4570 4523 4571 4570 4572 4573 4672 4672 4573 4673 4673 4573 4525 4622 4673 4525 4623 4574 4624 4624 4574 4674 4528 4783 4574 4783 4674 4574 4528 4575 4783 4783 4575 4625 4625 4575 4626 4626 4575 4675 4675 4427 4627 4627 4529 4629 4630 4629 4676 4678 4530 4576 4680 4576 4577 4578 4632 4682 4577 4532 4578 4682 4577 4578 4534 4579 4684 4533 4534 4684 4580 4536 4634 4579 4535 4580 4634 4579 4580 4582 4536 4583 4584 4688 4635 4584 4539 4688 4539 4636 4688 4489 4586 4690 4587 4489 4690 4636 4539 4587 4690 4636 4587 4588 4585 4637 4586 4585 4589 4588 4586 4589 4590 8752 8753 4488 4590 4638 8748 4591 4592 8748 4592 8749 4593 4594 4592 4594 4639 4695 4639 4594 4640 4594 4491 4640 4492 4750 4491 4542 4698 4492 4641 4447 4699 4447 4642 4699 4597 4644 4496 4498 4644 4597 4644 4543 4645 4543 4646 4645 4544 4646 4543 4544 4598 4647 4598 4545 4647 4647 4545 4599 4600 4704 4599 4546 4704 4600 4704 4546 4601 4648 4601 4602 4649 4648 4602 4762 4649 4603 4604 4762 4603 4650 4549 4651 4651 4652 4763 4763 4652 4654 4652 4653 4654 4655 4653 4652 4654 4653 4655 4655 4709 4656 4552 4709 4655 4709 4552 4554 4554 4605 4709 4712 4556 4606 4606 4607 4608 4608 4657 4606 4657 4558 4767 4714 4558 4559 4714 4559 4658 4609 4716 4658 4716 4609 4466 4717 4716 4466 4818 4717 4659 4659 4610 4660 4662 4508 4720 4720 4663 4721 4770 4663 4664 4665 4664 4611 4821 4771 4665 4665 4470 4821 4824 4614 4724 4614 4616 4724 4617 4667 4616 4667 4617 4668 4668 4473 4669 4618 4827 4775 4474 4619 4618 4618 4619 4728 4620 4778 4619 4569 4670 4620 4780 4670 4621 4671 4621 4570 4731 4672 4673 4525 4623 4622 4622 4623 4624 4674 4783 4734 4626 4783 4625 4626 4675 4735 4675 4627 4628 4628 4627 4629 4738 4628 4629 4739 4629 4630 4678 4630 4676 4576 4677 4678 4677 4576 4680 4679 4677 4680 4680 4577 4681 4681 4577 4631 4632 4633 4682 4631 4577 4682 4682 4633 4683 4633 4533 4684 4579 4744 4685 4743 4579 4685 4684 4579 4743 4634 4536 4744 4536 4686 4744 4744 4579 4634 4582 4581 4687 4687 4536 4582 4635 4688 4796 4796 4581 4635 4688 4636 4797 4689 4690 4586 4588 4637 4692 4637 4691 4692 4586 4588 4692 4689 4586 4692 4590 8753 8756 4637 4488 4638 4590 4637 4638 8749 4592 4693 8749 4693 8750 4693 8762 8750 4594 4694 4592 4491 4696 4640 4640 4696 4639 4491 4750 4696 4492 4697 4750 4492 4698 4697 4699 4753 4641 4642 4700 4699 4595 4700 4642 4643 4700 4595 4643 4596 4700 4701 4596 4496 4644 4701 4496 4644 4645 4702 4646 4544 4647 4599 4759 4647 4703 4759 4599 4599 4704 4703 4601 4705 4704 4648 4705 4601 4649 4761 4648 4649 4762 4706 4649 4706 4761 4762 4604 4811 4811 4604 4650 4707 4811 4650 4707 4650 4651 4654 4655 4656 4709 4708 4656 4605 4710 4709 4710 4605 4556 4556 4711 4766 4712 4711 4556 4606 4713 4712 4606 4657 4713 4767 4558 4714 4714 4658 4715 4715 4658 4716 4659 4718 4818 4718 4659 4660 4660 4561 4768 4561 4719 4768 4719 4661 4662 4721 4663 4770 4664 4665 4771 4771 4770 4664 4772 4821 4822 4821 4666 4822 4722 4566 4773 4566 4723 4773 4724 4616 4917 4616 4667 4917 4668 4725 4667 4725 4668 4774 4668 4669 4774 4774 4669 4726 4669 4473 4726 4727 4827 4618 4728 4727 4618 4728 4619 4777 4777 4619 4778 4729 4778 4620 4620 4670 4729 4621 4671 4780 4780 4671 4730 4570 4571 4671 4571 4672 4671 4671 4672 4731 4622 4782 4673 4624 4733 4622 4624 4674 4733 4783 4786 4785 4786 4783 4626 4735 4675 4628 4629 4737 4738 4737 4629 4739 4678 4677 4630 4679 4680 4790 4677 4679 4790 4791 4680 4681 4740 4791 4681 4681 4631 4682 4740 4681 4682 4683 4633 4741 4741 4682 4683 4742 4633 4684 4686 4536 4687 4745 4686 4687 4687 4581 4796 4636 4799 4746 4636 4746 4797 4690 4689 4799 4799 4636 4690 4637 4590 4842 4691 4637 4842 4747 8759 8757 4748 4693 4592 4592 4749 4748 4694 4749 4592 4594 4803 4694 4594 4695 4803 4845 4695 4639 4751 4750 4697 4698 4847 4697 4847 4698 4641 4752 4847 4641 4700 4754 4804 4596 4754 4700 4755 4596 4701 4701 4644 4702 4756 4702 4645 4645 4757 4756 4646 4757 4645 4806 4646 4647 4758 4647 4759 4704 4759 4703 4704 4808 4759 4808 4704 4760 4704 4705 4760 4760 4705 4648 4761 4706 4762 4809 4761 4762 4809 4762 4810 4810 4762 4811 4707 4814 4813 4651 4814 4707 4814 4651 4763 4763 4654 4815 4654 4764 4815 4764 4654 4656 4656 4708 4764 4856 4708 4709 4856 4709 4710 4710 4556 4765 4765 4556 4766 4766 4711 4712 4766 4712 4817 4714 4715 4903 4715 4716 4717 4904 4715 4717 4717 4818 4904 4718 4660 4768 4768 4719 4820 4820 4719 4662 4820 4662 4769 4769 4662 4909 4662 4720 4909 4720 4721 4909 4861 4770 4771 4666 4722 5031 5031 4722 4773 4773 4723 4823 4823 4723 4824 4914 4824 4825 4824 4724 4825 4917 4667 4918 4667 4725 4918 4774 4726 4775 4728 4776 4727 4670 4780 4729 4828 4780 4730 4781 4731 4732 4731 4673 4732 4732 4673 4782 4733 4869 4622 4622 4869 4782 4733 4674 4784 4734 4783 4784 4784 4674 4734 4786 4626 4787 4626 4735 4787 4787 4735 4736 4736 4735 4628 4788 4736 4628 4737 4628 4738 4737 4739 4789 4739 4630 4789 4677 4790 4835 4789 4630 4677 4835 4789 4677 4790 4680 4791 4838 4791 4740 4682 4792 4740 4633 4793 4741 4792 4682 4741 4793 4633 4742 4742 4684 4743 4744 4686 4794 4794 4685 4744 4795 4686 4745 4745 4687 4796 4796 4688 4797 4689 4798 4799 4692 4691 4800 4692 4800 4883 4798 4689 4692 4883 4798 4692 8758 4801 4590 8758 4590 8756 4842 4590 4801 4800 4691 4842 8759 4747 4802 8759 4802 8760 4747 8757 8763 4694 4803 4749 4803 4695 4845 4639 4696 4845 4697 4847 4751 4641 4753 4752 4699 4850 4753 4699 4700 4850 4754 4596 4755 4805 4701 4702 4757 4646 4756 4851 4646 4806 4806 4647 4758 4759 4807 4758 4648 4853 4760 4853 4648 4761 4812 4811 4854 4811 4707 4854 4814 4763 4815 4816 4815 4764 4816 4764 4708 4816 4708 4856 4856 4710 4765 4712 4713 4817 4817 4713 4657 4817 4657 4858 4767 4714 4903 4718 4819 4818 4819 4718 4768 4970 4768 4820 4860 4820 4769 4860 4769 4909 4909 4721 4971 4721 4770 4861 4861 4771 4973 4973 4771 4821 4821 4772 5028 4822 4666 5030 5030 4666 5031 4825 4724 4915 4915 4724 4917 4862 4725 4978 4774 4826 4725 4774 4775 4863 4826 4774 4863 4863 4775 4827 4727 4776 4980 4777 4778 4728 4728 4778 4864 4864 4778 4729 4866 4729 4779 4729 4780 4779 4779 4780 4828 4730 4671 4828 4828 4671 4867 4867 4671 4923 4731 4923 4671 4731 4781 4923 4781 4782 4829 4781 4732 4782 4830 4782 4869 4733 4784 4831 4831 4869 4733 4783 4785 4784 4784 4785 4786 4872 4784 4786 4872 4786 4787 4628 4832 4788 4787 4736 4788 4832 4787 4788 4737 4833 4628 4628 4833 4832 4834 4737 4789 4836 4835 4790 4837 4791 4838 4837 4790 4791 4838 4740 4792 4875 4838 4792 4741 4876 4875 4793 4876 4741 4741 4875 4792 4743 4685 4940 4793 4742 4743 4940 4793 4743 4794 4686 4839 4839 4685 4794 4998 4686 4795 4796 4841 4840 4796 4840 4878 4795 4745 4796 4878 4795 4796 4797 4746 4841 4841 4796 4797 4799 4798 4880 4880 4746 4799 4884 8765 8761 8760 4802 4884 8760 4884 8761 8762 4693 4843 8762 4843 8764 8764 4843 4747 8764 4747 8763 4693 4844 4843 4748 4844 4693 4749 4803 4748 4803 4845 4886 4751 4846 4750 4752 4848 4847 4753 4848 4752 4953 4848 4753 4753 4849 4953 4850 4849 4753 4850 4700 4804 4804 4754 4850 4890 4754 4755 4701 4891 4755 4891 4701 4805 4756 4892 4702 4702 4892 4805 4756 4646 4851 4758 4807 4806 4852 4807 4759 4808 4852 4759 4760 4852 4808 4852 4760 4853 4761 4963 4853 4963 4761 4809 4810 4896 4809 4811 4896 4810 4896 4811 4812 4854 4707 4813 4854 4813 4897 4814 4855 4813 4814 4815 4898 4898 4815 4816 4766 4856 4765 4766 4857 4966 4857 4766 4817 4657 4767 4858 4858 4767 4903 4903 4715 4904 4904 4818 5022 4819 4905 4818 4905 4819 4768 4906 4905 4768 4906 4768 4970 4820 4859 4970 4859 4820 4860 4971 4721 4972 4972 4721 4910 4910 4721 4861 4911 4861 4973 4973 4821 5028 4772 4822 5030 5031 4773 4912 4912 4773 4913 4773 4823 4913 4823 4824 4914 4916 4917 4918 4918 4725 4977 4977 4725 4862 4978 4725 4979 4725 4826 4979 4827 4727 4863 4728 4864 4776 4864 4729 4865 4984 4729 4866 4866 4779 4828 4828 4867 4921 4868 4781 4829 4782 4830 4829 4870 4869 4831 4831 4784 4872 4928 4872 4787 4929 4928 4787 4873 4787 4832 4832 4833 4737 4932 4832 4737 4932 4737 4834 4834 4789 4835 4790 4874 4836 4874 4835 4836 4874 4790 4837 4936 4838 4875 4876 4793 4940 4998 4941 4686 4839 4686 4877 4686 4941 4877 4940 4685 4839 4877 4940 4839 4746 5056 4841 4798 4879 4880 4800 4881 4882 4800 4882 5057 4800 5057 4883 4801 8758 8754 4842 4801 4948 4881 4800 4842 4948 4881 4842 4884 8766 8765 4843 4844 4747 4803 4885 4748 4803 4886 4885 4845 4887 4886 4696 4952 4845 4952 4696 4750 4750 4846 4952 4847 4888 4751 4847 4889 4888 4848 4889 4847 4849 4850 4953 4850 4890 4956 4850 4754 4890 4805 4892 4891 4851 5010 4756 5010 4851 4806 4806 4893 5010 4806 4894 4893 4807 4894 4806 4895 4807 4852 4852 5012 4895 4852 4853 5012 5015 4963 4809 4809 4896 5015 4854 4897 4812 4964 4855 4814 4964 4814 4898 4816 4899 4898 4899 4816 4856 4900 4899 4856 4900 4856 4766 4966 4900 4766 4857 4967 4901 4817 4967 4857 4967 4817 4858 4902 4858 4903 4903 4904 5109 4905 5023 4818 5023 5022 4818 4907 4970 4859 4859 4908 5025 4908 4859 4860 4908 4860 5025 5025 4860 4909 4910 4861 4911 5028 4772 4974 4772 5030 4974 4914 4825 5034 5034 4825 4915 4916 4915 4917 4863 4919 4826 4863 4727 4919 4727 4980 4919 4980 4776 4920 4864 4920 4776 4864 4865 4920 4865 4729 4920 4920 4729 4983 4729 4984 4983 4866 5039 4984 4828 4921 4866 4922 4921 4867 4924 4923 4868 4923 4781 4868 4829 4830 4868 4830 4869 4926 4926 4869 4870 4870 4831 4927 4927 4831 4871 4872 4928 4831 4831 4928 4871 4787 4930 4929 4930 4787 4873 4873 4832 4991 4991 4832 4932 4932 4834 4835 4933 4932 4835 4934 4835 4874 5047 4934 4874 4837 4935 4874 4838 4936 4937 4935 4837 4838 4937 4935 4838 4938 4936 4875 4939 4875 4876 4877 4995 4940 5049 4876 4940 4878 4943 4795 4998 4795 4942 4943 4878 4840 4944 4840 4841 4880 4879 4945 4945 4746 4880 4879 4798 4883 5057 4879 4883 4946 8755 8771 8755 4946 4801 8755 4801 8754 4948 4801 4947 4882 4881 4948 4802 4949 4884 4747 4950 4802 4747 4844 4950 4748 4885 4844 4845 4952 4887 4751 4888 4846 4889 4848 4888 4953 4850 4954 4955 4850 4956 4890 4957 4956 4755 4957 4890 4755 4891 4957 4892 5009 4891 5009 4892 4756 4756 5010 5009 4893 4959 5010 4893 4894 4960 4894 4807 4960 4960 4807 4895 5012 4853 4962 4962 4853 4963 4897 4896 4812 4897 4813 5017 4813 4964 5017 4855 4964 4813 4965 4899 4900 5072 4900 4966 4966 4857 5020 4857 4901 5020 4967 4969 4968 4858 4969 4967 4969 4858 4902 4902 4903 4969 4969 4903 5109 5109 4904 5021 4859 5025 4907 5025 4909 5113 5113 4909 4971 4971 4972 5077 4972 4910 4911 4972 4911 4973 5027 4973 5028 4974 5030 5029 4913 4823 5032 5032 4823 4914 5034 5033 4914 5034 4915 4975 4915 4916 4975 4916 4918 4976 4826 4919 5181 4919 4980 4981 4980 4920 4982 4983 5038 4920 5119 5039 4866 4985 5119 4866 4866 4921 4985 5120 4921 4922 4867 4923 4922 4922 4923 4986 4986 4923 4924 4924 4868 4987 4987 4868 4925 4868 4830 4925 4925 4830 4988 4926 4988 4830 4870 4927 4926 4871 4928 4929 4930 4873 4990 4873 4991 4990 4990 4991 4931 5129 4991 4932 5129 4932 4933 4933 4835 4934 5047 4874 4935 4992 4935 4936 4935 4937 4936 4992 4936 4938 4938 4875 4939 5049 4939 4876 4940 4995 5050 5050 5049 4940 4941 4996 5051 5051 4877 4941 4997 4942 4795 4996 4941 4998 4943 4840 5053 4840 4999 5053 4795 4943 5053 4997 4795 5053 4944 4841 5056 5056 4840 4944 4879 5000 4945 4882 5058 5057 4801 4946 4947 4948 4947 5058 5058 4882 4948 4949 5001 4884 8766 4884 5001 8766 5001 8767 4950 4949 4802 4885 5003 4844 4844 5003 4950 4886 5004 4885 5004 4886 4951 4887 5005 4886 4886 5005 4951 4887 4952 5005 5096 4952 5006 4952 5007 5006 4952 4846 5007 4888 5007 4846 5007 4888 5008 4848 5008 4888 5061 4848 4953 4850 5099 4954 4954 5099 4953 5099 4850 4955 4956 4957 5063 4957 4891 5063 5063 4891 4958 4891 5009 4958 5065 5010 4959 4959 4893 4960 4895 5011 4960 5012 5011 4895 4961 5012 4962 4962 5013 4961 4962 5014 5013 4963 5014 4962 4963 5015 5014 4896 5016 5015 5016 4896 4897 4897 5017 5016 5017 4964 4898 5018 5017 4898 5018 4898 4899 5070 5018 4899 4899 5071 5070 5071 4899 4965 4966 5019 5072 5019 4966 5020 4901 4967 5020 5020 4967 5074 4967 4968 5074 5021 4904 5022 5022 5023 5110 5023 4905 4906 5023 4906 5024 4906 4970 5024 5024 4970 4907 5113 4971 5077 4972 4973 5026 5026 4973 5027 5028 4974 5114 5078 5031 4912 4912 4913 5079 5033 5079 4913 5032 5033 4913 5032 4914 5033 5034 4975 5177 4975 4916 5177 4916 5035 5178 4916 4976 5035 5035 4918 5180 4976 4918 5035 4918 4977 5180 4977 4862 5235 5180 4977 5235 4862 4978 5235 5235 4978 5116 5116 4978 5036 4978 4979 5036 4979 4826 5036 5181 4919 5117 4981 4980 5237 4981 5237 4919 4980 5037 5280 4980 4982 5037 5237 4980 5280 4982 4920 5037 5037 4920 5038 4983 5081 5038 4984 5039 4983 5119 4985 5040 4921 5120 4985 4922 5041 5120 4922 4986 5041 4924 4987 5123 4987 4925 4988 5123 4987 4988 5042 4988 4926 4926 4927 5043 4926 5043 5042 5043 4927 4871 5085 4871 4929 5044 5085 4929 5045 4929 4989 4929 4930 4989 4989 4930 5046 5046 4930 4990 5128 4990 4931 5128 4931 4991 5129 4933 4934 5087 5129 4934 5087 4934 5047 4992 5048 4935 5048 5047 4935 5048 4992 4938 4939 5049 5088 4993 4938 4939 5088 4993 4939 4994 5089 5049 5050 4995 4877 4994 5049 5050 5050 4877 5051 4998 4942 5052 5052 4996 4998 4942 4997 5053 5056 4746 5054 4999 4840 5056 5054 4746 4945 5054 4945 5142 5056 5054 5142 5058 5092 5057 4879 5057 5000 4946 8771 8773 4947 4946 5058 4949 4950 5002 5095 4949 5002 4950 5003 5002 5004 5059 4885 4885 5059 5003 4951 5059 5004 4951 5005 5059 4952 5096 5005 5007 5060 5097 5008 5060 5007 4848 5210 5008 5210 4848 5061 4953 5099 5061 5099 4955 5062 4958 5064 5063 4958 5009 5064 5009 5010 5065 5066 4959 4960 5104 4960 5011 5160 5011 5012 4961 5067 5012 4961 5013 5067 5015 5016 5014 5017 5068 5016 5069 5068 5017 5017 5164 5069 5164 5017 5018 4965 4900 5072 5072 5019 5020 5020 5073 5108 5073 5020 5074 4968 4969 5074 5021 5075 5109 5075 5021 5022 5110 5170 5224 5023 5170 5110 5170 5023 5024 5024 4907 5170 5025 5076 4907 5113 5077 5227 5077 4972 5026 5027 5028 5114 4974 5029 5114 5115 5029 5030 5115 5031 5078 5030 5031 5115 5079 5115 5078 5078 4912 5079 5033 5034 5175 5177 4916 5178 5235 5234 5180 5116 5036 5080 5036 4826 5080 5080 4826 5181 5117 4919 5237 5037 5038 5280 5183 5081 4983 5082 5183 4983 4983 5039 5082 5082 5039 5119 4985 5120 5040 5120 5119 5040 5121 5120 5041 5041 4986 5121 4924 5122 4986 4986 5122 5121 5124 5123 4988 5083 4988 5042 5084 5042 5043 4871 5085 5043 5044 4929 5045 4989 5044 5045 5046 4990 5128 5128 4991 5129 5131 5129 5087 5132 5087 5047 4993 5048 4938 5089 5088 5049 5090 4994 5050 5051 4996 5136 5136 5050 5051 4942 4996 5052 5091 4942 5053 5056 5055 5138 5138 4999 5056 4945 5000 5141 5142 4945 5141 5055 5056 5142 5000 5057 5140 5057 5092 5140 4946 8773 8772 5058 4946 5093 5093 5092 5058 8767 5001 5094 8767 5094 8768 4949 5147 5001 5002 5003 5095 5151 5096 5006 5008 5210 5060 5061 5098 5210 5061 5099 5098 4955 4956 5063 5100 4955 5063 5009 5101 5064 5009 5102 5101 5102 5009 5065 4959 5102 5065 4959 5066 5102 5066 4960 5104 5104 5011 5160 5160 5012 5067 5013 5162 5067 5014 5162 5013 5162 5014 5214 5216 5214 5014 5014 5016 5068 5105 5014 5068 5018 5217 5164 5217 5018 5070 4965 5106 5071 5106 4965 5072 5107 5106 5072 5107 5072 5020 5108 5107 5020 5108 5073 5074 5074 5222 5166 5222 5074 4969 5109 5222 4969 5075 5168 5109 5168 5075 5022 5110 5168 5022 5170 4907 5171 4907 5111 5112 4907 5076 5111 5111 5076 5025 5111 5025 5112 5112 5025 5113 5227 5077 5326 5326 5077 5172 5172 5077 5173 5173 5077 5026 5173 5026 5027 5230 5114 5029 5029 5115 5230 5079 5033 5174 5174 5033 5175 5175 5034 5176 5176 5034 5177 5178 5035 5179 5234 5235 5277 5116 5327 5235 5116 5080 5181 5182 5181 5117 5280 5038 5118 5038 5081 5118 5082 5184 5183 5186 5119 5120 5240 5186 5120 4924 5123 5122 4988 5083 5124 5042 5084 5083 5085 5125 5043 5043 5125 5084 5085 5044 5125 4989 5127 5044 4989 5046 5127 5127 5046 5192 5192 5046 5128 5086 5128 5129 5193 5129 5131 5130 5193 5131 5048 5133 5195 5132 5047 5048 5195 5132 5048 4993 5197 5133 5133 5048 4993 5197 4993 5088 5089 4994 5198 5198 5088 5089 5050 5134 5090 5134 4994 5090 4996 5135 5136 5134 5050 5136 4942 5091 5137 5137 4996 4942 5053 4999 5139 5139 5091 5053 5000 5140 5141 8777 5144 4946 8777 4946 8772 4946 5144 5145 5093 4946 5145 5145 5092 5093 8768 5094 5146 8768 5146 8769 5001 5147 5094 5147 4949 5095 5003 5148 5095 5059 5149 5003 5059 5150 5149 5005 5150 5059 5208 5096 5151 5007 5151 5006 5151 5007 5097 5097 5060 5151 5152 5210 5098 5099 5062 5098 5153 4955 5100 5064 5154 5155 5064 5155 5063 5063 5155 5100 5154 5064 5156 5064 5101 5156 5102 5157 5101 5102 5066 5158 5158 5066 5103 5103 5066 5104 5104 5159 5103 5104 5160 5159 5067 5212 5160 5162 5161 5067 5067 5161 5212 5216 5014 5105 5105 5068 5069 5164 5217 5269 5165 5217 5070 5070 5071 5106 5070 5106 5218 5219 5106 5107 5220 5107 5108 5108 5221 5220 5221 5108 5074 5166 5221 5074 5222 5109 5167 5167 5109 5168 5168 5110 5169 5169 5110 5224 4907 5226 5171 5226 4907 5112 5112 5113 5227 5173 5027 5274 8774 5027 5114 8774 5114 8781 5229 5114 5230 5230 5115 5231 5231 5115 5232 5115 5079 5232 5307 5177 5178 5035 5180 5233 8782 5116 5181 8782 5181 8812 8959 5327 5116 8959 5116 8782 8812 5181 5182 8812 5182 8814 5182 5117 5279 5279 5117 5237 8816 5280 5118 8816 5118 8783 5081 5183 5118 5185 5184 5082 5082 5119 5185 5185 5119 5186 5240 5121 5187 5240 5120 5121 5121 5122 5188 5188 5122 5189 5122 5123 5189 5124 5241 5123 5083 5191 5124 5083 5084 5191 5084 5125 5243 5243 5125 5244 5044 5245 5125 5245 5244 5125 5044 5127 5245 5245 5127 5126 5192 5126 5127 5128 5246 5192 5086 5194 5128 5194 5246 5128 5129 5193 5194 5129 5194 5086 5130 5131 5247 5193 5130 5247 5248 5131 5087 5248 5087 5132 8788 5132 5195 8788 5195 8837 5195 5133 5197 5197 5088 5198 4994 5134 5249 5136 5135 5134 5135 5250 5134 5135 4996 5137 4999 5199 5200 5138 5199 4999 5139 4999 5200 5137 5091 5139 5200 5137 5139 5055 5255 5253 5199 5138 5055 5253 5199 5055 5140 5202 5141 5141 5202 5254 5142 5141 5255 5141 5254 5255 5255 5055 5142 5092 5143 5202 5143 5201 5202 5202 5140 5092 5143 5092 5145 5204 8790 8770 8769 5146 5204 8769 5204 8770 5094 5147 5146 5095 5148 5147 5149 5205 5003 5003 5205 5148 5149 5150 5206 5150 5005 5206 5005 5096 5208 5207 5005 5208 5151 5060 5209 5211 5152 5098 5062 5211 5098 5062 4955 5153 5100 5155 5153 5154 5156 5101 5101 5157 5154 5157 5102 5158 5103 8779 8780 8779 5103 5159 8779 5159 8796 8796 5159 5160 8796 5160 8797 5212 5161 5213 5213 5161 5162 5162 5163 5213 5266 5163 5162 5266 5162 5214 5215 5214 5267 5214 5216 5267 5105 5268 5216 5268 5105 5069 8903 5268 5069 8903 5069 8775 8775 5069 5164 8775 5164 8798 8798 5164 5269 8798 5269 8904 5070 5218 5165 5106 5272 5218 5272 5106 5219 5219 5107 5220 5220 5221 5273 5221 5166 5273 5222 5167 5223 5167 5168 5169 5170 5225 5224 5225 5170 5171 5227 5326 5112 5172 5228 5326 5228 5172 5173 5274 5228 5173 8862 5274 5027 8862 5027 8774 8781 5114 5275 8781 5275 8863 5275 5114 5229 5230 5275 5229 5275 5230 5231 8867 5232 5079 8867 5079 8776 8776 5079 5174 8776 5174 8807 5174 5175 5276 5176 5177 5307 5178 5179 5307 5179 5035 5233 5233 5180 5234 5235 5327 5308 5182 8813 8814 8813 5182 5279 8813 5279 8872 5237 5236 5279 8817 5310 5280 8817 5280 8816 8783 5118 5238 8783 5238 8815 5118 5183 5238 5183 5184 5238 5186 5240 5185 5121 5188 5187 8829 5189 5190 8829 5190 8831 5189 5123 5190 5190 5123 5241 8784 5124 5191 8784 5191 8832 8881 5241 5124 8881 5124 8784 5191 5084 5243 5283 5191 5243 8884 5244 5245 8884 5245 8886 8885 5245 5126 8885 5126 8786 5246 5126 5192 8888 5246 5194 8888 5194 8836 8835 5193 5247 8835 5247 8890 8836 5194 5193 8836 5193 8834 5193 8835 8834 5247 5131 5248 5285 5248 5132 8892 5285 5132 8892 5132 8788 5195 8838 8837 5196 5328 5197 8838 5195 5197 8838 5197 8839 5196 5197 5198 5287 5196 5198 5198 4994 5249 5250 5135 5137 5251 5250 5137 5252 5137 5200 5200 5199 5253 5202 5201 5256 5145 5144 5257 5201 5143 5145 5257 5201 5145 5203 8840 8789 8790 5204 5293 8790 5293 8791 8791 5293 5203 8791 5203 8789 5148 5322 5147 5147 5322 5258 5205 5149 5206 5259 5205 5206 5260 5005 5207 5208 5151 5209 5210 5261 5060 5060 5261 5209 5210 5262 5261 5152 5262 5210 5211 5062 5153 5303 5155 5154 5154 5263 5304 5157 5263 5154 8792 5157 5158 8795 5158 5103 8795 5103 8780 5264 8898 8841 8797 5160 5264 8797 5264 8841 5160 5212 5264 5264 5212 5213 8843 5213 5266 8843 5266 8899 5163 5266 5213 8900 5266 5214 8900 5214 8845 8845 5214 5215 8845 5215 8846 5269 8905 8904 5269 5217 5270 5217 5165 5270 5271 5165 5218 5218 5272 5271 5219 5305 5272 5305 5219 5220 8850 5220 5273 8850 5273 8851 8912 5273 5166 8912 5166 8801 8801 5166 5222 8801 5222 8853 5222 8854 8853 8854 5222 5223 8854 5223 8855 8804 5169 5224 8804 5224 8856 8856 5224 5225 8856 5225 8858 8857 5225 5171 8857 5171 8805 5171 8806 8805 8806 5171 5306 8806 5306 8940 5226 5306 5171 5306 5226 5112 8913 5326 5228 8913 5228 8860 5274 8862 8915 8807 5174 5276 8807 5276 8920 8810 5176 5307 8810 5307 8943 8868 5233 5234 8868 5234 8870 8921 5277 5308 8921 5308 8947 5277 5235 5308 5279 5236 5278 5236 5237 5278 5278 5237 5280 5238 8873 8815 8874 5238 5184 8874 5184 8818 8818 5184 5185 8818 5185 8819 8821 5185 5239 8821 5239 8876 5185 5240 5239 8875 5239 5240 8875 5240 8877 8878 5240 5187 8878 5187 8825 5240 8878 8877 8825 5187 5188 8825 5188 8826 5188 8827 8826 5188 8828 8827 8828 5188 5189 8828 5189 8830 5189 8829 8830 5241 8880 8879 8831 5190 5241 8831 5241 8879 8880 5241 5242 8880 5242 8882 8883 5242 5241 8883 5241 8881 8832 5191 5281 8832 5281 8925 5243 5244 5283 5191 5283 5282 5283 5244 5282 8928 5282 5244 8928 5244 8884 5245 8885 8886 5126 8785 8787 5126 8787 8786 8785 5126 5246 8785 5246 8887 5247 8891 8890 5284 5248 5285 5284 5247 5248 5285 8892 8932 5197 5328 5286 8839 5197 5286 8839 5286 8893 5328 5196 5287 5287 5198 5249 5288 5287 5249 5249 5134 5250 5289 5249 5250 5289 5250 5251 5200 5290 5315 5200 5315 5252 5251 5137 5252 5290 5200 5253 5291 5290 5253 5255 5254 5317 5317 5253 5255 5201 5319 5256 5254 5202 5256 8778 5292 5144 8778 5144 8777 5257 5144 5318 5318 5201 5257 8840 5203 5293 8840 5293 8895 5146 5294 5204 5204 5294 5293 5147 5295 5146 5295 5147 5258 5205 5296 5148 5005 5297 5206 5260 5298 5005 5005 5298 5297 5208 5299 5207 5299 5208 5209 5152 5300 5262 5262 5300 5261 5152 5301 5300 5211 5301 5152 5211 5302 5370 5153 5302 5211 5153 5155 5303 5303 5154 5304 5157 8792 8793 5158 8795 8794 8898 5264 5213 8898 5213 8842 5213 8843 8844 5266 8900 8899 8900 5265 8899 8901 5267 5216 8901 5216 8847 8846 5215 5267 8846 5267 8901 8848 5216 5268 8848 5268 8902 8905 5269 5270 8905 5270 8906 8907 5270 5165 8907 5165 8800 8799 5165 5271 8799 5271 8908 8908 5271 5272 8908 5272 8909 8852 5305 5220 8852 5220 8850 5273 8912 8851 8855 5223 5167 8855 5167 8802 8802 5167 5169 8802 5169 8803 5169 8804 8803 5326 5306 5112 5228 8861 8860 8861 5228 5274 8861 5274 8914 5275 8918 8863 5275 8917 8918 8917 5275 5231 8917 5231 8864 8865 5231 5232 8865 5232 8866 5232 8867 8866 5276 8919 8920 8919 5276 5175 8919 5175 8808 8809 5175 5176 8809 5176 8810 5307 8942 8943 8945 5307 5179 8945 5179 8811 8811 5179 5233 8811 5233 8869 5234 8871 8870 8871 5234 5277 8871 5277 8922 5277 8921 8922 8947 5308 5327 8947 5327 8948 5279 8924 8872 8924 5279 5278 8924 5278 8923 5278 5280 5309 5280 5310 5309 5238 8874 8873 5185 8820 8819 5185 8821 8824 5239 8875 8876 5242 8883 8882 8926 5281 5191 8926 5191 8833 8833 5191 5282 8833 5282 8927 5246 8889 8887 5246 8888 8889 8891 5247 5284 8891 5284 8930 8894 5311 5371 5286 5328 5311 8893 5286 5311 8893 5311 8894 5312 5328 5287 5313 5249 5289 5289 5251 5252 5315 5289 5252 5253 5316 5291 5315 5290 5291 5201 5318 5319 5144 5292 5320 5144 5320 5318 5292 8778 8935 5292 8935 8936 5146 5295 5294 5258 5321 5295 5258 5322 5321 5148 5296 5322 5323 5205 5259 5206 5297 5259 5207 5299 5260 5260 5299 5298 5324 5299 5209 5301 5325 5300 5301 5211 5325 5346 5211 5370 5302 5153 5303 5304 5263 5303 8897 5263 5157 8897 5157 8793 5213 8844 8842 5216 8849 8847 5216 8848 8849 5268 8903 8902 5270 8907 8906 5165 8799 8800 5272 8911 8909 5272 8910 8911 8910 5272 5305 8910 5305 8939 5305 8852 8939 5225 8859 8858 5225 8857 8859 5306 8941 8940 8941 5306 5326 8941 5326 8957 5326 8913 8958 5274 8916 8914 5274 8915 8916 5231 8865 8864 5175 8809 8808 5307 8944 8942 5233 8868 8869 8923 5278 5309 8923 5309 8949 8949 5309 5310 8949 5310 8950 5310 8817 8950 5185 8822 8820 5185 8823 8822 5185 8824 8823 5281 8926 8925 5282 8929 8927 5282 8928 8929 5284 8931 8930 8931 5284 5285 8931 5285 8933 5285 8932 8933 5312 5329 5328 5328 5371 5311 5312 5287 5288 5352 5312 5288 5288 5249 5313 5330 5288 5313 5313 5289 5314 5315 5331 5354 5314 5289 5315 5354 5314 5315 5316 5315 5291 5317 5254 5333 5316 5253 5317 5333 5316 5317 5256 5319 5335 5319 5334 5335 5335 5254 5256 5320 5292 5337 5292 5336 5337 5320 5337 5318 8951 5338 5292 8951 5292 8936 5339 8965 8896 8965 5339 5360 8965 5360 8967 8895 5293 5339 8895 5339 8896 5294 5340 5293 5295 5321 5294 5321 5322 5341 5296 5365 5322 5296 5205 5365 5365 5205 5323 5259 5297 5323 5297 5298 5342 5299 5343 5298 5298 5343 5342 5344 5299 5324 5261 5368 5209 5300 5368 5261 5345 5300 5325 5325 5211 5346 5347 5370 5302 5303 5347 5302 5303 5349 5348 5303 5263 5349 8956 5349 5263 8956 5263 8897 5326 8958 8957 5307 8946 8944 5307 8945 8946 5327 8960 8948 5327 8959 8960 5371 8961 8934 5329 5350 5328 5350 5371 5328 5329 5312 5352 5372 5329 5352 5352 5288 5330 5330 5313 5314 5353 5330 5314 5331 5315 5316 5332 5331 5316 5332 5316 5333 5355 5332 5333 5319 5318 5356 5333 5254 5335 5318 5337 5357 5356 5318 5357 5319 5356 5357 5338 8951 8963 5336 5292 5338 8962 5336 5338 8962 5338 8963 5358 8955 8937 5358 8952 8955 5359 8938 8966 8967 5360 5359 8967 5359 8966 5293 5361 5339 5340 5361 5293 5340 5294 5361 5321 5362 5294 5363 5362 5321 5321 5364 5363 5341 5364 5321 5365 5380 5322 5322 5380 5341 5323 5297 5365 5297 5381 5366 5342 5381 5297 5342 5343 5381 5343 5299 5344 5367 5324 5209 5368 5367 5209 5368 5300 5345 5346 5369 5325 5346 5370 5369 5347 5303 5348 5349 8956 8969 5371 8971 8961 5350 5329 5351 5386 5372 5352 5352 5330 5353 5419 5352 5353 5354 5331 5373 5353 5314 5354 5373 5353 5354 5374 5331 5332 5375 5332 5355 5335 5334 5388 5335 5388 5376 5355 5333 5335 5376 5355 5335 5337 5336 5390 5336 5377 5390 5334 5319 5357 5337 5334 5357 8970 5378 5336 8970 5336 8962 8952 5358 5425 8952 5425 8954 8938 5359 5358 8938 5358 8937 5360 5339 5359 5294 5379 5361 5362 5379 5294 5364 5341 5363 5297 5394 5365 5394 5297 5366 5344 5382 5343 5344 5324 5382 5345 5383 5368 5345 5325 5383 5397 5325 5369 5370 5400 5369 5347 5400 5370 5400 5347 5348 5348 5349 5400 5371 8972 8971 5371 5350 5351 5384 5371 5351 5351 5329 5372 5385 5351 5372 5352 5419 5386 5353 5387 5419 5403 5331 5374 5374 5332 5375 5376 5388 5405 5375 5355 5376 5405 5375 5376 5377 5389 5390 5388 5334 5337 5378 8970 8973 5377 5336 5378 8954 5425 5391 8954 5391 8953 5391 8964 8953 5359 5392 5358 5339 5392 5359 5339 5361 5392 5379 5393 5361 5361 5393 5444 5341 5411 5363 5394 5413 5365 5365 5413 5380 5381 5343 5366 5395 5343 5382 5324 5396 5382 5367 5396 5324 5368 5383 5367 5383 5325 5397 5400 5398 5369 8974 5400 5349 8974 5349 8968 5349 8969 8968 5417 8988 8976 8972 5371 5384 8972 5384 8975 5418 5351 5385 5419 5401 5386 5386 5401 5402 5385 5372 5386 5402 5385 5386 5387 5353 5373 5373 5331 5403 5403 5374 5375 5404 5403 5375 5388 5441 5405 5389 5406 5390 5337 5390 5407 5407 5388 5337 8977 5408 5378 8977 5378 8973 5389 5377 5378 5408 5389 5378 5391 8978 8964 5409 5425 5358 5361 5410 5392 5361 5444 5410 5362 5446 5379 5362 5411 5446 5363 5411 5362 5341 5380 5412 5380 5413 5412 5366 5428 5394 5366 5343 5395 5382 5414 5429 5396 5414 5382 5396 5367 5414 5430 5367 5415 5367 5383 5415 5415 5383 5397 5416 5369 5398 5398 5400 5399 8983 5399 5400 8983 5400 8984 5400 8974 8984 5417 8985 8988 8975 5384 5417 8975 5417 8976 5384 5351 5418 5401 5385 5402 5387 5434 5419 5387 5373 5420 5421 5373 5403 5422 5403 5404 5405 5441 5438 5404 5375 5405 5438 5404 5405 5390 5406 5423 5407 5390 5441 5390 5423 5441 5441 5388 5407 5408 8977 8990 5406 5389 5408 8989 5406 5408 8989 5408 8990 8978 5391 5424 8978 5424 8979 5392 5410 5358 5341 5447 5411 5427 5341 5412 5428 5451 5394 5394 5451 5413 5428 5366 5395 5367 5430 5414 5397 5453 5415 5397 5369 5416 8991 5470 5398 8991 5398 8982 8982 5398 5399 8982 5399 8983 8985 5417 5431 8985 5431 8986 5417 5384 5431 5432 5384 5418 5433 5385 5401 5387 5436 5434 5433 5401 5419 5435 5433 5419 5436 5387 5420 5420 5373 5421 5459 5420 5421 5421 5403 5422 5438 5441 5478 5441 5437 5478 5422 5404 5438 5423 5406 5440 5406 5439 5440 5423 5440 5441 8979 5424 5442 8979 5442 8980 5425 5443 5391 5409 5443 5425 5358 5443 5409 5358 5410 5443 5393 5445 5444 5393 5379 5445 5411 5447 5446 5446 5447 5426 5341 5448 5447 5448 5341 5427 5412 5449 5427 5412 5413 5450 5413 5451 5450 5382 5452 5395 5395 5452 5428 5452 5382 5429 5430 5489 5414 5489 5430 5415 5415 5453 5489 5453 5469 5454 5453 5397 5469 5397 5490 5469 5416 5490 5397 5416 5398 5490 8986 5431 5455 8986 5455 8987 5418 5385 5456 5456 5432 5418 5431 5384 5432 5456 5431 5432 5456 5385 5433 5456 5433 5457 5419 5434 5458 5434 5436 5458 5435 5419 5458 5458 5433 5435 5436 5420 5474 5459 5421 5422 5460 5459 5422 5437 5476 5478 5438 5478 5479 5479 5422 5438 5440 5439 5480 5439 5498 5480 5441 5440 5480 5441 5480 5482 5482 5437 5441 5461 8994 8993 8992 5439 5406 8992 5406 8989 8994 5461 5439 8994 5439 8992 8980 5442 5518 8980 5518 8981 5518 8996 8981 5424 5391 5442 5443 5462 5391 5410 5463 5443 5410 5444 5463 5446 5445 5379 5446 5486 5445 5446 5426 5486 5448 5503 5447 5427 5449 5448 5412 5464 5449 5464 5412 5450 5451 5465 5450 5428 5452 5451 5452 5429 5467 5414 5489 5429 5453 5468 5489 5508 5453 5454 5490 5398 5470 5470 8991 8999 5455 8997 8987 5455 5431 5491 5471 5455 5491 5491 5431 5456 5472 5491 5456 5473 5433 5458 5458 5436 5474 5475 5420 5459 5495 5459 5460 5476 5477 5478 5460 5422 5479 5439 5497 5498 5480 5481 5482 5437 5482 5476 5518 8995 8996 5391 5462 5442 5443 5483 5462 5443 5463 5483 5445 5484 5444 5445 5486 5485 5447 5503 5426 5448 5449 5503 5450 5487 5464 5450 5465 5487 5451 5488 5465 5488 5451 5466 5451 5452 5466 5506 5452 5467 5429 5489 5467 5468 5453 5508 5508 5454 5469 9003 5490 5470 9003 5470 9000 5470 8999 9000 8997 5455 5471 8997 5471 9001 5457 5492 5472 5472 5456 5457 5473 5458 5493 5457 5433 5473 5493 5457 5473 5494 5458 5474 5474 5420 5475 5475 5459 5495 5479 5478 5496 5478 5477 5496 5495 5460 5479 5496 5495 5479 5477 5476 5482 5481 5477 5482 5461 8993 8998 9005 5497 5461 9005 5461 8998 5439 5461 5497 5518 9008 8995 5499 5518 5442 5462 5483 5442 5444 5500 5463 5484 5500 5444 5484 5445 5500 5501 5445 5485 5426 5502 5486 5449 5504 5503 5503 5504 5522 5449 5464 5504 5487 5465 5464 5466 5526 5488 5452 5506 5466 5489 5529 5467 5468 5529 5489 5468 5507 5529 5468 5508 5507 5508 5509 5565 5469 5509 5508 5469 5490 5509 9009 5543 5490 9009 5490 9004 5490 9003 9004 5471 5491 5511 5491 5544 5511 5471 9002 9001 9002 5471 5511 9002 5511 9013 5512 5491 5472 5492 5457 5493 5474 5513 5532 5494 5474 5532 5532 5458 5494 5514 5474 5475 5515 5475 5495 5496 5477 5535 5477 5516 5535 5535 5495 5496 5497 5553 5498 5480 5498 5517 5481 5480 5517 5517 5477 5481 5483 5519 5442 5442 5519 5499 5463 5500 5483 5445 5520 5500 5520 5445 5501 5486 5502 5485 5426 5521 5502 5503 5558 5426 5426 5558 5521 5503 5522 5558 5464 5523 5504 5523 5464 5505 5465 5524 5464 5464 5524 5505 5465 5488 5524 5506 5526 5466 5527 5526 5506 5467 5527 5506 5467 5529 5528 5507 5508 5565 5509 5490 5565 5491 5567 5544 9013 5511 5510 9013 5510 9010 5544 5510 5511 5567 5491 5512 5512 5472 5492 5531 5512 5492 5458 5532 5548 5493 5458 5548 5548 5492 5493 5513 5474 5514 5514 5475 5515 5533 5514 5515 5516 5534 5535 5515 5495 5535 5553 5536 5498 5517 5498 5537 5516 5477 5517 5537 5516 5517 5553 9014 9021 9014 5553 5497 9014 5497 9005 5518 9015 9008 5499 5519 5518 5500 5538 5483 5501 5485 5520 5522 5504 5558 5505 5524 5523 5488 5540 5524 5540 5488 5525 5526 5541 5488 5488 5541 5525 5542 5526 5527 5527 5467 5528 5528 5529 5527 5507 5530 5529 5507 5565 5530 5566 5565 5543 5565 5490 5543 5543 9009 9018 5543 9018 9017 5510 9011 9010 5545 5510 5544 5531 5492 5547 5567 5512 5531 5547 5567 5531 5548 5532 5513 5549 5548 5513 5550 5513 5514 5551 5514 5533 5535 5534 5552 5533 5515 5535 5552 5533 5535 5498 5536 5571 5537 5498 5572 5498 5571 5572 5534 5516 5537 5554 9006 9016 9015 5518 5554 9015 5554 9016 5518 5519 5554 5483 5555 5519 5538 5555 5483 5500 5576 5538 5500 5520 5576 5556 5520 5539 5520 5485 5539 5502 5557 5485 5502 5521 5557 5504 5559 5558 5558 5559 5577 5504 5523 5559 5540 5597 5524 5525 5541 5540 5526 5561 5541 5561 5526 5542 5527 5580 5542 5562 5580 5527 5527 5563 5562 5529 5563 5527 5529 5530 5563 5530 5565 5564 9019 5566 5543 9019 5543 9017 5510 9012 9011 5584 5510 5545 5546 5585 5567 5545 5544 5567 5546 5567 5547 5547 5492 5548 5568 5547 5548 5549 5513 5568 5568 5548 5549 5569 5513 5550 5550 5514 5551 5552 5534 5570 5551 5533 5552 5570 5551 5552 5536 5573 5571 5537 5572 5592 5592 5534 5537 9023 5573 5553 9023 5553 9021 5573 5536 5553 5574 9025 9007 9006 5554 5574 9006 5574 9007 5554 5575 5574 5554 5519 5575 5555 5594 5519 5576 5520 5556 5485 5557 5539 5558 5596 5521 5558 5577 5596 5523 5578 5559 5578 5523 5560 5524 5579 5523 5523 5579 5560 5524 5597 5579 5540 5541 5597 5542 5580 5561 5563 5530 5562 5581 5530 5564 5565 5582 5564 5565 5583 5582 5566 5583 5565 9020 5583 5566 9020 5566 9019 5584 9030 9022 9012 5510 5584 9012 5584 9022 5584 5545 5567 5585 5584 5567 5585 5546 5547 5602 5585 5547 5586 5547 5568 5568 5513 5569 5587 5568 5569 5569 5550 5551 5588 5569 5551 5570 5589 5590 5590 5551 5570 5571 5573 5572 5570 5534 5592 9025 5574 5593 9025 5593 9034 5575 5593 5574 5538 5595 5555 5555 5595 5594 5576 5609 5538 5521 5596 5557 5577 5559 5596 5560 5579 5578 5541 5598 5597 5597 5598 5614 5541 5561 5598 5580 5616 5561 5580 5617 5616 5562 5617 5580 5562 5530 5581 5564 5582 5581 5583 9020 9029 9030 5584 5635 9030 5635 9035 5600 5584 5585 5601 5585 5602 5602 5547 5586 5586 5568 5587 5603 5586 5587 5587 5569 5588 5605 5587 5588 5589 5622 5590 5588 5551 5590 5573 5591 5572 5592 5572 5606 5589 5570 5592 5606 5589 5592 5591 9024 9031 5591 9031 9033 9024 5591 5573 9024 5573 9023 5575 5607 5593 5519 5607 5575 5538 5608 5595 5538 5609 5608 5576 5610 5609 5576 5556 5610 5559 5611 5596 5559 5578 5611 5597 5613 5579 5597 5614 5613 5561 5615 5598 5615 5561 5599 5561 5616 5599 5581 5617 5562 5581 5582 5617 9027 5582 5583 9027 5583 9028 5635 9040 9035 5636 5635 5584 5618 5584 5600 5600 5585 5601 5619 5601 5602 5602 5586 5603 5620 5602 5603 5603 5587 5604 5605 5621 5653 5604 5587 5605 5653 5604 5605 5590 5622 5623 5605 5588 5590 5623 5605 5590 5572 5591 5625 5572 5625 5606 5626 5589 5606 5591 9033 9032 5627 9044 9036 9034 5593 5628 9034 5628 9037 5593 5607 5628 5519 5629 5607 5594 5629 5519 5595 5608 5594 5539 5630 5556 5556 5630 5610 5557 5643 5539 5596 5643 5557 5596 5611 5643 5611 5578 5612 5579 5664 5578 5578 5664 5612 5579 5613 5664 5614 5598 5613 5599 5631 5615 5599 5616 5631 5617 5633 5616 5582 5634 5617 9038 5634 5582 9038 5582 9026 5582 9027 9026 5583 9029 9028 5635 9047 9040 9047 5635 5649 9047 5649 9048 5636 5584 5618 5618 5600 5601 5637 5618 5601 5638 5601 5619 5619 5602 5620 5620 5603 5604 5639 5620 5604 5621 5652 5653 5654 5604 5653 5621 5605 5623 5656 5621 5623 5591 5624 5625 5626 5606 5640 5622 5589 5626 5640 5622 5626 5624 9041 9042 9041 5624 5591 9041 5591 9032 9037 5628 5627 9037 5627 9036 5629 5641 5607 5594 5642 5629 5608 5642 5594 5608 5609 5610 5610 5630 5661 5539 5643 5630 5611 5644 5643 5644 5611 5612 5645 5664 5613 5598 5665 5613 5598 5615 5665 5616 5647 5631 5631 5647 5615 5647 5616 5632 5633 5686 5616 5616 5686 5632 5634 5648 5617 5617 5648 5633 9039 5648 5634 9039 5634 9038 5668 9046 9049 5669 5649 5635 5670 5635 5636 5636 5618 5637 5650 5636 5637 5637 5601 5638 5638 5619 5620 5672 5638 5620 5651 5620 5639 5639 5604 5654 5622 5693 5623 5623 5655 5656 5621 5656 5652 9053 5675 5624 9053 5624 9043 5624 5675 5657 5624 5657 5625 5606 5625 5676 5606 5676 5674 5640 5606 5674 5674 5622 5640 5624 9042 9043 9044 5627 5628 9044 5628 9045 5641 5658 5607 5629 5642 5641 5659 5642 5608 5610 5660 5608 5610 5661 5660 5701 5630 5643 5643 5662 5701 5644 5682 5643 5643 5682 5662 5612 5663 5644 5613 5665 5645 5665 5615 5646 5647 5666 5615 5615 5666 5646 5632 5686 5647 5633 5648 5686 5668 9054 9046 9048 5649 5668 9048 5668 9049 5687 5649 5669 5669 5635 5670 5670 5636 5650 5650 5637 5638 5671 5650 5638 5671 5638 5672 5672 5620 5651 5653 5652 5673 5654 5653 5692 5653 5673 5692 5651 5639 5654 5692 5651 5654 5674 5693 5622 5655 5652 5656 5675 9053 9055 5625 5657 5676 9045 5628 5677 9045 5677 9050 5607 5678 5628 5658 5678 5607 5641 5642 5658 5679 5642 5659 5608 5679 5659 5608 5660 5679 5661 5630 5680 5682 5681 5662 5644 5663 5682 5664 5683 5612 5665 5684 5645 5645 5684 5664 5646 5666 5665 5647 5686 5666 5648 5667 5686 5667 5648 5708 9059 5708 5648 9059 5648 9052 5648 9039 9052 5668 5649 5687 5711 5687 5669 5688 5669 5670 5670 5650 5671 5689 5670 5671 5713 5671 5672 5673 5691 5692 5672 5651 5692 5674 5696 5693 5623 5693 5694 5655 5623 5694 5673 5652 5655 5694 5673 5655 5657 5675 5695 5676 5657 5695 5676 5695 5715 5676 5715 5696 5696 5674 5676 5697 9061 9057 5698 9058 9051 9050 5677 5698 9050 5698 9051 5678 5699 5628 5628 5699 5677 5642 5700 5658 5700 5642 5679 5630 5701 5680 5662 5681 5701 5612 5702 5663 5683 5703 5612 5612 5703 5702 5664 5684 5683 5665 5704 5684 5704 5665 5685 5666 5705 5665 5665 5705 5685 5686 5706 5666 5686 5707 5706 5667 5707 5686 9065 5709 5708 9065 5708 9064 5708 9059 9064 9054 5668 5724 9054 5724 9060 5725 5668 5687 5710 5687 5711 5711 5669 5688 5688 5670 5689 5712 5688 5689 5689 5671 5690 5729 5689 5690 5690 5671 5713 5692 5691 5714 5713 5672 5692 5714 5713 5692 5694 5693 5716 5691 5673 5694 5716 5691 5694 5675 9055 9056 5715 5693 5696 5697 9062 9061 9058 5698 5697 9058 5697 9057 5658 5717 5678 5700 5718 5658 5660 5719 5679 5679 5719 5700 5660 5661 5719 5680 5720 5661 5680 5721 5758 5701 5721 5680 5681 5722 5701 5681 5682 5722 5682 5702 5739 5663 5702 5682 5683 5684 5703 5685 5743 5704 5743 5685 5705 5666 5706 5705 5707 5667 5708 5723 5708 5709 5724 9070 9060 5724 5668 5725 5725 5687 5710 5726 5710 5711 5711 5688 5712 5727 5711 5712 5690 5728 5729 5712 5689 5729 5730 5690 5713 5714 5691 5731 5731 5713 5714 5693 5715 5732 5716 5693 5733 5693 5732 5733 5733 5691 5716 5734 9068 9073 9068 5734 5675 9068 5675 9056 5675 5734 5695 5715 5695 5735 5697 9063 9062 5677 5736 5698 5698 5736 5697 5699 5678 5677 5658 5804 5717 5658 5718 5804 5700 5719 5718 5720 5775 5661 5661 5775 5719 5720 5680 5775 5737 5680 5758 5722 5738 5701 5701 5738 5721 5722 5682 5738 5703 5740 5702 5684 5741 5703 5684 5704 5741 5705 5763 5743 5744 5705 5706 5707 5744 5706 5707 5745 5744 5708 5745 5707 5745 5708 5723 9066 5723 5709 9066 5709 9065 5764 9069 9071 9070 5724 5765 9070 5765 9072 5746 5724 5725 5725 5710 5726 5747 5725 5726 5726 5711 5727 5767 5726 5727 5729 5728 5768 5727 5712 5729 5768 5727 5729 5728 5690 5730 5748 5728 5730 5731 5749 5770 5730 5713 5731 5770 5730 5731 5732 5715 5750 5731 5691 5733 5732 5731 5733 5734 9073 9074 5695 5734 5751 5695 5751 5735 5752 5715 5735 9063 5697 5753 9063 5753 9077 5736 5754 5697 5678 5736 5677 5717 5804 5678 5755 5804 5718 5719 5756 5718 5680 5757 5775 5757 5680 5737 5721 5738 5758 5682 5759 5738 5759 5682 5739 5702 5776 5739 5740 5760 5702 5702 5760 5776 5703 5741 5740 5761 5741 5704 5704 5742 5761 5743 5762 5704 5704 5762 5742 5762 5743 5763 5763 5705 5744 9067 5745 5723 9067 5723 9066 5764 9083 9069 9072 5765 5764 9072 5764 9071 5765 5724 5746 5746 5725 5747 5727 5766 5767 5747 5726 5767 5728 5782 5768 5727 5768 5766 5769 5728 5748 5749 5783 5770 5748 5730 5770 5749 5731 5732 5735 5751 5771 5752 5735 5784 5750 5715 5752 5784 5750 5752 5753 9080 9077 5754 5772 5697 5697 5772 5753 5678 5804 5736 5804 5755 5773 5756 5774 5718 5756 5719 5774 5737 5758 5757 5739 5776 5759 5740 5741 5761 5789 5740 5761 5763 5777 5762 5763 5778 5777 5744 5778 5763 5779 5744 5780 5780 5744 5745 5745 9067 9078 5791 9082 9084 9083 5764 5792 9083 5792 9085 5781 5764 5765 5765 5746 5747 5781 5765 5747 5767 5766 5794 5794 5747 5767 5768 5782 5766 5782 5728 5769 5770 5783 5823 5769 5748 5770 5823 5769 5770 5784 5801 5750 5750 5801 5785 5732 5750 5786 5750 5785 5786 5783 5749 5732 5786 5783 5732 5734 9074 9075 5735 5771 5784 5753 9081 9080 5736 5804 5754 5806 5804 5773 5755 5718 5773 5774 5807 5718 5775 5774 5719 5787 5775 5757 5738 5759 5758 5776 5812 5759 5776 5760 5812 5760 5740 5814 5788 5740 5789 5742 5789 5761 5742 5762 5789 5762 5777 5790 5778 5744 5779 9089 5780 5745 9089 5745 9078 5791 9090 9082 9085 5792 5791 9085 5791 9084 5792 5764 5781 5781 5747 5794 5766 5782 5796 5782 5795 5796 5796 5794 5766 5782 5797 5798 5783 5799 5823 5782 5769 5823 5784 5800 5801 5799 5783 5786 5824 5799 5786 5734 9075 9076 9079 5751 5734 9079 5734 9076 5784 5771 5802 5802 5800 5784 9081 5753 5826 9081 5826 9086 5772 5803 5753 5805 5804 5806 5718 5806 5773 5718 5807 5806 5808 5774 5775 5775 5787 5808 5757 5809 5787 5757 5829 5809 5757 5758 5829 5810 5758 5759 5759 5811 5810 5759 5812 5811 5760 5813 5812 5814 5813 5760 5814 5740 5788 5789 5762 5790 5815 5789 5790 5777 5835 5790 5778 5816 5777 5777 5816 5835 5778 5817 5816 5779 5817 5778 9094 5817 5779 9094 5779 9087 9087 5779 5780 9087 5780 9088 5780 9089 9088 9090 5791 5818 9090 5818 9091 5819 5791 5792 5792 5781 5793 5836 5792 5793 5793 5781 5794 5820 5793 5794 5795 5794 5796 5795 5782 5798 5799 5822 5839 5799 5839 5823 5782 5823 5797 5801 5800 5841 5786 5785 5824 5799 5824 5822 9092 5825 5751 9092 5751 9079 5751 5825 5842 5771 5751 5842 5771 5800 5802 5803 5827 5753 5753 5827 5826 5754 5843 5772 5828 5843 5804 5804 5843 5754 5804 5805 5828 5774 5865 5807 5865 5774 5808 5787 5809 5808 5829 5758 5810 5814 5831 5813 5813 5831 5812 5789 5832 5788 5788 5832 5814 5833 5789 5815 5790 5835 5834 9093 5816 5817 9093 5817 9095 5818 9097 9091 5818 5791 5819 5819 5792 5836 5836 5793 5820 5855 5836 5820 5820 5794 5795 5821 5820 5795 5797 5839 5837 5797 5837 5838 5798 5797 5838 5798 5838 5857 5821 5795 5798 5857 5821 5798 5839 5797 5823 5800 5840 5841 5801 5841 5859 5801 5859 5785 5858 5822 5824 5785 5858 5824 5840 5771 5842 5800 5771 5840 5826 9102 9086 5803 5772 5827 5806 5863 5805 5807 5844 5806 5807 5865 5844 5808 5809 5865 5829 5845 5809 5811 5847 5810 5810 5847 5829 5848 5811 5812 5812 5830 5848 5812 5849 5830 5831 5850 5812 5812 5850 5849 5814 5832 5831 5789 5851 5832 5851 5789 5833 5815 5790 5833 5833 5790 5834 5835 5816 5852 9106 5852 5816 9106 5816 9093 5817 9094 9096 5817 9096 9095 5853 9107 9108 9097 5818 5819 9097 5819 9098 9098 5819 5853 9098 5853 9108 5869 5819 5836 5820 5854 5855 5857 5856 5821 5838 5837 5857 5839 5822 5873 5873 5837 5839 5840 5891 5841 5859 5858 5785 5825 9092 9099 5860 5840 5842 5827 5876 5826 5772 5861 5827 5772 5843 5861 5805 5863 5828 5828 5863 5843 5844 5878 5806 5806 5878 5863 5809 5845 5865 5829 5917 5845 5917 5829 5846 5829 5847 5846 5830 5811 5848 5831 5832 5850 5884 5834 5835 9114 5884 5835 9114 5835 9105 9105 5835 5852 9105 5852 9110 5852 9111 9110 5852 9106 9111 5853 9112 9107 9112 5853 5867 9112 5867 9113 5853 5819 5869 5855 5854 5906 5869 5836 5855 5906 5869 5855 5821 5856 5871 5856 5870 5871 5854 5820 5821 5871 5854 5821 5837 5856 5857 5822 5858 5873 5841 5891 5892 5859 5841 5892 5859 5892 5874 5874 5858 5859 5825 9099 9100 9109 5842 5825 9109 5825 9100 5860 5842 5891 5842 5912 5891 5891 5840 5860 9102 5826 5876 9102 5876 9104 5827 5861 5876 5877 5861 5843 5843 5862 5877 5843 5863 5862 5878 5844 5864 5845 5917 5865 5846 5879 5917 5846 5847 5879 5811 5880 5847 5880 5811 5830 5849 5900 5830 5850 5881 5849 5832 5851 5850 5850 5851 5881 5833 5883 5851 5851 5883 5882 5883 5833 5866 5833 5834 5866 5867 9115 9113 5867 5853 5868 5885 5867 5868 5886 5905 5869 5868 5853 5869 5905 5868 5869 5854 5907 5906 5869 5906 5886 5870 5854 5871 5837 5872 5888 5888 5856 5837 5873 5858 5889 5873 5889 5890 5890 5837 5873 5891 5910 5892 5874 5892 5911 5911 5858 5874 9117 5893 5842 9117 5842 9109 5842 5893 5912 5875 9118 9103 9104 5876 5875 9104 5875 9103 5894 5861 5877 5863 5895 5862 5878 5896 5863 5878 5897 5896 5878 5864 5897 5865 5917 5844 5898 5917 5879 5847 5880 5879 5830 5899 5880 5900 5919 5830 5830 5919 5899 5849 5881 5900 5901 5881 5851 5851 5902 5901 5882 5902 5851 5866 5903 5883 5866 5834 5884 5904 5866 5884 5884 9114 9119 5867 9116 9115 9116 5867 5921 9116 5921 9128 5922 5867 5885 5886 5923 5905 5885 5868 5905 5923 5886 5906 5887 5924 5856 5870 5856 5907 5907 5854 5870 5888 5872 5908 5887 5856 5888 5908 5887 5888 5909 5889 5858 5872 5837 5890 5889 5872 5890 5891 5942 5910 5892 5910 5927 5892 5927 5911 5858 5911 5909 5893 9117 9120 5942 5891 5912 5913 9101 9121 5914 5861 5894 5862 5895 5877 5896 5929 5863 5863 5929 5895 5897 5915 5896 5897 5864 5915 5844 5916 5864 5844 5917 5916 5879 5918 5898 5879 5880 5918 5899 5919 5880 5900 5881 5919 5901 5902 5881 5882 5883 5902 5903 5920 5883 5866 5920 5903 5866 5904 5920 9122 5904 5884 9122 5884 9119 5921 9126 9128 5867 5922 5921 5935 5885 5905 5906 5907 5923 5907 5856 5924 5924 5887 5908 5925 5924 5908 5889 5909 5926 5908 5872 5889 5941 5908 5889 5942 5975 5910 5927 5909 5911 5912 5893 5942 5913 9131 9101 9118 5875 5913 9118 5913 9121 5876 5945 5875 5928 5945 5861 5861 5945 5876 5861 5914 5928 5929 5896 5915 5864 5916 5915 5984 5916 5917 5918 5880 5949 5919 5930 5880 5880 5930 5949 5919 5968 5967 5881 5968 5919 5931 5968 5881 5881 5950 5931 5902 5950 5881 5932 5950 5883 5883 5950 5902 5883 5969 5932 5883 5920 5969 5904 5933 5920 5904 9122 9124 5921 5934 5953 9126 5921 5953 9126 5953 9127 5935 5922 5885 5935 5921 5922 5936 5935 5905 5923 5907 5937 5937 5905 5923 5924 5938 5992 5992 5907 5924 5925 5908 5972 5972 5924 5925 5889 5926 5941 5926 5940 5941 5908 5941 5939 5926 5909 5927 5978 5926 5927 9129 5943 5893 9129 5893 9120 5943 9129 9136 5893 5943 5979 5942 5893 5944 5893 5979 5944 5875 5960 5913 5875 5945 5960 5914 5894 5928 5877 5961 5894 5929 5998 5895 5895 5998 5877 5929 5946 5962 5915 5946 5929 5915 5916 5946 5917 5947 5984 5918 5965 5898 5898 5965 5917 5918 5948 5965 5949 5948 5918 5930 5919 5949 5969 5950 5932 5951 5969 5920 5904 5952 5933 5933 5952 5920 9134 5952 5904 9134 5904 9123 5904 9124 9125 5904 9125 9123 5934 5921 5935 5936 5954 5955 5955 5935 5936 5936 5905 5937 5956 5936 5937 5937 5907 5992 5908 5939 5957 5908 5957 5972 5938 5924 5972 5941 5940 5958 5958 5939 5941 5942 5979 5975 5910 5975 5959 5927 5910 5977 5910 5959 5977 5927 5977 5978 5940 5926 5978 5979 5942 5944 5913 9130 9131 5945 5928 5960 5877 5998 5961 5929 5962 5998 5962 5946 5983 5916 5963 5946 5916 5984 5963 5964 5984 5947 5965 5985 5917 5917 5985 5947 5919 5966 5949 5919 5967 5966 5931 6004 5968 9132 5920 5952 9132 5952 9142 9141 5951 5920 9141 5920 9132 5952 9134 9143 9144 5953 5934 9144 5934 9135 5953 9144 9127 5935 5955 5989 5989 5934 5935 5954 5936 5956 5991 5954 5956 5992 5938 5970 5956 5937 5992 5957 5971 5972 5957 5939 5958 5959 5975 5976 5959 5976 5977 5940 5978 5973 9137 5979 5943 9137 5943 9136 9138 6014 5979 9138 5979 9137 9130 5913 5980 9130 5980 9133 5980 9139 9133 5960 5980 5913 5960 6018 5980 5928 5981 5960 5894 5961 5928 5998 5982 5961 5982 5998 5962 5962 5983 5982 5946 5963 5983 5947 5985 5964 5965 5948 5985 5949 5966 5948 5966 5967 6003 5968 5986 5967 5986 5968 6004 5931 6027 6004 5931 5987 6027 5950 5987 5931 5969 5987 5950 5988 5987 5969 5951 5988 5969 9145 5988 5951 9145 5951 9141 5952 9143 9142 6006 9146 9147 9135 5934 6007 9135 6007 9149 6007 9148 9149 5989 5955 5954 6009 5989 5954 5956 5990 5991 5956 5992 5990 5972 5971 6010 5971 6013 6010 5970 5938 5972 6010 5970 5972 5973 5993 5994 5940 5973 5994 5958 5940 5994 5971 5957 5958 5994 5971 5958 5975 5974 5976 5977 5976 6016 5978 5977 6016 5993 5973 5978 6016 5993 5978 6014 9138 9154 5974 5979 6014 5975 5979 5974 9139 5980 5995 9139 5995 9140 6018 5995 5980 5981 5996 5960 5960 5996 6018 5981 5928 5996 5961 5997 5928 5963 6044 5983 5984 5999 5963 5964 5999 5984 5948 6001 5985 5966 6025 5948 5948 6025 6001 6002 6025 5966 5966 6003 6002 5967 5986 6003 5988 9145 9150 6006 9159 9146 9148 6007 6006 9148 6006 9147 6007 5934 5989 6008 5989 6009 5990 6051 6009 5991 5990 6009 6009 5954 5991 6010 5992 5970 5992 6010 6011 6011 5990 5992 5971 6012 6013 6036 5971 5994 5974 6014 6054 5974 6054 6015 5976 5974 6015 5995 9156 9140 9156 5995 6017 9156 6017 9157 5997 6019 5928 5928 6019 5996 5997 5961 6019 5982 6020 5961 5983 6044 5982 5963 6021 6044 5999 6021 5963 5999 6022 6021 5964 6023 5999 5999 6023 6022 5964 5985 6000 6024 5964 6000 5985 6001 6000 6004 6027 5986 5987 6049 6027 6027 6049 6005 5987 6028 6049 5988 6028 5987 5988 9151 9153 5988 9150 9151 9159 6006 6029 9159 6029 9160 6030 6006 6007 6007 5989 6008 6030 6007 6008 6051 6008 6009 6010 6033 6032 6010 6032 6011 6051 5990 6011 6013 6012 6033 6033 6010 6013 5993 6034 6053 5993 6053 6035 5994 5993 6036 5993 6035 6036 5971 6036 6012 9155 6054 6014 9155 6014 9154 5976 6015 6037 5976 6037 6016 6016 6062 6038 6038 5993 6016 6039 9164 9158 9157 6017 6039 9157 6039 9158 5995 6040 6017 5995 6018 6040 5996 6041 6018 6020 6042 5961 5961 6042 6019 5982 6042 6020 5982 6043 6042 6045 6044 6021 6046 5964 6024 6000 6001 6024 6025 6002 6001 6003 5986 6026 6047 6003 6026 6027 6026 5986 6027 6048 6026 6005 6048 6027 5988 9153 9152 6029 9162 9160 6029 6006 6030 6050 6029 6030 6030 6008 6051 6031 6051 6011 6032 6031 6011 6012 6035 6052 6033 6012 6052 6052 6032 6033 6035 6012 6036 6054 9155 9167 6015 6054 6037 6016 6037 6064 6016 6064 6062 6034 6038 6062 5993 6038 6034 9164 6039 6017 9164 6017 9161 6018 6041 6040 6019 6068 5996 5996 6068 6041 6044 6072 5982 5982 6072 6043 6073 6044 6045 6022 6045 6021 6023 5964 6046 6024 6001 6046 6002 6055 6001 6003 6056 6002 6056 6003 6047 6048 6005 6026 6049 6028 6005 5988 6057 6028 9165 6057 5988 9165 5988 9152 6029 9163 9162 9163 6029 6058 9163 6058 9166 6059 6029 6050 6051 6031 6078 6050 6030 6051 6078 6050 6051 6079 6031 6032 6035 6081 6052 6061 6032 6052 6034 6062 6080 6053 6034 6080 6035 6053 6080 6035 6080 6063 6037 6054 6064 6062 6064 6065 6066 9176 9169 9161 6017 6066 9161 6066 9169 6017 6067 6066 6040 6067 6017 6069 6019 6042 6042 6043 6069 6043 6071 6070 6043 6072 6071 6044 6073 6072 6023 6087 6022 6087 6023 6046 6001 6074 6046 6109 6001 6055 6056 6125 6002 6002 6125 6055 6005 6075 6026 6026 6075 6047 6028 6057 6005 6057 9165 9170 6058 9174 9166 9174 6058 6076 9174 6076 9180 6058 6029 6059 6059 6050 6060 6091 6059 6060 6060 6050 6078 6092 6060 6078 6032 6094 6079 6078 6031 6079 6081 6097 6052 6061 6052 6093 6093 6032 6061 6080 6118 6097 6063 6080 6081 6080 6097 6081 6081 6035 6063 9168 6082 6054 9168 6054 9167 6054 6082 6064 6065 6064 6099 6080 6065 6099 6062 6065 6080 9176 6066 6083 9176 6083 9177 6040 6084 6067 6041 6068 6040 6068 6019 6069 6085 6068 6069 6043 6070 6069 6073 6086 6072 6072 6086 6104 6073 6045 6086 6022 6087 6045 6087 6046 6107 6074 6108 6046 6001 6108 6074 6108 6001 6109 6055 6125 6109 6125 6056 6088 6047 6089 6056 6056 6089 6088 6089 6047 6075 6005 6057 6075 6057 9170 9171 6076 9181 9180 6076 6058 6059 6090 6076 6059 6078 6077 6092 6060 6092 6091 6093 6094 6032 6077 6078 6079 6052 6097 6095 6095 6093 6052 6080 6099 6096 6080 6096 6118 6082 9168 9175 6082 9175 9183 6064 6082 6098 6099 6064 6098 9177 6083 6100 9177 6100 9178 6100 9186 9178 6084 6101 6067 6040 6102 6084 6068 6102 6040 6103 6068 6085 6069 6070 6085 6072 6104 6071 6086 6105 6104 6045 6139 6086 6086 6139 6105 6087 6123 6045 6045 6123 6139 6106 6123 6087 6087 6107 6106 6046 6108 6107 6110 6125 6088 9179 6075 6057 9179 6057 9173 9190 6111 6075 9190 6075 9179 6057 9172 9173 6057 9171 9172 6113 6076 6090 6091 6129 6143 6091 6143 6114 6090 6059 6091 6114 6090 6091 6092 6077 6129 6077 6115 6129 6129 6091 6092 6093 6117 6094 6094 6117 6145 6079 6094 6145 6077 6079 6128 6079 6145 6128 6097 6116 6095 6117 6093 6095 6097 6118 6119 6116 6097 6119 6099 6098 6120 6120 6096 6099 6083 6066 6100 6067 6101 6066 6084 6102 6101 6068 6103 6102 6071 6121 6070 6071 6104 6121 6108 6109 6124 6109 6125 6124 6088 6089 6110 6126 6089 6127 6075 6127 6089 6127 6075 6111 9182 6076 6112 9182 6112 9191 6076 9182 9181 6112 6076 6113 6113 6090 6114 6143 6113 6114 6128 6115 6077 6115 6128 6129 6117 6130 6145 6095 6116 6117 6096 6131 6132 6118 6096 6132 6118 6116 6119 6082 9183 9184 9187 6098 6082 9187 6082 9185 6082 9184 9185 9194 6133 6098 9194 6098 9187 6098 6133 6147 6098 6147 6120 6096 6120 6131 6100 9188 9186 6103 6134 6102 6103 6085 6134 6070 6135 6085 6121 6136 6070 6121 6104 6136 6137 6104 6122 6105 6138 6104 6104 6138 6122 6107 6108 6124 6140 6107 6124 6125 6141 6124 6110 6141 6125 6153 6110 6089 6089 6126 6153 6111 6177 6127 9193 6142 6111 9193 6111 9190 6112 9192 9191 6155 6112 6113 6144 6143 6129 6128 6145 6161 6129 6128 6161 6161 6144 6129 6145 6130 6181 6117 6116 6146 6146 6130 6117 6118 6132 6165 6165 6116 6118 6163 6131 6120 6100 9189 9188 6101 6148 6066 6066 6148 6100 6168 6101 6102 6102 6134 6168 6135 6149 6085 6136 6172 6070 6070 6172 6135 6150 6172 6104 6104 6172 6136 6104 6137 6150 6139 6173 6105 6106 6151 6123 6123 6151 6139 6106 6107 6140 6124 6193 6140 6152 6124 6141 6126 6127 6153 6154 6177 6111 6111 6142 6154 6142 9193 9196 9192 6112 6155 9192 6155 9202 6113 6159 6156 6143 6159 6113 6113 6156 6157 6157 6155 6113 6144 6158 6159 6159 6143 6144 6160 6144 6161 6161 6145 6181 6162 6146 6116 6180 6130 6146 6163 6164 6131 6131 6164 6132 6116 6165 6162 9195 6166 6133 9195 6133 9194 6120 6147 6184 6184 6163 6120 6148 6167 6100 6168 6169 6148 6168 6148 6101 6168 6134 6170 6085 6171 6134 6085 6149 6171 6137 6122 6150 6138 6173 6122 6105 6173 6138 6173 6139 6190 6151 6174 6139 6106 6174 6151 6175 6174 6106 6140 6193 6106 6210 6124 6152 6141 6110 6153 6127 6196 6153 6176 6196 6127 6177 6176 6127 6154 6142 6177 6178 9199 9203 6155 6156 6179 9202 6155 6178 9202 6178 9203 6179 6178 6155 6156 6155 6157 6158 6156 6159 6158 6144 6160 6181 6160 6161 6146 6162 6183 6162 6182 6183 6183 6180 6146 6184 6200 6163 6163 6200 6164 6164 6201 6132 6165 6132 6162 6133 6184 6147 6167 6203 6100 9189 6100 6203 9189 6203 9198 6148 6185 6167 6185 6148 6169 6170 6186 6168 6134 6171 6170 6149 6135 6171 6122 6188 6150 6150 6188 6172 6173 6205 6122 6189 6205 6173 6173 6190 6189 6174 6191 6139 6139 6191 6190 6193 6192 6106 6106 6192 6175 6193 6124 6210 6141 6210 6152 6194 6210 6141 6141 6195 6194 6153 6195 6141 6153 6196 6195 6177 6142 6176 9199 6178 6197 9199 6197 9200 6197 6178 6179 6198 6179 6156 6213 6156 6158 6216 6158 6160 6130 6182 6199 6180 6182 6130 6130 6199 6232 6181 6130 6232 6181 6232 6215 6215 6160 6181 6182 6180 6183 6184 6133 6200 6164 6200 6201 6162 6132 6201 6201 6182 6162 6166 9195 9204 6133 6166 6202 6133 6202 6220 6203 9208 9198 6185 6169 6167 6169 6204 6167 6169 6168 6204 6186 6224 6168 6135 6225 6171 6172 6225 6135 6172 6187 6225 6172 6188 6187 6191 6206 6190 6174 6206 6191 6174 6207 6206 6174 6175 6207 6208 6192 6193 6210 6209 6193 6176 9205 9206 9205 6176 6142 9205 6142 9197 6142 9196 9197 9200 6197 6211 9200 6211 9201 6198 6156 6212 6197 6179 6198 6212 6197 6198 6214 6156 6213 6215 6216 6160 6158 6216 6213 6217 6218 6182 6182 6218 6219 6219 6199 6182 6220 6200 6133 6182 6201 6217 6254 6220 6202 6221 6203 6167 6167 6222 6221 6167 6204 6222 6168 6223 6204 6168 6224 6223 6171 6225 6170 6187 6226 6225 6188 6277 6187 6205 6227 6122 6122 6227 6188 6189 6227 6205 6190 6227 6189 6190 6206 6227 6175 6192 6208 6209 6175 6208 6193 6209 6208 6195 6228 6194 6195 6229 6228 6196 6229 6195 6196 6176 6229 6211 9209 9201 6211 9210 9209 6211 6197 6212 6231 6211 6212 6212 6156 6214 6215 6232 6251 6215 6251 6248 6216 6215 6248 6248 6213 6216 6232 6199 6233 6218 6234 6252 6217 6234 6218 6218 6252 6253 6218 6253 6235 6219 6218 6235 6235 6199 6219 6200 6220 6236 6200 6236 6237 6201 6200 6237 6201 6237 6255 6234 6217 6201 6255 6234 6201 9207 6238 6166 9207 6166 9204 6202 6166 6238 6202 6238 6254 9208 6203 6239 9208 6239 9219 6203 6221 6239 6186 6170 6224 6240 6257 6225 6225 6257 6170 6225 6226 6240 6187 6241 6226 6187 6277 6241 6242 6277 6227 6227 6277 6188 6207 6259 6206 6206 6259 6243 6207 6175 6259 6244 6175 6209 6194 6245 6210 6194 6228 6245 9211 6229 6176 9211 6176 9206 9210 6211 6230 9210 6230 9213 9213 6230 6246 9213 6246 9214 6230 6211 6231 6283 6230 6231 6213 6247 6214 6231 6212 6214 6264 6231 6214 6249 6250 6199 6199 6250 6233 6251 6232 6233 6235 6253 6269 6249 6235 6269 6199 6235 6249 6254 6271 6220 6234 6255 6252 6238 9207 9217 6238 9217 9218 9221 6254 6238 9221 6238 9218 6239 9220 9219 6239 6221 6256 6204 6223 6222 6224 6275 6223 6170 6257 6224 6226 6241 6240 6258 6277 6242 6206 6279 6227 6279 6206 6243 6259 6175 6244 6260 6209 6210 6210 6245 6260 6228 6261 6245 6228 6262 6261 6229 6262 6228 9212 6262 6229 9212 6229 9211 9214 6246 6263 9214 6263 9215 6264 6283 6231 6264 6282 6283 6246 6230 6283 6214 6247 6264 6248 6251 6265 6247 6213 6248 6265 6247 6248 6251 6233 6266 6233 6250 6266 6252 6267 6268 6253 6252 6268 6253 6268 6269 6250 6249 6269 6270 6271 6254 6236 6220 6271 6236 6285 6237 6255 6237 6267 6267 6252 6255 9224 6270 6254 9224 6254 9221 9220 6239 6272 9220 6272 9225 9225 6272 6273 9225 6273 9226 6239 6273 6272 6239 6256 6273 6223 6274 6222 6224 6257 6275 6241 6276 6240 6240 6276 6257 6227 6278 6242 6242 6278 6258 6279 6278 6227 6243 6293 6279 6243 6259 6293 6209 6318 6244 6244 6318 6259 6318 6209 6260 6245 6261 6260 6262 6298 6261 6262 9212 9222 9215 6263 6281 9215 6281 9216 6264 6300 6282 6263 6246 6283 6264 6247 6302 6302 6300 6264 6304 6247 6265 6266 6250 6303 6250 6306 6303 6265 6251 6266 6303 6265 6266 6268 6267 6269 6305 6250 6269 6236 6271 6284 6236 6284 6285 6267 6237 6311 6237 6285 6311 6273 9227 9226 6256 6286 6273 6221 6313 6256 6256 6313 6286 6274 6287 6222 6222 6287 6221 6274 6223 6287 6275 6327 6223 6288 6275 6257 6257 6289 6288 6257 6276 6289 6290 6315 6277 6277 6315 6241 6277 6291 6290 6277 6258 6291 6292 6278 6279 6279 6293 6292 6259 6294 6293 6280 6294 6259 6280 6295 6294 6280 6259 6295 6260 6296 6318 6260 6261 6296 6261 6298 6297 9234 6298 6262 9234 6262 9223 6262 9222 9223 6281 9228 9216 6299 6281 6263 6299 6283 6282 6263 6283 6299 6247 6301 6302 6265 6303 6304 6247 6304 6301 6305 6306 6250 6307 6308 6267 6267 6308 6309 6269 6267 6310 6267 6309 6310 6310 6305 6269 6271 6270 6284 6267 6311 6307 9227 6273 6312 9227 6312 9231 6221 6287 6313 6223 6327 6287 6275 6288 6327 6241 6314 6276 6241 6315 6314 6291 6315 6290 6291 6258 6315 6278 6330 6258 6292 6293 6278 6294 6316 6293 6294 6317 6316 6295 6317 6294 6259 6318 6295 6296 6319 6318 6261 6319 6296 6319 6261 6297 6298 9234 9235 6281 9229 9228 6299 6320 6333 9229 6281 6333 9229 6333 9239 6333 6281 6299 6300 6299 6282 6301 6336 6337 6302 6301 6337 6337 6300 6302 6303 6323 6321 6303 6321 6301 6304 6303 6301 6305 6309 6322 6305 6322 6323 6306 6305 6323 6323 6303 6306 6309 6308 6307 6309 6305 6310 9230 6339 6270 9230 6270 9224 6339 9230 9241 6270 6339 6284 6285 6284 6341 6285 6341 6324 6307 6311 6324 6324 6311 6285 6273 6325 6312 9231 6312 6325 9231 6325 9232 6286 6325 6273 6313 6326 6286 6288 6328 6327 6289 6400 6288 6276 6314 6289 6258 6330 6315 6330 6278 6348 6293 6367 6278 6278 6367 6348 6293 6316 6367 6317 6295 6316 6298 6332 6297 6297 6332 6319 9236 6332 6298 9236 6298 9235 9239 6333 6334 9239 6334 9240 6334 9237 9240 6320 6299 6300 6335 6320 6300 6335 6300 6337 6338 6336 6301 6353 6321 6323 6307 6324 6377 6324 6358 6377 6307 6377 6309 6359 6322 6309 6339 9241 9243 6284 6339 6340 6284 6340 6341 6324 6341 6361 9232 6325 6362 9232 6362 9233 6286 6342 6325 6326 6342 6286 6287 6364 6313 6327 6364 6287 6327 6328 6364 6288 6343 6328 6400 6344 6288 6288 6344 6343 6289 6314 6400 6345 6314 6315 6315 6329 6345 6315 6346 6329 6330 6366 6315 6315 6366 6346 6330 6348 6347 6349 6367 6316 6295 6350 6316 6295 6318 6386 6319 6351 6318 6318 6351 6386 6351 6319 6331 6319 6332 6331 6334 6333 6371 9237 6334 6371 9237 6371 9238 6320 6335 6333 6335 6372 6333 6337 6336 6373 6373 6335 6337 6301 6321 6354 6321 6353 6354 6338 6301 6354 6354 6336 6338 6323 6322 6356 6356 6353 6323 6324 6357 6358 6309 6377 6359 6339 9243 9244 9245 6340 6339 9245 6339 9244 6341 6360 6361 6324 6361 6357 6362 9251 9233 6325 6342 6362 6326 6363 6342 6313 6363 6326 6313 6364 6363 6328 6365 6364 6328 6343 6365 6314 6329 6400 6329 6314 6345 6366 6330 6347 6350 6368 6316 6316 6368 6349 6295 6368 6350 6295 6386 6368 6387 6386 6351 6331 6332 6351 9247 6370 6332 9247 6332 9242 6332 9236 9242 6372 6371 6333 6372 6335 6352 6391 6372 6352 6335 6373 6352 6354 6353 6374 6374 6336 6354 6322 6355 6375 6356 6322 6376 6322 6375 6376 6376 6353 6356 6359 6377 6393 6355 6322 6359 6393 6355 6359 6340 9245 9246 6341 6340 6360 6360 6357 6361 6363 6398 6342 6342 6398 6397 6378 6363 6364 6364 6379 6378 6364 6365 6379 6344 6400 6343 6381 6400 6329 6329 6415 6381 6329 6382 6415 6346 6382 6329 6348 6384 6347 6347 6384 6366 6367 6385 6348 6348 6385 6384 6367 6349 6385 6386 6369 6368 6369 6386 6387 6332 6387 6351 6387 6332 6370 6371 9253 9238 9253 6371 6388 9253 6388 9254 6389 6371 6372 6352 6390 6391 6392 6373 6336 6390 6352 6373 6392 6390 6373 6353 6376 6424 6392 6374 6424 6424 6374 6353 6336 6374 6392 6375 6355 6394 6376 6375 6394 6377 6358 6396 6358 6395 6396 6396 6393 6377 6358 6360 6426 6357 6360 6358 6342 6397 6362 6363 6378 6398 6378 6379 6398 6379 6365 6398 6343 6413 6365 6343 6380 6413 6343 6399 6380 6343 6400 6399 6381 6415 6400 6366 6401 6346 6401 6366 6383 6366 6384 6383 6349 6402 6385 6369 6418 6368 6368 6418 6403 9248 6387 6370 9248 6370 9247 6388 9259 9254 6388 6371 6389 6435 6388 6389 6389 6372 6391 6390 6389 6391 6392 6405 6404 6404 6390 6392 6376 6423 6424 6405 6392 6424 6393 6406 6394 6355 6393 6394 6439 6376 6394 6358 6426 6407 6395 6358 6407 6396 6395 6407 6406 6393 6396 6407 6406 6396 9255 6408 6340 9255 6340 9246 6340 6408 6360 6425 6426 6360 9251 6362 6409 9251 6409 9252 6409 9249 9252 6397 6409 6362 6410 6397 6398 6398 6411 6410 6365 6412 6398 6398 6412 6411 6401 6382 6346 6384 6385 6402 6416 6384 6402 6349 6417 6402 6368 6417 6349 6417 6368 6403 6369 6471 6418 6387 9248 9258 9262 6419 6387 9262 6387 9258 6420 6435 6389 6420 6390 6421 6421 6390 6422 6389 6390 6420 6422 6390 6404 6405 6424 6440 6440 6404 6405 6376 6439 6423 6425 6442 6426 6407 6426 6443 6407 6443 6444 6444 6406 6407 6360 6408 6427 6427 6425 6360 6428 9256 9250 9249 6409 6428 9249 6428 9250 6429 6409 6397 6397 6410 6429 6410 6411 6429 6430 6399 6400 6400 6414 6430 6400 6431 6414 6415 6431 6400 6415 6382 6431 6446 6382 6401 6384 6432 6383 6383 6432 6401 6402 6417 6416 6403 6433 6417 6403 6418 6433 6471 6434 6418 6387 6471 6369 6387 6419 6471 6419 9262 9263 6435 6451 6388 9259 6388 6451 9259 6451 9264 6420 6436 6437 6437 6435 6420 6421 6452 6420 6422 6438 6454 6454 6421 6422 6423 6439 6455 6424 6423 6455 6424 6455 6440 6422 6404 6440 6394 6406 6456 6439 6394 6456 6426 6442 6443 6406 6444 6441 6408 9255 9260 6442 6427 6457 6457 6427 6408 6425 6427 6442 9256 6428 6459 9256 6459 9257 6459 9266 9257 6429 6428 6409 6411 6462 6429 6413 6463 6365 6365 6463 6412 6413 6380 6463 6414 6399 6430 6382 6446 6431 6401 6468 6446 6432 6468 6401 6448 6468 6384 6384 6468 6432 6384 6489 6448 6384 6416 6489 6417 6490 6416 6449 6490 6417 6417 6433 6449 6433 6418 6434 9271 6471 6419 9271 6419 9263 6435 6436 6451 6436 6435 6437 6420 6452 6453 6421 6454 6452 6438 6440 6455 6422 6440 6438 6441 6478 6456 6406 6441 6456 6479 6439 6456 6457 6480 6442 6443 6442 6458 6443 6458 6497 6443 6497 6444 6478 6441 6444 6408 9260 9261 6482 6457 6408 6428 6429 6459 6429 6445 6459 6445 6460 6459 6445 6429 6460 6462 6461 6429 6412 6463 6411 6486 6380 6399 6399 6414 6486 6431 6465 6414 6414 6465 6464 6466 6431 6446 6446 6447 6466 6446 6505 6447 6468 6467 6446 6446 6467 6505 6448 6489 6468 6469 6490 6449 6433 6450 6449 6433 6470 6492 6434 6470 6433 6434 6471 6470 9272 6472 6471 9272 6471 9271 6451 9268 9264 6420 6473 6495 6436 6420 6495 6495 6451 6436 6452 6474 6496 6452 6496 6473 6453 6452 6473 6473 6420 6453 6438 6477 6476 6438 6476 6474 6454 6438 6474 6474 6452 6454 6475 6455 6439 6455 6475 6476 6455 6476 6477 6477 6438 6455 6439 6479 6475 6442 6480 6481 6442 6481 6458 6497 6478 6444 9269 6482 6408 9269 6408 9261 6457 6482 6480 9266 6459 6483 9266 6483 9267 6483 9265 9267 6459 6484 6483 6460 6484 6459 6461 6485 6429 6429 6485 6460 6463 6486 6411 6411 6486 6462 6380 6486 6463 6414 6487 6486 6414 6464 6487 6447 6431 6466 6488 6467 6468 6416 6490 6489 6449 6450 6469 6491 6433 6492 6471 6492 6470 6492 6471 6472 6472 9272 9273 9268 6451 6495 9268 6495 9275 6494 6495 6473 6478 6497 6512 6478 6512 6513 6478 6513 6456 6479 6456 6510 6510 6475 6479 6481 6480 6498 6458 6481 6498 6458 6498 6515 6497 6458 6533 9270 6514 6482 9270 6482 9269 6480 6482 6514 6483 9276 9265 6484 6500 6483 6483 6500 6499 6461 6462 6485 6486 6487 6501 6431 6502 6465 6447 6502 6431 6447 6503 6502 6505 6504 6447 6447 6504 6503 6467 6488 6505 6468 6506 6488 6468 6489 6506 6469 6489 6490 6450 6543 6469 6433 6543 6450 6433 6491 6543 6525 6524 6492 6472 6525 6492 9280 6525 6472 9280 6472 9273 6493 9278 9274 9278 6493 6507 9278 6507 9279 9275 6495 6493 9275 6493 9274 6494 6493 6495 6473 6496 6508 6508 6494 6473 6532 6509 6476 6474 6476 6509 6496 6474 6509 6476 6475 6511 6475 6510 6511 6532 6476 6511 6513 6510 6456 6514 9270 9284 6480 6514 6498 6458 6515 6533 6497 6533 6512 6460 6537 6484 6460 6485 6537 6485 6462 6516 6517 6538 6486 6486 6538 6462 6486 6501 6517 6487 6518 6501 6487 6464 6518 6519 6465 6502 6488 6506 6505 6521 6506 6489 6489 6469 6521 6469 6543 6522 6491 6492 6543 6525 9280 9286 6507 9281 9279 6507 9283 9281 6494 6526 6528 6528 6526 6527 6507 6493 6494 6528 6507 6494 6529 6508 6496 6526 6494 6508 6529 6526 6508 6509 6532 6530 6496 6509 6529 6510 6536 6531 6511 6510 6532 6510 6531 6532 6533 6534 6512 6512 6534 6535 6513 6512 6535 6513 6535 6536 6536 6510 6513 6514 9284 9285 9289 6553 6514 9289 6514 9285 6514 6553 6498 6534 6533 6515 6483 9277 9276 6500 6484 6499 6485 6516 6537 6462 6538 6516 6501 6518 6517 6465 6572 6464 6464 6572 6518 6539 6465 6519 6504 6540 6503 6503 6540 6502 6504 6505 6520 6506 6541 6505 6505 6541 6520 6542 6506 6521 6469 6522 6521 6544 6543 6523 6492 6545 6543 6543 6545 6523 6524 6545 6492 6524 6546 6545 6524 6525 6546 9293 6546 6525 9293 6525 9287 6525 9286 9287 6507 9282 9283 6547 6528 6527 6507 6528 6547 6529 6548 6578 6529 6578 6549 6549 6526 6529 6532 6550 6530 6548 6529 6509 6530 6548 6509 6536 6568 6531 6532 6531 6551 6534 6569 6535 6536 6535 6552 6498 6553 6570 6498 6570 6554 6515 6498 6554 6534 6515 6555 6515 6585 6555 6499 6556 6483 6484 6556 6499 6557 6516 6538 6538 6517 6557 6517 6558 6557 6517 6559 6558 6517 6560 6559 6518 6560 6517 6561 6572 6465 6465 6539 6561 6502 6540 6519 6562 6540 6504 6504 6563 6562 6504 6520 6563 6541 6506 6542 6521 6522 6542 6522 6543 6544 6544 6523 6522 6546 6564 6545 6546 9293 9295 6565 9297 9288 6547 6566 6565 6565 6507 6547 9282 6507 6565 9282 6565 9288 6527 6526 6547 6578 6526 6549 6530 6550 6567 6567 6548 6530 6550 6551 6568 6568 6551 6531 6532 6551 6550 6535 6569 6586 6568 6552 6582 6582 6552 6535 6536 6552 6568 9290 6570 6553 9290 6553 9289 6515 6554 6588 6515 6588 6585 6569 6555 6585 6534 6555 6569 6556 6589 6483 9277 6483 6589 9277 6589 9291 6484 6537 6556 6516 6571 6537 6516 6557 6571 6518 6572 6560 6539 6572 6561 6539 6519 6572 6519 6540 6562 6563 6519 6562 6541 6574 6520 6542 6597 6541 6542 6522 6597 6522 6523 6575 6576 6545 6564 6577 6564 6546 9302 6577 6546 9302 6546 9294 6546 9295 9294 6565 9298 9297 6565 9299 9298 6566 6628 6565 6578 6579 6526 6526 6579 6547 6548 6567 6602 6602 6578 6548 6550 6584 6580 6550 6580 6581 6567 6550 6581 6568 6582 6583 6568 6583 6584 6584 6550 6568 6585 6605 6569 6582 6535 6604 6535 6586 6604 6570 9290 9300 6554 6570 6587 6537 6590 6556 6571 6590 6537 6571 6591 6590 6571 6557 6591 6572 6592 6560 6572 6593 6592 6519 6594 6572 6572 6594 6593 6519 6573 6594 6573 6519 6563 6595 6573 6563 6520 6574 6563 6596 6574 6541 6541 6597 6596 6522 6598 6597 6598 6522 6575 6545 6599 6523 6523 6599 6575 6599 6545 6576 6565 6628 6600 9299 6565 6600 9299 6600 9306 6547 6579 6601 6579 6628 6601 6628 6566 6547 6601 6628 6547 6579 6578 6602 6614 6579 6602 6581 6580 6603 6602 6581 6603 6567 6581 6602 6583 6604 6631 6583 6580 6584 6569 6605 6606 6569 6606 6586 6582 6604 6583 9304 6587 6570 9304 6570 9300 6554 6587 6607 6554 6607 6620 6605 6588 6620 6620 6588 6554 6585 6588 6605 6608 9308 9292 9291 6589 6608 9291 6608 9292 6556 6609 6589 6590 6609 6556 6559 6610 6558 6560 6610 6559 6592 6610 6560 6563 6611 6595 6574 6625 6563 6563 6625 6611 6612 6574 6596 6575 6627 6598 6599 6576 6575 6575 6576 6627 6613 6576 6564 9296 6564 6577 9296 6577 9302 6600 6628 6629 9306 6600 6629 9306 6629 9307 6602 6617 6650 6602 6650 6614 6615 6616 6580 6603 6580 6617 6617 6602 6603 6583 6631 6618 6615 6583 6618 6580 6583 6615 6620 6634 6605 6606 6605 6635 6586 6606 6635 6586 6635 6651 6604 6586 6651 6587 9304 9305 6587 6619 6607 6608 9309 9308 6621 6608 6609 6609 6608 6589 6609 6590 6621 6557 6622 6591 6558 6641 6557 6610 6641 6558 6610 6592 6623 6593 6624 6592 6594 6573 6595 6595 6642 6594 6595 6611 6642 6625 6574 6612 6597 6598 6626 6598 6627 6626 6576 6644 6627 9317 6644 6576 9317 6576 9301 9301 6576 6613 9301 6613 9311 9303 6613 6564 9303 6564 9296 6629 9313 9307 6579 6650 6648 6648 6628 6579 6650 6579 6614 6617 6580 6649 6580 6616 6649 6630 6631 6604 6618 6631 6615 6631 6632 6615 6633 6634 6620 6605 6634 6635 6604 6651 6630 9315 6619 6587 9315 6587 9305 6633 6620 6607 6608 9310 9309 6636 6637 6608 6608 6621 6636 6590 6638 6621 6591 6622 6590 6641 6639 6557 6557 6639 6622 6640 6641 6610 6610 6623 6640 6592 6624 6623 6594 6642 6593 6625 6659 6611 6643 6659 6625 6612 6660 6625 6612 6596 6660 6682 6596 6597 6597 6683 6682 6597 6626 6683 6627 6683 6626 6644 6684 6627 6613 9303 9312 6645 9319 9314 6645 9322 9319 6629 6646 6647 6628 6646 6629 6629 6647 6645 9313 6629 6645 9313 6645 9314 6646 6628 6648 6617 6649 6650 6616 6615 6668 6615 6667 6668 6668 6649 6616 6651 6652 6630 6631 6630 6670 6630 6652 6670 6631 6670 6632 6615 6632 6666 6635 6634 6653 6635 6653 6689 6635 6689 6654 6654 6651 6635 9316 6671 6619 9316 6619 9315 6671 6607 6619 6672 6633 6607 9310 6608 6637 9310 6637 9320 6638 6655 6621 6638 6590 6655 6622 6656 6590 6641 6657 6639 6640 6623 6641 6593 6658 6624 6642 6658 6593 6611 6659 6642 6643 6660 6659 6625 6660 6643 6596 6682 6660 6661 6683 6627 6662 6684 6644 6613 9312 9311 9323 6645 6647 9323 6647 9324 6645 9323 9322 6648 6664 6646 6649 6668 6665 6649 6665 6687 6650 6649 6664 6649 6687 6664 6664 6648 6650 6666 6667 6615 6670 6666 6632 6671 6672 6607 6634 6633 6673 6633 6672 6673 6653 6634 6673 6652 6651 6654 6689 6652 6654 6671 9316 9328 6674 9329 9321 9320 6637 6674 9320 6674 9321 6636 6675 6637 6621 6693 6636 6621 6655 6693 6656 6655 6590 6656 6622 6655 6639 6657 6622 6657 6641 6676 6623 6677 6641 6624 6697 6623 6624 6658 6697 6642 6678 6658 6659 6679 6642 6660 6681 6659 6660 6682 6681 6681 6682 6700 6627 6684 6661 9318 6685 6644 9318 6644 9317 6644 6685 6662 6685 9318 9332 9324 6647 6663 9324 6663 9325 6663 6647 6646 6664 6663 6646 6666 6688 6667 6668 6667 6705 6705 6665 6668 6689 6669 6652 6670 6652 6690 6688 6666 6670 6672 6671 6673 6673 6691 6692 6653 6673 6692 6692 6689 6653 6637 6675 6674 6636 6693 6675 6622 6695 6655 6657 6695 6622 6657 6727 6695 6657 6676 6727 6677 6696 6641 6641 6696 6676 6623 6697 6677 6658 6678 6697 6642 6698 6678 6679 6698 6642 6659 6698 6679 6659 6680 6698 6681 6699 6659 6659 6699 6680 6682 6701 6700 6683 6701 6682 6683 6714 6701 6683 6661 6714 6684 6702 6661 6662 6685 6684 6685 9332 9331 6703 9334 9326 6718 6716 6663 6718 6664 6686 6663 6664 6718 6687 6665 6719 6686 6664 6687 6719 6686 6687 6688 6737 6667 6665 6705 6704 6706 6722 6689 6669 6689 6723 6689 6722 6723 6669 6723 6652 6690 6652 6708 6652 6707 6708 6688 6670 6708 6708 6670 6690 6671 9328 9327 6673 6671 6709 6673 6709 6710 6673 6710 6691 6689 6692 6706 6674 9330 9329 6675 6746 6674 6694 6726 6655 6655 6726 6693 6655 6695 6694 6698 6732 6678 6698 6711 6732 6680 6711 6698 6699 6712 6680 6681 6712 6699 6681 6700 6712 6700 6713 6712 6700 6701 6713 6701 6714 6771 6661 6702 6714 6684 6685 6702 6685 9331 9333 6703 9337 9334 6663 6716 6717 9325 6663 6703 9325 6703 9326 6717 6703 6663 6718 6719 6736 6736 6716 6718 6704 6739 6720 6665 6704 6719 6704 6720 6719 6686 6719 6718 6688 6707 6737 6667 6737 6721 6705 6667 6721 6721 6704 6705 6707 6652 6723 6707 6688 6708 6709 9335 9338 9335 6709 6671 9335 6671 9327 6692 6691 6744 6722 6706 6692 6744 6722 6692 9330 6674 6724 9330 6724 9340 6693 6725 6675 6727 6694 6695 6727 6728 6763 6727 6729 6728 6676 6729 6727 6696 6677 6676 6697 6730 6677 6678 6731 6697 6697 6731 6730 6732 6749 6678 6678 6749 6731 6680 6712 6711 6771 6714 6702 6702 6734 6771 9336 6702 6685 9336 6685 9333 9347 6734 6702 9347 6702 9336 9337 6703 6717 9337 6717 9342 6719 6735 6736 6715 6716 6736 6737 6738 6721 6739 6704 6721 6740 6759 6722 6737 6707 6758 6758 6707 6723 6709 6741 6742 6710 6709 6742 6710 6742 6743 6691 6710 6744 6722 6744 6740 9340 6724 6745 9340 6745 9341 6745 9344 9341 6724 6674 6745 6675 6725 6746 6726 6747 6693 6693 6747 6725 6694 6747 6726 6694 6727 6747 6677 6748 6676 6676 6748 6729 6730 6748 6677 6732 6750 6749 6711 6750 6732 6711 6712 6750 6751 6712 6733 6713 6752 6712 6712 6752 6733 6701 6753 6713 6771 6753 6701 6734 6754 6771 6734 9347 9348 6717 6757 6755 6717 6755 6756 6756 9352 9343 9342 6717 6756 9342 6756 9343 6716 6715 6757 6757 6717 6716 6735 6715 6736 6776 6720 6739 6735 6719 6720 6789 6735 6720 6737 6758 6738 6776 6739 6721 6722 6759 6760 6722 6760 6723 6758 6723 6777 6709 9338 9339 9349 6741 6709 9349 6709 9339 6710 6743 6744 6740 6744 6759 6746 6761 6674 6674 6761 6745 6725 6762 6746 6725 6747 6762 6747 6727 6781 6748 6764 6729 6748 6765 6764 6730 6766 6748 6748 6766 6765 6767 6731 6749 6750 6767 6749 6768 6785 6712 6712 6785 6750 6712 6751 6768 6769 6752 6713 6713 6770 6769 6713 6753 6770 6772 6771 6754 6734 6786 6754 9350 6786 6734 9350 6734 9348 9352 6756 6755 9352 6755 9351 6715 6755 6757 6715 6735 6775 6775 6735 6774 6720 6776 6793 6720 6793 6789 6735 6789 6774 6738 6758 6778 6721 6738 6806 6738 6778 6806 6806 6776 6721 6759 6779 6760 6723 6760 6808 6723 6808 6794 6794 6777 6723 6742 6741 6780 9355 6780 6741 9355 6741 9349 6743 6742 6795 6779 6744 6795 6795 6744 6743 6759 6744 6779 6762 6761 6746 6747 6761 6762 6747 6781 6761 6727 6782 6781 6763 6782 6727 6728 6783 6763 6729 6783 6728 6764 6783 6729 6764 6765 6815 6730 6784 6766 6731 6784 6730 6731 6767 6784 6750 6785 6767 6751 6733 6768 6733 6752 6769 6803 6733 6769 6753 6771 6772 6754 6786 6772 6786 9350 9360 9351 6755 6773 9351 6773 9353 9353 6773 6805 9353 6805 9354 6715 6792 6787 6715 6787 6788 6773 6755 6715 6788 6773 6715 6774 6789 6790 6774 6790 6791 6775 6774 6792 6774 6791 6792 6792 6715 6775 6806 6807 6776 6776 6807 6793 6758 6777 6778 6777 6794 6778 6795 6809 6779 6780 9355 9356 6742 6780 6796 6796 6795 6742 6761 6797 6745 9344 6745 6797 9344 6797 9345 6761 6781 6797 6782 6798 6781 6763 6799 6782 6783 6799 6763 6800 6783 6764 6815 6800 6764 6766 6784 6765 6767 6816 6784 6733 6818 6768 6768 6818 6785 6769 6770 6803 6804 6770 6753 6805 9363 9354 6805 6788 6787 6773 6788 6805 6807 6806 6826 6790 6789 6793 6807 6790 6793 6794 6808 6844 6794 6844 6778 6806 6778 6827 6779 6809 6760 6808 6760 6810 6808 6810 6830 6780 9356 9357 6809 6796 6780 6795 6796 6809 9345 6797 6811 9345 6811 9346 6811 9358 9346 6797 6812 6811 6781 6813 6797 6797 6813 6812 6798 6814 6781 6781 6814 6813 6782 6799 6798 6800 6799 6783 6765 6835 6815 6801 6835 6765 6801 6765 6784 6817 6816 6785 6785 6816 6767 6785 6802 6817 6785 6818 6802 6819 6818 6733 6733 6803 6819 6803 6770 6874 6820 6770 6804 6838 6753 6786 6786 6753 6772 9362 6838 6786 9362 6786 9359 6786 9361 9359 6786 9360 9361 6805 6821 6839 9363 6805 6839 9363 6839 9367 6822 6787 6792 6787 6822 6821 6821 6805 6787 6790 6823 6791 6792 6791 6822 6824 6825 6806 6806 6825 6826 6790 6807 6823 6778 6844 6827 6806 6827 6824 6828 6809 6780 6760 6809 6829 6760 6829 6810 6810 6864 6830 6808 6830 6844 9364 6828 6780 9364 6780 9357 6811 9365 9358 6812 6846 6811 6811 6846 6845 6814 6831 6813 6798 6799 6814 6799 6800 6832 6815 6833 6800 6835 6834 6815 6816 6836 6784 6784 6836 6801 6802 6816 6817 6837 6818 6819 6803 6874 6819 6852 6770 6820 6804 6753 6820 6838 9362 9366 6839 9372 9367 6821 6822 6855 6822 6840 6855 6791 6823 6822 6841 6823 6807 6826 6841 6807 6844 6842 6843 6827 6844 6861 6861 6824 6827 6828 9364 9368 6809 6828 6862 6809 6862 6829 6810 6829 6864 6842 6830 6864 6844 6830 6842 6813 6846 6812 6814 6799 6832 6833 6847 6800 6834 6848 6815 6815 6848 6833 6835 6848 6834 6835 6849 6848 6835 6801 6849 6850 6836 6816 6816 6802 6850 6802 6891 6850 6818 6837 6802 6819 6874 6837 6851 6874 6770 6770 6852 6851 6820 6753 6852 6853 6753 6838 6838 9366 9371 9372 6839 6854 9372 6854 9373 6839 6821 6854 6821 6855 6854 6822 6823 6879 6823 6841 6879 6879 6840 6822 6857 6858 6824 6824 6858 6825 6841 6826 6856 6842 6859 6860 6842 6860 6843 6844 6843 6861 6824 6861 6857 6862 9374 9379 9374 6862 6828 9374 6828 9368 6862 6863 6829 6859 6842 6864 6900 6859 6864 9365 6811 6865 9365 6865 9369 6846 6866 6845 6813 6902 6846 6831 6867 6813 6814 6867 6831 6814 6832 6867 6832 6868 6867 6800 6868 6832 6847 6886 6800 6800 6886 6868 6833 6848 6847 6849 6869 6848 6801 6870 6849 6801 6836 6850 6871 6801 6850 6872 6891 6837 6837 6891 6802 6837 6874 6873 6851 6875 6874 6852 6875 6851 6753 6876 6852 6876 6753 6853 9375 6853 6838 9375 6838 9371 6854 9377 9373 6854 9378 9377 6855 6877 6878 6854 6855 6895 6855 6878 6895 6840 6879 6877 6877 6855 6840 6856 6880 6881 6841 6856 6881 6881 6879 6841 6826 6825 6899 6825 6858 6899 6899 6856 6826 6901 6857 6861 6862 9379 9380 9381 6863 6862 9381 6862 9380 6864 6829 6900 6859 6900 6860 9369 6865 6882 9369 6882 9370 6882 9382 9370 6865 6811 6882 6845 6866 6811 6846 6902 6866 6813 6883 6902 6867 6883 6813 6867 6884 6883 6868 6885 6867 6887 6847 6848 6848 6869 6887 6869 6849 6888 6870 6904 6849 6889 6904 6801 6801 6904 6870 6801 6871 6889 6891 6890 6850 6892 6891 6872 6837 6873 6872 6875 6893 6874 6875 6852 6893 6894 6852 6876 9378 6854 6895 9378 6895 9385 6877 6879 6896 6897 6879 6881 6901 6898 6857 6857 6898 6858 6856 6899 6880 6900 6915 6860 6860 6915 6843 6861 6843 6901 6843 6924 6901 6829 6863 6916 6863 6926 6916 6916 6900 6829 6882 9387 9382 6866 6917 6811 6811 6917 6882 6883 6884 6902 6867 6903 6884 6885 6903 6867 6868 6886 6885 6886 6847 6887 6869 6886 6887 6871 6850 6889 6905 6891 6892 6872 6873 6892 6906 6873 6874 6874 6893 6906 6852 6907 6893 6907 6852 6894 6894 6876 6907 6876 9383 9384 6876 9376 9383 9376 6876 6853 9376 6853 9375 6895 6910 6908 9389 6895 6908 9389 6908 9391 6895 9389 9385 6909 6910 6877 6878 6877 6910 6910 6895 6878 6897 6922 6879 6909 6896 6879 6877 6896 6909 6880 6911 6912 6880 6912 6881 6897 6881 6913 6911 6880 6899 6858 6911 6899 6914 6949 6900 6924 6843 6915 6924 6898 6901 9386 6927 6863 9386 6863 9381 6926 6863 6927 6900 6916 6914 6866 6918 6917 6919 6918 6902 6902 6918 6866 6902 6884 6919 6903 6933 6884 6886 6869 6953 6888 6954 6869 6936 6849 6904 6890 6938 6850 6850 6938 6889 6891 6938 6890 6891 6905 6938 6939 6873 6906 6893 6907 6906 6876 6940 6907 9390 6940 6876 9390 6876 9384 6908 9392 9391 6921 6908 6910 6879 6922 6923 6923 6909 6879 6881 6912 6945 6922 6913 6945 6945 6913 6881 6897 6913 6922 6858 6898 6945 6898 6925 6945 6912 6911 6858 6945 6912 6858 6900 6949 6971 6900 6971 6915 6948 6924 6915 6927 9386 9396 6926 6927 6928 6949 6916 6926 6914 6916 6949 6929 9394 9388 9387 6882 6929 9387 6929 9388 6882 6917 6929 6918 6919 6917 6919 6930 6917 6919 6931 6930 6919 6952 6931 6884 6932 6919 6919 6932 6952 6933 6975 6884 6884 6975 6932 6885 6933 6903 6953 6933 6886 6886 6933 6885 6953 6869 6934 6954 6935 6869 6936 6954 6849 6849 6954 6888 6889 6937 6904 6889 6938 6937 6905 6892 6938 6907 6980 6906 6906 6980 6939 6907 6920 6980 6907 6940 6920 9393 6908 6941 9393 6941 9399 6908 9393 9392 6909 6942 6910 6941 6921 6910 6908 6921 6941 6922 6943 6964 6923 6922 6944 6922 6964 6944 6944 6909 6923 6943 6922 6945 6947 6943 6945 6898 6924 6925 6965 6945 6925 6969 6949 6926 6915 6971 6967 6967 6948 6915 6927 6972 6928 6926 6928 6969 6929 9397 9394 6929 6917 6950 6950 6951 6929 6917 6951 6950 6917 6930 6951 6953 6934 6989 6935 6977 6869 6869 6977 6934 6955 6954 6936 6936 6904 6955 6956 6937 6938 6938 6957 6956 6938 6958 6957 6892 6979 6938 6938 6979 6958 6959 6979 6873 6873 6979 6892 6873 6939 6959 6939 6980 6960 6980 6981 6996 6920 6981 6980 9395 6920 6940 9395 6940 9398 6940 9390 9398 6941 6961 6962 6941 6962 6963 9399 6941 6963 9399 6963 9403 6910 6942 6961 6961 6941 6910 6942 6944 6964 6909 6944 6942 6945 6965 6946 6945 6946 6966 6964 6947 6966 6966 6947 6945 6943 6947 6964 6967 6985 6948 6924 6948 6925 6948 6985 6925 6965 6925 6986 6949 6969 6970 6971 6949 6970 9400 6972 6927 9400 6927 9396 6972 9400 9407 6968 6928 6972 6969 6928 6968 9397 6929 6973 9397 6973 9408 6929 6974 6973 6929 6951 6974 6931 6952 6930 6932 6975 6952 6933 6976 6975 6976 6933 6953 6978 6977 6954 6954 6977 6935 6954 6955 6978 6937 6955 6904 6955 6937 6956 6957 6955 6956 6939 6960 6959 9401 6981 6920 9401 6920 9395 6962 9404 9402 9403 6963 6962 9403 6962 9402 6942 6983 7016 6942 7016 6982 6961 6942 6997 6942 6982 6997 6997 6962 6961 6964 6946 6983 6983 6942 6964 6946 6964 6966 6925 6985 6986 6965 6986 6984 6969 6968 6987 6969 6987 7003 6969 7003 6970 6971 6970 7004 7004 6967 6971 9405 6968 6972 9405 6972 9407 6973 9409 9408 6951 7006 6974 6930 7007 6951 6952 7007 6930 6975 6988 6952 7009 6975 6976 6978 6990 6934 6978 6934 6977 6955 6991 6978 6955 6957 6992 6958 6993 6957 6957 6993 7028 6958 6979 6993 6959 6960 6979 6995 6960 6980 6980 6996 6995 6981 9410 9412 6981 9401 9410 6962 6997 6998 9404 6962 6998 9404 6998 9413 6983 6946 7016 6965 6984 7032 6984 7000 7032 6965 7032 7001 6999 6946 7001 7001 6946 6965 6985 6967 7002 6985 7002 7020 7000 6986 7020 7020 6986 6985 6984 6986 7000 6968 9405 9406 9415 6987 6968 9415 6968 9406 6970 7033 7004 6967 7004 7021 6974 7005 6973 6951 7007 7006 6988 7008 6952 7009 7008 6975 6975 7008 6988 6953 7010 6976 6989 7010 6953 6934 7011 6989 7011 6934 6990 6978 6991 6990 6955 7012 6991 7012 6955 6992 6957 7012 6992 6957 7028 7012 7013 6993 6979 6979 6994 7013 6979 7014 6994 6979 6960 7014 7029 6960 6995 7030 9425 9414 6997 7018 7048 6997 7048 7015 6998 6997 7030 6997 7015 7030 9413 6998 7030 9413 7030 9414 6982 7016 7018 7016 7017 7018 7018 6997 6982 6946 6999 7019 6999 7051 7019 7019 7016 6946 7000 7020 7053 7032 6999 7001 6967 7021 7022 7002 6967 7022 7003 6987 7023 6970 7003 7023 6970 7023 7033 7021 7004 7033 7024 9419 9417 9409 6973 7005 9409 7005 9416 6974 7006 7005 6952 7008 7007 6976 7010 7009 6989 7026 7010 7011 7026 6989 7012 7027 6991 7028 6993 7013 6994 7028 7013 6996 7066 6995 6995 7066 7029 7046 7066 6981 6981 7066 6996 9424 7046 6981 9424 6981 9411 6981 9412 9411 9425 7030 7031 9425 7031 9426 7018 7017 7048 7032 7051 6999 7017 7016 7019 7051 7017 7019 7053 7032 7000 7033 7034 7021 7022 7021 7034 7022 7034 7002 7035 9418 9428 9418 7035 6987 9418 6987 9415 6987 7035 7036 7023 6987 7036 7023 7036 7056 7056 7033 7023 9416 7005 7024 9416 7024 9417 7007 7037 7006 7008 7037 7007 7008 7009 7037 7009 7025 7037 7025 7038 7037 7009 7038 7025 7010 7039 7009 7009 7039 7038 7026 7040 7010 6990 7041 7011 7027 7042 6991 6991 7042 6990 7012 7042 7027 7028 6994 7063 7014 7065 6994 6994 7065 7043 7044 7065 6960 6960 7065 7014 6960 7029 7044 7029 7066 7045 7047 9431 9427 7030 7047 7031 9426 7031 7047 9426 7047 9427 7015 7048 7050 7048 7049 7050 7047 7030 7015 7050 7047 7015 7017 7051 7052 7052 7048 7017 7032 7053 7070 7032 7070 7071 7051 7032 7072 7032 7071 7072 7002 7054 7020 7053 7020 7054 7034 7124 7055 7055 7002 7034 7036 7035 7076 7033 7056 7074 7024 9423 9419 7006 7057 7005 7037 7057 7006 7037 7058 7057 7037 7059 7058 7038 7059 7037 7040 7060 7010 7010 7060 7039 7026 7060 7040 7011 7041 7026 7042 7061 6990 7012 7062 7042 7028 7063 7012 7012 7063 7062 6994 7043 7063 7029 7045 7044 7046 9424 9430 9431 7047 7067 9431 7067 9432 7048 7069 7049 7049 7047 7050 7051 7072 7068 7052 7051 7069 7051 7068 7069 7069 7048 7052 7070 7054 7073 7053 7054 7070 7034 7033 7074 7034 7074 7075 7124 7034 7075 7054 7002 7055 7124 7054 7055 7035 9428 9429 7036 7076 7089 7089 7056 7036 7074 7056 7087 7090 9420 9433 7090 9421 9420 9423 7024 7090 9423 7090 9433 7005 7077 7024 7109 7077 7057 7057 7077 7005 7057 7078 7109 7057 7058 7078 7058 7059 7091 7038 7079 7059 7038 7039 7079 7080 7039 7060 7026 7081 7060 7061 7041 6990 7042 7062 7061 7082 7063 7064 7063 7043 7064 7044 7045 7065 7118 7045 7066 7046 7084 7066 9434 7084 7046 9434 7046 9430 7067 9435 9432 7067 9436 9435 7067 7049 7069 7047 7049 7067 7069 7068 7103 7070 7085 7104 7070 7104 7139 7070 7139 7071 7071 7068 7072 7124 7105 7054 7105 7073 7054 7085 7070 7073 7086 7087 7056 7074 7087 7088 7074 7088 7107 7074 7107 7075 7056 7089 7086 7090 9440 9421 7077 7090 7024 7077 7109 7090 7079 7092 7059 7092 7079 7039 7039 7080 7092 7080 7060 7092 7060 7093 7092 7081 7115 7060 7081 7026 7115 7094 7132 7026 7094 7026 7041 7061 7095 7041 7061 7062 7095 7096 7062 7063 7063 7082 7096 7097 7064 7065 7065 7064 7043 7065 7083 7097 7065 7098 7083 7065 7045 7098 7099 7045 7118 7066 7084 7118 7084 9434 9438 7067 7100 7101 7067 7101 7102 9436 7067 7102 9436 7102 9446 7069 7103 7100 7100 7067 7069 7068 7121 7103 7068 7071 7121 7104 7085 7141 7141 7085 7073 7087 7086 7088 7075 7107 7124 9437 7076 7035 9437 7035 9429 7086 7089 7106 7108 9422 9441 7108 9439 9422 9440 7090 7108 9440 7108 9441 7109 7108 7090 7078 7110 7109 7109 7110 7128 7091 7129 7058 7058 7129 7078 7059 7092 7091 7092 7112 7111 7093 7113 7092 7092 7113 7112 7115 7114 7060 7060 7114 7093 7115 7026 7132 7095 7116 7041 7041 7116 7094 7095 7062 7116 7082 7062 7096 7083 7064 7097 7117 7045 7099 9444 7118 7084 9444 7084 9438 7118 9444 9452 9445 7101 7119 9445 7119 9447 7119 9455 9447 9446 7102 7101 9446 7101 9445 7100 7103 7151 7103 7120 7151 7151 7101 7100 7103 7121 7122 7139 7121 7071 7124 7144 7105 7073 7105 7125 7073 7125 7141 7123 7104 7141 7086 7106 7126 7107 7088 7143 7143 7124 7107 7106 9448 9449 9448 7106 7076 9448 7076 9437 7089 7076 7106 7108 9451 9439 7109 7127 7108 7110 7078 7128 7130 7091 7092 7092 7111 7130 7131 7114 7115 7115 7132 7131 7094 7116 7132 7062 7082 7116 7064 7149 7082 7133 7149 7083 7083 7149 7064 7083 7134 7133 7083 7135 7134 7098 7150 7083 7083 7150 7135 7136 7150 7045 7045 7150 7098 7045 7117 7136 7118 9452 9454 7101 7137 7138 7138 7119 7101 7101 7151 7137 7139 7140 7121 7121 7140 7153 7120 7122 7153 7153 7122 7121 7103 7122 7120 7104 7123 7174 7104 7174 7142 7142 7139 7104 7143 7144 7124 7105 7144 7125 7175 7141 7125 7106 9449 9450 9457 7126 7106 9457 7106 9450 7086 7126 7145 7086 7145 7088 7156 7143 7088 7127 7146 7108 7128 7127 7109 7078 7129 7128 7148 7147 7091 7091 7147 7129 7091 7130 7148 7093 7114 7113 7113 7114 7112 7132 7163 7131 7082 7164 7116 7082 7149 7164 7134 7149 7133 7117 7150 7136 7117 7099 7150 9442 7099 7118 9442 7118 9453 7118 9454 9453 7119 9456 9455 7137 7151 7152 7119 7138 7152 7152 7138 7137 7120 7153 7172 7151 7120 7154 7120 7172 7154 7141 7155 7123 7174 7139 7142 7156 7178 7143 7144 7143 7157 7125 7144 7157 7125 7157 7158 7125 7158 7175 7141 7175 7155 9459 7145 7126 9459 7126 9457 7088 7145 7194 7088 7194 7179 7179 7156 7088 7146 7159 7108 9451 7108 7159 9451 7159 9458 7128 7160 7127 7129 7160 7128 7147 7160 7129 7147 7148 7160 7148 7161 7160 7130 7161 7148 7111 7112 7130 7114 7162 7112 7114 7131 7162 7131 7201 7162 7164 7132 7116 7149 7165 7164 7166 7165 7149 7149 7134 7166 7134 7167 7166 7134 7135 7167 7168 7135 7150 7150 7099 7169 7099 9442 9443 9456 7119 7170 9456 7170 9465 7171 7152 7151 7170 7119 7152 7171 7170 7152 7171 7154 7173 7173 7154 7172 7151 7154 7171 7174 7140 7139 7153 7140 7172 7155 7175 7176 7155 7176 7123 7177 7174 7123 7143 7178 7157 7157 7175 7158 7156 7179 7178 7159 9461 9458 7146 7127 7159 7160 7180 7127 7180 7160 7181 7160 7182 7181 7161 7183 7160 7160 7183 7182 7130 7184 7161 7162 7185 7112 7112 7185 7130 7201 7185 7162 7131 7186 7201 7163 7186 7131 7187 7186 7132 7132 7186 7163 7132 7164 7187 7164 7202 7187 7164 7165 7202 7188 7135 7168 7150 7169 7168 9463 7189 7099 9463 7099 9443 7170 9466 9465 7171 7191 7190 7171 7190 7206 7206 7170 7171 7173 7172 7191 7191 7171 7173 7140 7174 7193 7174 7192 7193 7140 7193 7209 7209 7172 7140 7176 7175 7234 7176 7234 7123 7192 7177 7123 7174 7177 7192 7157 7178 7195 7236 7157 7195 7236 7175 7157 7145 9459 9460 7194 7145 7196 7214 7179 7194 7178 7179 7214 7159 9462 9461 7127 7197 7159 7180 7197 7127 7180 7198 7197 7180 7181 7198 7181 7199 7198 7181 7182 7199 7130 7200 7184 7185 7200 7130 7225 7202 7165 7165 7203 7225 7165 7166 7203 7167 7204 7166 7167 7135 7204 7205 7135 7188 7168 7169 7188 7228 7169 7099 7099 7189 7228 7207 7191 7172 7230 7190 7191 7192 7232 7208 7193 7192 7209 7192 7208 7209 7172 7209 7207 7236 7210 7175 7234 7175 7211 7175 7210 7211 7123 7234 7212 7212 7192 7123 7213 7214 7194 7178 7214 7215 7195 7178 7216 7178 7215 7216 7195 7216 7236 9468 7217 7145 9468 7145 9460 7145 7217 7218 7145 7218 7196 7194 7196 7213 9462 7159 7219 9462 7219 9470 7219 7159 7220 7220 7159 7197 7197 7198 7221 7222 7240 7161 7222 7161 7200 7200 7161 7184 7200 7185 7222 7185 7254 7222 7201 7223 7185 7224 7201 7186 7204 7226 7166 7166 7226 7203 7227 7226 7135 7135 7226 7204 7135 7205 7227 9464 7228 7189 9464 7189 9463 7206 7229 7170 7170 9467 9466 9467 7170 7229 9467 7229 9475 7190 7230 7229 7229 7206 7190 7207 7247 7265 7191 7207 7231 7207 7265 7231 7231 7230 7191 7208 7207 7209 7233 7210 7236 7211 7210 7234 7232 7212 7234 7192 7212 7232 7214 7213 7215 7216 7269 7236 9469 7235 7217 9469 7217 9468 7218 7217 7235 7196 7218 7235 7213 7196 7235 7219 9471 9470 7197 7237 7220 7221 7237 7197 7199 7238 7198 7183 7239 7182 7182 7239 7199 7183 7161 7239 7223 7255 7185 7185 7255 7254 7241 7255 7201 7201 7255 7223 7201 7224 7241 7202 7257 7187 7242 7257 7202 7202 7225 7242 7203 7226 7225 7225 7226 7243 7205 7226 7227 7244 7188 7169 7169 7228 7244 7228 7245 7244 7228 9464 9473 7229 7246 7262 9475 7229 7262 9475 7262 9476 7246 7229 7230 7265 7230 7231 7232 7248 7278 7247 7208 7232 7207 7208 7247 7210 7233 7268 7248 7234 7268 7268 7234 7210 7232 7234 7248 7235 9477 9478 7213 7235 7250 7213 7250 7215 7216 7215 7251 7216 7251 7269 7249 7236 7269 7233 7236 7249 7235 9469 9477 7219 9472 9471 7221 7285 7237 7221 7198 7285 7199 7239 7238 7252 7239 7161 7161 7240 7252 7222 7253 7240 7187 7256 7186 7186 7256 7224 7187 7257 7256 7225 7257 7242 7225 7243 7257 7226 7205 7258 7188 7260 7205 7205 7260 7259 7260 7188 7244 7245 7261 7244 7228 7261 7245 9474 7261 7228 9474 7228 9473 7262 9484 9476 7246 7263 7264 7264 7262 7246 7265 7266 7230 7266 7246 7230 7247 7279 7267 7267 7265 7247 7248 7268 7280 7248 7280 7281 7278 7248 7281 7278 7247 7232 7233 7249 7283 7268 7233 7293 9479 7250 7235 9479 7235 9478 7237 7298 7220 7220 7298 7219 7285 7299 7237 7198 7238 7285 7252 7270 7239 7240 7271 7252 7253 7271 7240 7254 7255 7222 7222 7255 7253 7255 7241 7272 7241 7273 7272 7224 7273 7241 7224 7256 7273 7274 7256 7257 7257 7275 7274 7257 7243 7275 7243 7226 7258 7276 7243 7258 7205 7276 7258 7205 7259 7276 7244 7261 7260 9485 7262 7263 9485 7263 9486 7262 9485 9484 7263 7262 7264 7266 7277 7291 7263 7246 7266 7291 7263 7266 7278 7279 7247 7266 7265 7267 7279 7266 7267 7282 7316 7249 7249 7316 7283 7233 7283 7293 7268 7293 7280 7215 7250 7284 7215 7284 7251 7282 7269 7296 7296 7269 7251 7249 7269 7282 9472 7219 7298 9472 7298 9481 7237 7299 7298 7238 7239 7286 7285 7238 7286 7239 7270 7286 7252 7271 7270 7253 7287 7271 7255 7287 7253 7272 7303 7255 7243 7276 7288 7276 7259 7342 7289 7259 7260 7261 7290 7260 7261 9474 9483 7309 9492 9487 7263 7291 7309 9486 7263 7309 9486 7309 9487 7310 7291 7277 7279 7292 7311 7278 7292 7279 7277 7279 7311 7266 7279 7277 7293 7314 7280 7281 7280 7294 7292 7278 7281 7294 7292 7281 7330 7293 7283 9480 7297 7250 9480 7250 9479 7284 7250 7317 7284 7317 7251 7296 7251 7295 7299 7285 7300 7285 7286 7300 7270 7301 7286 7271 7321 7270 7302 7271 7287 7287 7255 7302 7255 7303 7302 7272 7273 7303 7304 7323 7256 7256 7323 7273 7256 7274 7304 7274 7305 7304 7275 7306 7274 7274 7306 7305 7275 7243 7288 7276 7342 7288 7307 7259 7289 7260 7307 7289 7260 7290 7307 7290 7261 7308 9490 7308 7261 9490 7261 9483 7309 9494 9492 7291 7310 7327 7327 7309 7291 7277 7311 7312 7310 7277 7313 7277 7312 7313 7280 7314 7294 7292 7294 7329 7332 7296 7295 7283 7316 7330 7293 7330 7314 7297 9480 9488 7250 7297 7317 7251 7317 7315 7332 7251 7315 7295 7251 7332 7318 9496 9482 9481 7298 7318 9481 7318 9482 7318 7298 7319 7298 7299 7319 7300 7320 7299 7286 7320 7300 7301 7338 7286 7301 7270 7338 7339 7321 7271 7271 7302 7339 7302 7322 7339 7302 7303 7322 7273 7323 7303 7324 7342 7259 7259 7307 7324 7290 7325 7307 7325 7290 7308 9498 7325 7308 9498 7308 9491 7308 9490 9491 7326 9500 9493 9494 7309 7326 9494 7326 9495 7326 9493 9495 7326 7309 7327 7328 7326 7327 7327 7313 7312 7310 7313 7327 7311 7292 7346 7311 7346 7312 7330 7350 7314 7294 7314 7331 7294 7331 7364 7364 7329 7294 7296 7332 7333 7296 7333 7282 7316 7282 7334 7316 7334 7365 7365 7330 7316 7297 9488 9489 7332 7317 7297 7315 7317 7332 9496 7318 7335 9496 7335 9503 7318 7319 7335 7299 7336 7319 7320 7337 7299 7338 7354 7286 7286 7354 7320 7321 7338 7270 7321 7339 7338 7303 7340 7322 7323 7340 7303 7323 7304 7340 7304 7372 7340 7305 7372 7304 7341 7305 7306 7306 7275 7341 7307 7325 7324 9499 7343 7325 9499 7325 9498 7344 7361 7326 9502 7326 7361 9502 7361 9506 7326 9502 9500 7344 7328 7327 7326 7328 7344 7312 7346 7347 7312 7347 7377 7345 7327 7312 7377 7345 7312 7364 7379 7329 7292 7329 7348 7329 7379 7348 7292 7348 7349 7349 7346 7292 7314 7350 7331 7351 7332 7297 7282 7333 7352 7282 7352 7368 7334 7282 7365 7282 7368 7365 7330 7365 7350 9507 7351 7297 9507 7297 9489 7335 7319 7369 7299 7353 7336 7337 7353 7299 7338 7355 7354 7338 7356 7355 7339 7356 7338 7322 7340 7339 7372 7358 7340 7340 7358 7357 7305 7359 7372 7359 7305 7341 7288 7342 7275 7324 7360 7342 7324 7325 7343 9497 7324 7343 9497 7343 9505 7343 9499 9505 7361 9501 9506 7377 7327 7345 7377 7362 7327 7327 7362 7375 7375 7344 7327 7347 7346 7377 7346 7363 7377 7379 7364 7378 7348 7346 7349 7365 7380 7350 7331 7350 7366 7364 7331 7381 7331 7366 7381 9508 7367 7351 9508 7351 9507 7332 7351 7367 7332 7367 7333 7367 9509 9513 7367 9508 9509 7319 7336 7369 7337 7383 7353 7320 7383 7337 7354 7383 7320 7339 7370 7356 7340 7370 7339 7357 7370 7340 7275 7373 7341 7342 7373 7275 7374 7373 7342 7360 7374 7342 7403 7360 7324 7375 7361 7344 9512 7361 7375 9512 7375 9518 7361 9512 9501 7390 7375 7362 7376 7363 7346 7376 7348 7379 7346 7348 7376 7350 7380 7366 7366 7432 7381 7367 9513 9514 7333 7367 7382 7333 7382 7352 7352 7394 7411 7380 7368 7411 7411 7368 7352 7365 7368 7380 9503 7335 7369 9503 7369 9504 7336 7353 7369 7383 7354 7384 7354 7398 7384 7354 7385 7398 7355 7385 7354 7370 7357 7386 7357 7371 7386 7358 7400 7357 7387 7358 7372 7359 7387 7372 7341 7373 7359 7374 7360 7403 9518 7375 7405 9518 7405 9519 7375 7389 7405 7391 7375 7390 7363 7376 7407 7376 7392 7407 7390 7377 7407 7407 7377 7363 7362 7377 7390 7379 7378 7393 7379 7393 7409 7409 7376 7379 7366 7380 7395 7366 7395 7432 7378 7381 7432 7364 7381 7378 7367 9514 9515 9523 7396 7367 9523 7367 9515 7382 7367 7396 7352 7382 7396 7352 7396 7410 7410 7394 7352 7369 9516 9504 7353 7397 7369 7383 7397 7353 7383 7384 7397 7384 7398 7397 7355 7418 7385 7399 7355 7370 7370 7355 7356 7370 7386 7399 7357 7400 7371 7358 7387 7400 7387 7423 7400 7401 7387 7373 7373 7387 7359 7373 7374 7401 7374 7388 7401 7374 7403 7402 7324 7424 7403 9510 7404 7424 9510 7424 9511 9511 7424 7324 9511 7324 9497 7404 9510 9520 7405 9525 9519 9526 7405 7389 9526 7389 9522 7406 7427 7390 7390 7427 7425 7389 7391 7425 7425 7391 7390 7375 7391 7389 7376 7429 7392 7390 7407 7406 7410 7411 7394 7410 7431 7411 7380 7411 7412 7395 7380 7412 7395 7412 7432 7378 7432 7408 7396 7430 7413 7413 7410 7396 9516 7369 7414 9516 7414 9527 7397 7414 7369 7414 7397 7415 7397 7416 7415 7398 7417 7397 7397 7417 7416 7385 7435 7398 7399 7418 7355 7386 7419 7399 7420 7421 7371 7420 7371 7400 7400 7422 7420 7400 7423 7422 7423 7387 7401 7388 7374 7402 9521 7424 7404 9521 7404 9520 7424 9521 9517 7405 9526 9525 7389 7425 7443 9522 7389 7426 9522 7426 9531 7389 7443 7426 7428 7429 7376 7392 7406 7407 7378 7408 7393 7428 7409 7445 7445 7409 7393 7376 7409 7428 7411 7431 7412 7431 7413 7430 7410 7413 7431 9527 7414 7433 9527 7433 9528 7414 7415 7433 7415 7434 7433 7415 7416 7434 7398 7453 7417 7398 7435 7453 7385 7436 7435 7418 7436 7385 7399 7437 7418 7399 7438 7437 7399 7419 7438 7439 7386 7371 7371 7421 7439 7388 7455 7401 7402 7440 7388 7402 7441 7440 7403 7442 7402 7402 7442 7441 7424 7442 7403 7424 9517 9530 7457 9543 9532 9531 7426 7457 9531 7457 9532 7457 7426 7443 7406 7444 7427 7425 7427 7443 7429 7428 7392 7428 7445 7392 7406 7392 7444 7408 7446 7393 7460 7445 7393 7447 7448 7396 7448 7431 7430 7412 7431 7449 7412 7449 7463 7446 7432 7463 7463 7432 7412 7408 7432 7446 7447 9524 9533 9524 7447 7396 9524 7396 9523 7430 7396 7448 7450 9538 9529 9528 7433 7450 9528 7450 9529 7433 7451 7450 7434 7452 7433 7433 7452 7451 7417 7453 7416 7436 7453 7435 7436 7418 7453 7418 7437 7453 7419 7386 7439 7439 7421 7419 7422 7454 7420 7423 7469 7422 7401 7455 7423 7440 7455 7388 7424 7456 7442 9534 7456 7424 9534 7424 9530 7457 7443 7473 7443 7458 7473 7444 7443 7427 7474 7444 7392 7393 7446 7462 7460 7393 7477 7393 7462 7477 7447 9537 9536 7431 7448 7447 7431 7447 7479 7431 7479 7449 7446 7463 7461 7447 9533 9537 7450 9539 9538 7452 7480 7451 7434 7416 7452 7453 7464 7416 7453 7465 7464 7453 7466 7465 7437 7466 7453 7438 7467 7437 7419 7468 7438 7419 7421 7468 7454 7497 7420 7469 7497 7422 7422 7497 7454 7423 7470 7469 7455 7470 7423 7455 7440 7470 7440 7471 7470 7440 7441 7471 7472 7441 7442 7442 7456 7472 7456 9534 9541 7473 7486 7457 9545 7457 7486 9545 7486 9547 7457 9544 9543 7457 9545 9544 7474 7488 7444 7488 7459 7444 7458 7444 7459 7443 7444 7458 7392 7445 7475 7475 7474 7392 7446 7461 7462 7462 7476 7477 7447 9536 9535 9546 7478 7447 9546 7447 9535 7479 7447 7478 7463 7449 7479 7461 7463 7508 7452 7416 7480 7491 7416 7464 7464 7481 7491 7464 7465 7481 7466 7482 7465 7437 7483 7466 7467 7484 7437 7437 7484 7483 7438 7484 7467 7438 7468 7484 7468 7421 7496 7420 7497 7421 7469 7515 7497 7470 7485 7469 7456 7441 7472 7486 9549 9547 7458 7487 7503 7473 7458 7502 7458 7503 7502 7487 7458 7459 7488 7487 7459 7460 7477 7489 7477 7505 7489 7445 7460 7489 7488 7475 7489 7489 7475 7445 7474 7475 7488 7479 7508 7463 7462 7461 7490 7462 7490 7476 7505 7477 7476 7478 9546 9548 7450 9540 9539 7451 7480 7450 7480 7416 7491 7481 7492 7491 7481 7465 7492 7465 7482 7493 7483 7484 7466 7484 7468 7494 7496 7495 7468 7421 7497 7496 7485 7517 7469 7469 7517 7515 7498 7517 7470 7470 7517 7485 7470 7471 7498 7471 7499 7498 7471 7500 7499 7441 7500 7471 7441 7456 7500 7456 9541 9542 9554 7501 7456 9554 7456 9542 7502 7486 7473 9550 7486 7502 9550 7502 9558 7486 9550 9549 7520 7502 7503 7488 7489 7522 7488 7522 7535 7488 7535 7521 7503 7488 7521 7487 7488 7503 7489 7505 7506 7507 7508 7479 7461 7508 7490 7505 7476 7504 9552 7525 7478 9552 7478 9548 9551 7524 7525 9551 7525 9552 7507 7479 7478 9540 7450 7509 9540 7509 9563 7510 7509 7450 7450 7480 7511 7510 7450 7511 7480 7491 7511 7491 7512 7511 7492 7513 7491 7491 7513 7512 7465 7493 7492 7482 7466 7493 7514 7466 7484 7484 7494 7514 7515 7496 7497 7515 7516 7543 7515 7517 7516 7456 7518 7500 7456 7501 7518 7501 9554 9555 7519 9566 9559 9558 7502 7519 9558 7519 9559 7503 7521 7547 7504 7523 7505 7506 7505 7536 7505 7551 7536 7522 7489 7536 7536 7489 7506 7525 7507 7478 7508 7507 7526 7508 7526 7490 7539 7476 7490 7527 9553 9560 9553 7527 7524 9553 7524 9551 7509 9564 9563 7511 7528 7510 7512 7529 7511 7530 7493 7466 7466 7514 7530 7495 7531 7468 7496 7531 7495 7496 7515 7531 7517 7498 7532 7499 7545 7498 7533 7545 7500 7500 7545 7499 7500 7518 7533 7518 7501 7534 7501 9555 9556 7547 7502 7520 7547 7548 7502 7502 7548 7519 7535 7549 7521 7520 7503 7547 7522 7561 7537 7537 7535 7522 7538 7504 7476 7505 7523 7551 7527 7525 7524 7507 7525 7553 7490 7526 7539 7526 7507 7539 7476 7539 7538 7512 7513 7529 7493 7513 7492 7530 7540 7493 7514 7494 7530 7468 7541 7494 7531 7541 7468 7531 7542 7541 7531 7515 7542 7558 7543 7517 7517 7543 7516 7517 7544 7558 7517 7532 7544 7498 7545 7532 7518 7534 7533 9567 7534 7501 9567 7501 9557 7501 9556 9557 9566 7519 7546 9566 7546 9568 7546 9572 9568 7546 7519 7548 7521 7549 7550 7547 7521 7578 7521 7550 7578 7522 7536 7561 7536 7551 7561 7549 7537 7561 7535 7537 7549 7581 7551 7523 9561 7552 7527 9561 7527 9560 7525 7527 7552 7553 7525 7552 7507 7553 7554 7507 7554 7565 7539 7507 7565 7538 7539 7566 7509 9565 9564 7529 7528 7511 7513 7555 7529 7513 7493 7555 7493 7569 7555 7493 7540 7569 7530 7570 7540 7494 7556 7530 7541 7556 7494 7515 7557 7542 7543 7557 7515 7532 7545 7544 7545 7533 7559 7533 7575 7559 7533 7534 7575 7546 9573 9572 7560 7546 7548 7577 7560 7548 7549 7561 7562 7550 7549 7578 7549 7562 7578 7547 7578 7548 7581 7563 7551 7563 7582 7551 7551 7582 7561 7565 7566 7539 7566 7585 7538 7504 7538 7581 7523 7504 7581 9562 7567 7552 9562 7552 9561 7567 9562 9577 7528 7568 7510 7529 7568 7528 7568 7529 7555 7530 7571 7570 7556 7571 7530 7556 7541 7606 7572 7593 7557 7572 7557 7543 7543 7558 7572 7558 7544 7572 7573 7574 7544 7573 7544 7545 7545 7559 7573 9569 7575 7534 9569 7534 9567 9570 7576 7575 9570 7575 9569 7577 7546 7560 7577 7596 7546 9573 7546 7596 9573 7596 9576 7578 7579 7548 7548 7579 7577 7580 7578 7562 7561 7582 7583 7562 7564 7583 7583 7564 7561 7561 7564 7562 7566 7565 7585 7581 7538 7616 7538 7585 7616 7552 7567 7586 7586 7553 7552 7584 7554 7553 7565 7554 7584 9565 7509 7587 9565 7587 9574 7510 7587 7509 7510 7568 7587 7568 7555 7587 7555 7588 7587 7569 7589 7555 7555 7589 7588 7570 7590 7540 7540 7590 7569 7591 7570 7571 7571 7556 7591 7556 7606 7591 7542 7592 7541 7542 7557 7592 7594 7544 7574 7573 7559 7574 7595 7559 7575 7576 7610 7575 7610 9571 9580 9571 7610 7576 9571 7576 9570 7596 9581 9576 7577 7579 7612 7580 7562 7615 7562 7597 7615 7579 7578 7580 7615 7579 7580 7598 7563 7581 7598 7599 7563 7597 7583 7582 7562 7583 7597 7600 7584 7553 7585 7601 7616 7581 7616 7598 9578 7602 7567 9578 7567 9577 7600 7586 7567 7553 7586 7600 9574 7587 7603 9574 7603 9575 7603 9585 9575 7587 7604 7603 7588 7605 7587 7587 7605 7604 7569 7590 7589 7570 7591 7590 7541 7592 7606 7557 7593 7592 7593 7572 7592 7608 7607 7544 7544 7607 7572 7544 7594 7608 7609 7574 7559 7559 7595 7609 7575 7610 7595 7612 7596 7577 7596 7612 7611 9581 7596 7611 9581 7611 9582 7613 7625 7579 7582 7614 7597 7579 7615 7613 7563 7599 7640 7640 7582 7563 7617 7600 7567 7565 7584 7643 7584 7600 7643 7585 7565 7643 7601 7585 7628 7585 7643 7628 7628 7616 7601 7602 9578 9584 7567 7602 7617 7604 7618 7603 7588 7589 7605 7619 7589 7590 7590 7591 7619 7591 7620 7619 7606 7621 7591 7633 7606 7592 7592 7622 7633 7572 7646 7592 7592 7646 7622 7608 7572 7607 7594 7636 7608 7594 7574 7636 7623 7574 7609 9579 7595 7610 9579 7610 9587 7610 9580 9587 7611 9588 9582 9588 7611 7612 9588 7612 9589 7579 7625 7638 7624 7612 7579 7638 7624 7579 7597 7614 7653 7597 7653 7615 7613 7615 7625 7616 7644 7598 7582 7640 7614 7626 7617 7602 7600 7617 7626 7600 7626 7627 7643 7600 7627 7616 7628 7644 7626 9583 9594 7626 9590 9583 9590 7626 7602 9590 7602 9584 9585 7603 7629 9585 7629 9586 7618 7645 7603 7604 7605 7618 7630 7605 7589 7630 7589 7631 7589 7619 7631 7621 7632 7591 7591 7632 7620 7633 7632 7606 7606 7632 7621 7572 7634 7646 7634 7572 7608 7636 7635 7608 7608 7635 7634 7623 7636 7574 7595 7637 7609 9591 7637 7595 9591 7595 9579 7637 9591 9592 7638 7612 7624 7638 7650 7612 7612 7650 7649 9589 7612 7649 9589 7649 9593 7625 7639 7665 7665 7638 7625 7640 7641 7614 7641 7642 7614 7653 7614 7642 7653 7625 7615 7655 7644 7643 7599 7598 7652 7652 7640 7599 7626 9594 9595 7654 7643 7627 7644 7628 7643 7629 9596 9586 7603 7645 7629 7618 7605 7645 7605 7630 7657 7619 7659 7631 7620 7632 7619 7633 7677 7632 7622 7679 7633 7634 7647 7646 7648 7635 7636 7636 7623 7648 7609 7637 7623 7637 9592 9599 7649 9601 9593 7649 9604 9601 7664 7649 7650 7651 7639 7625 7638 7665 7650 7652 7641 7640 7642 7710 7653 7625 7653 7651 7654 7655 7643 7644 7655 7598 7668 7652 7598 9602 7656 7626 9602 7626 9595 7671 7654 7627 7629 9598 9596 7645 7605 7657 7630 7658 7657 7630 7631 7658 7619 7660 7659 7661 7660 7632 7632 7660 7619 7632 7677 7661 7633 7678 7677 7633 7679 7678 7622 7662 7679 7646 7662 7622 7646 7647 7662 7637 7663 7623 7623 7663 7648 9607 7663 7637 9607 7637 9600 7637 9599 9600 7649 9605 9604 7650 7665 7666 7664 7650 7685 7650 7666 7685 7668 7641 7652 7668 7669 7641 7642 7641 7710 7667 7653 7710 7651 7653 7667 7598 7655 7689 7689 7668 7598 7626 7656 7672 7670 7627 7672 7672 7627 7626 7671 7627 7670 7673 9597 9606 7673 9611 9597 9598 7629 7673 9598 7673 9606 7629 7645 7674 7673 7629 7674 7645 7657 7674 7657 7675 7674 7658 7705 7657 7657 7705 7675 7661 7676 7659 7661 7659 7660 7662 7680 7679 7634 7635 7647 7635 7648 7681 7648 7682 7681 7648 7683 7682 7648 7684 7683 7663 7684 7648 7663 9607 9608 7663 9608 9609 7685 7649 7664 7685 7698 7649 9605 7649 7698 9605 7698 9610 7686 7666 7665 7651 7667 7688 7651 7688 7639 7665 7639 7686 7689 7700 7668 7641 7669 7710 7692 7671 7670 7654 7671 7691 7655 7654 7691 7655 7691 7712 7712 7689 7655 9603 7692 7656 9603 7656 9602 7672 7656 7692 7670 7672 7692 7673 9612 9611 7674 7704 7673 7675 7704 7674 7693 7658 7659 7659 7658 7631 7659 7676 7693 7677 7694 7661 7678 7707 7677 7695 7707 7679 7679 7707 7678 7647 7696 7662 7635 7696 7647 7635 7681 7696 7663 7697 7684 9616 7697 7663 9616 7663 9609 7698 9618 9610 7666 7686 7709 7709 7685 7666 7667 7687 7723 7667 7723 7688 7686 7639 7688 7668 7700 7669 7667 7710 7687 9613 7690 7692 9613 7692 9614 7692 7690 7701 7671 7692 7701 7691 7671 7702 7671 7701 7702 7689 7712 7700 7692 9603 9614 9612 7673 7703 9612 7703 9615 7675 7705 7704 7693 7705 7658 7676 7706 7693 7676 7661 7706 7677 7707 7694 7662 7708 7680 7680 7708 7679 7662 7696 7708 7682 7683 7681 7684 7697 7683 7697 9616 9617 7709 7698 7685 7698 7709 7721 9618 7698 7721 9618 7721 9619 7686 7699 7722 7722 7709 7686 7687 7710 7724 7687 7724 7723 7699 7686 7688 7723 7699 7688 7710 7669 7727 7702 7701 7690 7691 7702 7712 7700 7712 7711 7704 7713 7673 7673 7713 7703 7714 7705 7715 7705 7693 7715 7693 7716 7715 7706 7716 7693 7679 7717 7695 7708 7717 7679 7696 7717 7708 7681 7718 7696 7683 7718 7681 7683 7719 7718 7683 7697 7719 9623 7720 7697 9623 7697 9617 7720 9623 9625 9619 7721 7734 9619 7734 9620 7734 9626 9620 7709 7722 7734 7734 7721 7709 7723 7736 7699 7725 7726 7711 7711 7726 7700 7669 7700 7737 7669 7737 7727 7710 7727 7724 9621 7728 7690 9621 7690 9613 7690 7728 7729 7725 7702 7729 7729 7702 7690 7712 7702 7725 7711 7712 7725 7703 9622 9615 9622 7703 7713 9622 7713 9624 7704 7705 7730 7713 7704 7730 7705 7714 7730 7730 7714 7713 7716 7743 7715 7731 7706 7661 7661 7694 7731 7694 7707 7731 7707 7745 7731 7695 7745 7707 7695 7717 7745 7696 7732 7717 7718 7733 7696 7697 7720 7719 9630 7749 7720 9630 7720 9625 7734 9631 9626 7734 7722 7750 7722 7735 7750 7722 7699 7754 7699 7736 7754 7723 7724 7752 7724 7738 7752 7723 7752 7736 7739 7740 7725 7700 7726 7755 7755 7737 7700 7738 7727 7737 7724 7727 7738 7725 7729 7739 9624 7713 7741 9624 7741 9628 9628 7741 7742 9628 7742 9629 7713 7742 7741 7713 7714 7742 7715 7769 7714 7706 7731 7716 7731 7770 7716 7731 7745 7744 7746 7745 7717 7717 7747 7746 7717 7732 7747 7696 7761 7732 7733 7761 7696 7748 7761 7718 7718 7761 7733 7718 7719 7748 7720 7749 7719 7749 9630 9634 7750 7763 7734 9632 7734 7763 9632 7763 9638 7734 9632 9631 7751 7735 7722 7736 7753 7754 7722 7754 7751 7755 7738 7737 7755 7766 7738 7738 7766 7756 7738 7756 7765 7765 7752 7738 7725 7740 7777 7726 7725 7777 7728 9621 9627 7768 7729 7728 7739 7729 7768 7742 9633 9629 7714 7757 7742 7743 7758 7715 7715 7758 7769 7759 7758 7716 7716 7758 7743 7716 7770 7759 7731 7771 7770 7731 7744 7771 7745 7746 7760 7748 7788 7761 7719 7762 7748 7719 7749 7762 9635 7773 7749 9635 7749 9634 7774 7750 7735 7736 7752 7792 7752 7765 7792 7736 7792 7753 7735 7754 7753 7751 7754 7735 7793 7765 7756 7767 7768 7728 7739 7768 7740 7766 7726 7777 7755 7726 7766 9640 7767 7728 9640 7728 9627 9633 7742 7757 9633 7757 9636 7714 7769 7757 7759 7769 7758 7772 7744 7745 7745 7760 7772 7788 7732 7761 7748 7762 7788 7773 7762 7749 7773 9635 9644 7774 7763 7750 9639 7763 7774 9639 7774 9648 7763 9639 9638 7735 7764 7791 7791 7774 7735 7775 7776 7765 7792 7765 7776 7764 7735 7753 7792 7764 7753 7777 7778 7766 7778 7796 7766 7765 7793 7775 9641 7797 7767 9641 7767 9640 7768 7767 7797 7740 7768 7779 7777 7740 7780 7740 7779 7780 9636 7757 7781 9636 7781 9637 7781 9642 9637 7783 7782 7769 7769 7782 7757 7769 7759 7783 7770 7785 7759 7759 7785 7784 7771 7786 7770 7744 7786 7771 7744 7772 7786 7747 7787 7746 7788 7801 7747 7788 7747 7732 7789 7788 7762 7762 7773 7789 7773 7790 7789 9645 7790 7773 9645 7773 9644 7774 7791 7804 9648 7774 7804 9648 7804 9651 7792 7806 7764 7776 7818 7794 7794 7792 7776 7795 7778 7777 7756 7766 7793 7766 7796 7793 7797 9641 9652 7768 7797 7809 7779 7768 7780 7768 7809 7780 7777 7780 7795 7798 7781 7782 7782 7781 7757 7798 7782 7783 7759 7799 7783 7759 7784 7799 7770 7800 7785 7786 7800 7770 7786 7772 7800 7746 7787 7760 7801 7787 7747 7801 7788 7802 7788 7803 7802 7814 7803 7788 7814 7788 7789 7790 9645 9649 7804 9646 9651 7804 7791 7817 7791 7805 7817 7791 7764 7831 7764 7806 7831 7820 7775 7793 7820 7807 7775 7776 7775 7818 7806 7794 7818 7792 7794 7806 7808 7795 7780 7796 7778 7793 9653 7809 7797 9653 7797 9652 7780 7809 7808 7810 9654 9643 9642 7781 7810 9642 7810 9643 7810 7781 7811 7781 7798 7811 7798 7824 7811 7799 7812 7783 7783 7812 7798 7825 7785 7800 7800 7842 7825 7772 7827 7800 7760 7827 7772 7760 7787 7827 7787 7801 7813 7801 7802 7813 7814 7789 7815 7790 7816 7789 7790 9649 9650 9646 7804 7817 9646 7817 9647 7817 9662 9647 7818 7833 7806 7806 7819 7831 7791 7831 7805 7793 7835 7820 7775 7807 7848 7848 7818 7775 7778 7795 7822 7778 7822 7850 7850 7793 7778 7809 9653 9656 7808 7809 7821 7823 9658 9655 7810 9659 9654 7823 9655 9664 9659 7810 7823 9659 7823 9664 7810 7811 7823 7811 7824 7823 7784 7785 7799 7799 7785 7812 7827 7826 7800 7787 7813 7827 7829 7802 7814 7814 7802 7803 7814 7815 7829 7815 7789 7816 7816 7790 7815 9660 7815 7790 9660 7790 9650 9662 7817 7830 9662 7830 9668 7830 7805 7832 7817 7805 7830 7806 7833 7834 7819 7806 7834 7834 7831 7819 7849 7835 7793 7820 7835 7807 9663 7821 7809 9663 7809 9657 7808 7821 7836 7795 7808 7836 7795 7836 7837 7822 7795 7850 7795 7837 7850 7793 7850 7849 7809 9656 9657 7823 9665 9658 7823 9666 9665 9666 7823 7838 9666 7838 9671 7824 7839 7823 7798 7840 7824 7812 7840 7798 7841 7840 7785 7785 7840 7812 7785 7825 7841 7800 7826 7842 7827 7813 7826 7813 7843 7826 7813 7828 7843 7813 7844 7828 7802 7844 7813 7802 7829 7844 7815 9660 9661 9669 7830 7845 9669 7845 9675 7830 9669 9668 7805 7831 7847 7831 7846 7847 7832 7805 7871 7805 7847 7871 7871 7830 7832 7848 7864 7818 7818 7864 7833 7831 7834 7846 7807 7835 7875 7875 7848 7807 7837 7836 7850 7839 7851 7823 7823 7851 7838 7840 7852 7824 7824 7852 7839 7840 7841 7852 7841 7853 7852 7842 7854 7825 7825 7854 7841 7855 7842 7826 7826 7856 7855 7826 7857 7856 7843 7858 7826 7826 7858 7857 7828 7844 7843 7829 7859 7844 7829 7887 7859 7829 7860 7887 7815 7860 7829 7815 7861 7860 9674 7862 7815 9674 7815 9661 7815 7862 7861 7862 9674 9667 7845 9676 9675 7847 7846 7871 7846 7874 7871 7830 7871 7845 7863 7864 7848 7834 7833 7846 7865 7849 7850 7849 7866 7835 7848 7875 7863 9670 7867 7821 9670 7821 9663 7867 9670 9682 7821 7867 7879 7836 7821 7850 7821 7879 7850 7851 7839 7852 7852 7868 7851 7852 7853 7868 7841 7882 7853 7854 7869 7841 7842 7869 7854 7842 7855 7869 7844 7859 7843 7860 7870 7887 7861 7862 7860 7862 9667 9678 7862 9678 9677 7871 7872 7845 7845 7872 7889 7889 9680 9681 9676 7845 7889 9676 7889 9681 7873 7874 7846 7863 7876 7864 7833 7864 7877 7864 7902 7877 7873 7846 7877 7877 7846 7833 7865 7914 7849 7835 7866 7891 7891 7875 7835 9684 7879 7867 9684 7867 9682 7850 7879 7878 7893 7850 7878 7865 7850 7893 9672 7880 7896 9672 7896 9673 9671 7838 7880 9671 7880 9672 7838 7851 7880 7851 7881 7880 7851 7868 7881 7868 7853 7897 7841 7883 7882 7869 7883 7841 7869 7884 7883 7869 7855 7884 7885 7858 7843 7859 7886 7843 7859 7887 7886 7862 7888 7860 7860 7888 7870 9686 7888 7862 9686 7862 9679 7862 9677 9679 7889 9688 9680 7872 7871 7890 7912 7871 7874 7891 7863 7875 7864 7876 7902 7873 7877 7902 7865 7893 7894 7865 7894 7914 7866 7849 7895 7849 7914 7895 7895 7891 7866 7893 7879 7892 7878 7879 7893 7896 9691 9673 7880 7881 7896 7853 7882 7897 7884 7882 7883 7855 7856 7884 7857 7898 7856 7858 7898 7857 7858 7885 7898 7843 7899 7885 7886 7900 7843 7843 7900 7899 7901 7900 7887 7887 7900 7886 7887 7888 7901 7870 7888 7887 9687 7941 7888 9687 7888 9686 9683 7872 7890 9683 7890 9689 9688 7889 7872 9688 7872 9683 7873 7902 7903 7874 7873 7912 7873 7903 7912 7871 7912 7890 7876 7863 7916 7916 7902 7876 7905 7893 7892 7893 7932 7894 7891 7895 7904 7879 9684 9685 7892 7879 7905 9691 7896 7906 9691 7906 9692 7881 7906 7896 7868 7907 7881 7868 7897 7907 7919 7897 7882 7882 7884 7919 7884 7920 7919 7856 7908 7884 7898 7908 7856 7898 7921 7908 7898 7885 7921 7899 7900 7885 7885 7900 7923 7888 7910 7909 7888 7941 7910 7911 9697 9694 9689 7890 7911 9689 7911 9694 7903 7902 7927 7902 7913 7927 7927 7912 7903 7891 7904 7915 7863 7891 7916 7902 7916 7913 9695 7905 7879 9695 7879 9685 9690 7893 7905 9690 7905 9696 9702 7932 7893 9702 7893 9690 7930 7914 7894 7904 7895 7914 9692 7906 7946 9692 7946 9693 7881 7917 7906 7907 7918 7881 7881 7918 7917 7897 7918 7907 7919 7918 7897 7884 7936 7920 7884 7937 7936 7884 7921 7937 7908 7921 7884 7885 7922 7921 7885 7923 7922 7900 7901 7923 7901 7924 7923 7888 7925 7901 7925 7888 7909 7941 9687 9699 7911 9698 9697 9698 7911 7926 9698 7926 9700 7911 7890 7951 7890 7912 7951 7913 7929 7927 7930 7904 7914 7891 7915 7931 7928 7916 7931 7931 7916 7891 7913 7916 7928 7905 9695 9696 7894 7932 7945 7932 7944 7945 7945 7930 7894 7946 9703 9693 7906 7917 7946 7917 7918 7933 7918 7919 7933 7933 7934 7917 7919 7934 7933 7919 7935 7934 7920 7935 7919 7921 7938 7937 7922 7923 7921 7921 7923 7939 7901 7925 7924 7910 7941 7909 7941 9699 9707 7912 7927 7942 7912 7942 7951 7911 7951 7926 7913 7928 7943 7929 7913 7992 7913 7943 7992 7992 7927 7929 7904 7930 7915 7928 7931 7953 7953 7931 7915 7956 7944 7932 7946 7917 7947 7917 7934 7947 7920 7958 7935 7936 7958 7920 7948 7958 7937 7937 7958 7936 7939 7938 7921 7961 7938 7923 7923 7938 7939 7923 7940 7961 7924 7962 7923 7949 7924 7925 9708 7950 7941 9708 7941 9707 9701 7926 7952 9701 7952 9710 7926 9701 9700 7966 7973 7927 7942 7927 7964 7927 7973 7964 7964 7951 7942 7928 7953 7954 7943 7928 7992 7928 7954 7992 7927 7992 7966 7956 7945 7944 7945 7993 7930 7915 7930 7967 7915 7967 7968 7968 7953 7915 9712 7955 7932 9712 7932 9702 7956 7932 7955 9703 7946 7947 9703 7947 9704 7934 7957 7947 7948 7959 7958 7948 7937 7959 7937 7960 7959 7938 7960 7937 7923 7962 7940 7963 7962 7924 7924 7949 7963 7941 7988 7909 7988 7941 7950 7926 7951 7965 7951 7964 7965 7952 7926 7990 7926 7965 7990 9710 7952 7990 9710 7990 9711 7968 7969 7953 7954 7953 7992 7953 7969 7992 9714 7956 7955 9714 7955 9713 7945 7956 7970 7945 7970 7993 7930 7993 7979 7979 7967 7930 7955 9712 9713 9704 7947 7971 9704 7971 9705 7947 7957 7971 7934 7935 7957 7972 7935 7958 7958 7959 7972 7986 7960 7938 7938 7961 7986 7940 7962 7961 7949 7962 7963 7909 7988 7925 7925 7988 7949 7950 9708 9709 7964 7973 7974 7965 7964 7990 7964 7974 7990 7990 9716 9711 7975 7966 7992 7975 7976 7966 7966 7976 7973 7979 7968 7967 7979 7978 7968 7968 7978 7994 7969 7968 7994 7969 7994 7992 7956 9714 9715 9718 7970 7956 9718 7956 9715 9705 7971 7980 9705 7980 9706 7980 9720 9706 7957 7935 7981 7997 7957 7981 7935 7972 7981 7972 7982 7981 7959 7983 7972 7959 7960 7983 7984 7985 7960 7960 7986 7984 7961 7987 7986 7962 7987 7961 7962 7949 7999 7949 7988 7999 7988 7989 8001 7988 7950 7989 9716 7990 8003 9716 8003 9717 8003 9726 9717 7991 7990 7974 7973 7976 8005 7974 7977 8005 8005 7977 7973 7973 7977 7974 8008 7978 7979 8015 7992 7994 7995 7993 7970 8008 7979 7993 7980 9722 9720 7971 7957 7996 7980 7971 7996 7957 7997 7996 7996 7997 7980 7981 7982 7997 7983 7998 7972 7972 7998 7982 7960 7998 7983 7960 7985 7998 7986 7987 7984 7999 8000 7987 7999 7987 7962 7999 7988 8022 8001 8002 7988 7989 9721 9724 9721 7989 7950 9721 7950 9709 9726 8003 8004 9726 8004 9727 8005 8014 7974 8014 8013 7974 8003 7991 8013 8013 7991 7974 7990 7991 8003 8026 7975 7992 8026 8006 7975 8007 8008 7993 7994 7978 8015 7992 8015 8026 7970 9718 9719 8007 7995 7970 7993 7995 8007 7980 9723 9722 9723 7980 8009 9723 8009 9732 7980 7997 8009 7997 8017 8009 8010 7982 7998 7984 8019 7985 7987 8011 7984 7987 8000 8011 7999 8012 8000 7999 8022 8012 8022 7988 8002 8003 8013 8024 8004 8003 8023 8003 8024 8023 9727 8004 8023 9727 8023 9728 8013 8014 8037 7975 8006 8027 8014 7976 8027 8027 7976 7975 8005 7976 8014 8008 8007 8016 8008 8016 8039 7978 8008 8025 8025 8015 7978 8007 9730 9729 9730 8007 7970 9730 7970 9719 7997 8029 8017 7982 8029 7997 8018 8029 7982 7982 8010 8018 7985 8019 7998 7984 8020 8019 8011 8020 7984 8011 8021 8020 8011 8000 8021 8022 8002 8045 8001 8045 8002 7989 8045 8001 7989 9724 9725 8023 9735 9728 8027 8038 8014 8013 8037 8024 8025 8026 8015 8007 9729 9731 8007 8028 8016 8008 8039 8040 8040 8025 8008 9732 8009 8041 9732 8041 9733 8009 8017 8041 8029 8018 8030 8018 8010 8030 7998 8043 8010 8019 8044 7998 8020 8044 8019 8020 8021 8055 8012 8031 8000 8032 8031 8022 8022 8031 8012 8022 8033 8032 8022 8045 8033 8045 7989 8034 7989 8035 8034 9734 8035 7989 9734 7989 9725 9735 8023 8036 9735 8036 9742 8037 8046 8024 8046 8036 8024 8036 8023 8024 8062 8038 8027 8037 8014 8059 8014 8038 8059 8062 8027 8047 8047 8027 8006 9736 8028 8007 9736 8007 9731 8048 8039 8016 8041 9738 9733 8029 8041 8017 8030 8042 8029 8010 8043 8030 8030 8043 8042 7998 8044 8043 8020 8055 8044 8000 8031 8021 8035 8045 8034 8035 9734 9740 8036 9743 9742 8036 8046 8070 8037 8059 8046 8048 8040 8039 8048 8049 8040 8040 8049 8050 8025 8040 8050 8025 8050 8026 8006 8026 8061 8061 8047 8006 8028 9736 9737 9746 8051 8028 9746 8028 9737 8016 8028 8052 8028 8051 8052 8052 8048 8016 9738 8041 8053 9738 8053 9739 8041 8029 8053 8029 8054 8053 8042 8054 8029 8065 8043 8044 8044 8067 8065 8055 8067 8044 8031 8055 8021 8031 8032 8055 8032 8056 8055 8032 8033 8056 8045 8035 8069 9750 8057 8035 9750 8035 9741 8035 9740 9741 9745 8036 8058 9745 8058 9752 8036 9744 9743 8036 9745 9744 8046 8060 8070 8036 8070 8058 8061 8062 8047 8038 8062 8072 8072 8059 8038 8048 8063 8049 8026 8050 8077 8077 8061 8026 8051 9746 9747 8052 8051 8063 8048 8052 8063 8053 9749 9739 9749 8053 8064 9749 8064 9753 8053 8054 8064 8065 8042 8043 8065 8067 8066 8068 8067 8055 8069 8089 8045 8045 8089 8033 8070 8071 8058 9752 8058 8071 9752 8071 9756 8060 8046 8091 8046 8059 8091 8091 8070 8060 8062 8061 8075 8062 8075 8072 8049 8063 8095 8050 8049 8077 8074 8077 8073 8061 8077 8074 8051 9747 9748 9758 8076 8051 9758 8051 9748 8063 8051 8076 9753 8064 8086 9753 8086 9754 8078 8054 8042 8042 8065 8078 8065 8066 8078 8067 8079 8066 8080 8101 8067 8067 8068 8080 8068 8055 8080 8033 8089 8056 8056 8089 8055 8035 8090 8069 8057 8090 8035 9756 8071 8082 9756 8082 9757 8059 8072 8105 8059 8105 8091 8083 8074 8073 8074 8083 8084 8061 8074 8084 8075 8061 8093 8061 8084 8093 8093 8072 8075 9759 8096 8076 9759 8076 9758 8063 8076 8095 8049 8095 8085 8083 8077 8085 8085 8077 8049 8073 8077 8083 8087 8064 8054 8087 8054 8088 8054 8078 8088 8079 8100 8066 8101 8100 8067 8067 8100 8079 8055 8089 8080 8069 8112 8089 8069 8081 8112 8069 8090 8081 9763 8090 8057 9763 8057 9751 8057 9750 9751 8082 9760 9757 8091 8092 8070 8071 8070 8115 8070 8092 8115 8115 8082 8071 8093 8094 8072 8072 8094 8105 8095 8084 8083 8109 8093 8084 8096 9759 9761 8095 8076 8108 8076 8096 8108 8083 8085 8095 8097 9765 9755 9754 8086 8097 9754 8097 9755 8064 8097 8086 8064 8087 8097 8088 8098 8087 8078 8099 8088 8066 8100 8078 8080 8103 8101 8104 8080 8089 8089 8112 8104 8081 8090 8112 8090 9763 9764 8105 8116 8091 9760 8082 8115 9760 8115 9769 8106 8117 8093 8094 8093 8107 8094 8107 8105 8108 8120 8095 8084 8095 8138 8093 8109 8106 9762 8119 8096 9762 8096 9761 8096 8119 8108 9765 8097 8110 9765 8110 9766 8097 8123 8110 8097 8087 8123 8100 8099 8078 8101 8102 8100 8103 8111 8101 8101 8111 8102 8080 8111 8103 8080 8104 8111 8104 8112 8128 8114 8113 8090 8090 8113 8112 9767 8114 8090 9767 8090 9764 9769 8115 8129 9769 8129 9770 8129 9779 9770 8092 8091 8135 8091 8116 8135 8135 8115 8092 8093 8117 8118 8093 8118 8107 8116 8105 8107 8119 8121 8120 8095 8120 8121 8095 8121 8138 8084 8138 8109 8106 8109 8117 8119 9762 9772 8120 8108 8119 8110 9771 9766 9771 8110 8122 9771 8122 9777 8110 8123 8122 8088 8124 8098 8099 8124 8088 8099 8100 8124 8100 8125 8124 8100 8126 8125 8102 8126 8100 8127 8102 8111 8114 8128 8113 8113 8128 8112 8129 9780 9779 8116 8130 8135 8115 8135 8129 8118 8117 8107 8117 8139 8107 8116 8107 8130 8119 9772 9773 8139 8109 8138 8117 8109 8139 9777 8122 8141 9777 8141 9778 8123 8087 8122 8098 8131 8087 8124 8131 8098 8124 8125 8131 8127 8132 8126 8127 8126 8102 8111 8143 8127 8133 8104 8128 8114 8134 8128 9768 8134 8114 9768 8114 9767 8135 8145 8129 8107 8136 8130 8130 8155 8137 8137 8135 8130 8138 8147 8139 8139 8149 8140 8140 8107 8139 9774 8121 8119 9774 8119 9773 8159 8138 8121 8131 8122 8087 8131 8151 8122 8125 8152 8131 8126 8132 8142 8143 8111 8104 8104 8133 8143 8134 8144 8128 8134 9768 9782 8129 8145 8146 8129 9781 9780 9781 8129 8146 9781 8146 9786 8130 8136 8155 8145 8137 8155 8135 8137 8145 8139 8147 8148 8149 8139 8148 8136 8140 8149 8107 8140 8136 8121 9774 9775 8138 8159 8147 8141 9783 9778 8141 8122 8150 9783 8141 8150 9783 8150 9788 8122 8151 8150 8153 8125 8126 8126 8142 8153 8127 8163 8132 8133 8164 8143 8144 8154 8128 8128 8154 8133 8134 8154 8144 9784 8154 8134 9784 8134 9782 8145 8155 8166 9787 8146 8145 9787 8145 9785 9785 8145 8166 9785 8166 9795 8146 9787 9786 8136 8156 8155 8136 8149 8156 9793 8158 8121 9793 8121 9776 8121 9775 9776 8159 8121 8158 8150 9789 9788 8151 8160 8150 8150 8160 8178 8151 8131 8160 8152 8161 8131 8162 8161 8125 8125 8161 8152 8125 8153 8162 8164 8127 8143 8133 8165 8164 8154 8165 8133 8154 9784 9791 9795 8166 8171 9795 8171 9796 8155 8156 8168 8166 8157 8168 8168 8157 8155 8155 8157 8166 9794 8159 8158 9794 8158 9793 8147 8159 8184 8147 8184 8148 8177 8149 8148 8162 8160 8161 8161 8160 8131 8153 8142 8162 8169 8163 8127 8127 8164 8169 8165 8154 8170 9799 8170 8154 9799 8154 9792 8154 9791 9792 8172 8171 8166 8173 8156 8149 8173 8174 8156 8174 8175 8156 8167 8156 8175 8156 8167 8168 8166 8168 8172 9797 8176 8159 9797 8159 9794 8184 8159 8176 8148 8184 8177 8149 8177 8173 8150 9790 9789 8179 8178 8160 8160 8162 8179 8162 8180 8179 8162 8142 8180 8132 8181 8142 8163 8181 8132 8163 8169 8181 8164 8165 8170 8171 9802 9796 8168 8191 8172 8207 8171 8172 8173 8182 8174 8167 8175 8183 8175 8174 8183 8183 8168 8167 8176 9797 9804 8177 8184 8173 8185 9798 9806 8185 9807 9798 9790 8150 8185 9790 8185 9806 8178 8185 8150 8178 8179 8185 8179 8186 8185 8180 8187 8179 8179 8187 8186 8180 8142 8187 8181 8196 8142 8181 8169 8188 8164 8189 8169 8164 8170 8190 8170 9799 9800 8171 9803 9802 8199 8191 8168 8172 8191 8207 9803 8171 8207 9803 8207 9814 8192 8182 8173 8174 8182 8199 8183 8174 8199 8168 8183 8199 8192 8184 8193 8193 8184 8176 8173 8184 8192 8185 9808 9807 8194 9809 9810 9808 8185 8194 9808 8194 9810 8185 8195 8194 8186 8203 8185 8185 8203 8195 8196 8187 8142 8181 8197 8196 8188 8197 8181 8169 8189 8188 8198 8189 8164 8164 8190 8198 8190 8170 8198 8199 8200 8191 8206 8207 8191 8201 8202 8192 8192 8202 8182 8208 8199 8182 9815 8201 8176 9815 8176 9805 8176 9804 9805 8193 8176 8201 8192 8193 8201 8194 9811 9809 9811 8194 8195 9811 8195 9812 8187 8203 8186 8187 8196 8203 8196 8204 8203 8197 8212 8196 8189 8198 8188 8198 8205 8188 9813 8198 8170 9813 8170 9801 8170 9800 9801 8206 8214 8207 8208 8200 8199 8208 8209 8200 8200 8209 8191 9820 8210 8201 9820 8201 9815 8201 8210 8202 8182 8202 8215 8215 8208 8182 9812 8195 8211 9812 8211 9816 8218 8195 8203 8203 8219 8218 8203 8204 8219 8196 8212 8204 8188 8213 8197 8188 8205 8213 9819 8207 8214 9819 8214 9824 8207 9819 9814 8208 8215 8209 8191 8209 8206 8202 8210 8216 8216 8215 8202 9816 8211 8217 9816 8217 9817 8195 8217 8211 8217 8195 8218 8197 8220 8212 8197 8213 8220 8198 8221 8205 9818 8221 8198 9818 8198 9813 8221 9818 9823 8221 9823 9829 8214 9825 9824 8223 8241 8215 8241 8209 8215 8222 8206 8230 8230 8206 8209 8214 8206 8222 8210 9820 9821 8223 8210 8224 8216 8210 8223 8215 8216 8223 8217 9822 9817 8217 8218 8225 8218 8226 8225 8219 8226 8218 8227 8219 8212 8212 8219 8204 8212 8220 8227 8205 8221 8213 8221 9829 9830 8222 8228 8214 8241 8223 8229 8209 8241 8235 8209 8235 8230 8222 8230 8236 9835 8231 8210 9835 8210 9821 8223 8224 8231 8231 8224 8210 8217 9828 9822 9828 8217 8225 9828 8225 9832 8225 9833 9832 9833 8225 8238 9833 8238 9836 8226 8232 8225 8219 8233 8226 8219 8227 8234 8240 8220 8221 8221 8220 8213 9838 8240 8221 9838 8221 9831 8221 9830 9831 8214 9826 9825 8228 8222 8247 8222 8236 8247 8247 8214 8228 8223 8237 8229 8236 8230 8235 9839 8237 8231 9839 8231 9835 8223 8231 8237 8232 8238 8225 8226 8238 8232 8219 8239 8233 8234 8239 8219 8227 8220 8234 8214 9827 9826 8241 8242 8235 8235 8242 8243 8236 8235 8243 8236 8243 8247 9827 8214 8247 9827 8247 9847 8237 9839 9840 9843 8244 8237 9843 8237 9840 8229 8237 8242 8242 8241 8229 9836 8238 8245 9836 8245 9837 8238 8226 8249 8226 8233 8249 8234 8252 8239 8246 8252 8220 8220 8252 8234 8220 8240 8246 9846 8246 8240 9846 8240 9842 8240 9838 9834 8242 8248 8243 8254 8247 8243 8237 8244 8255 8255 8242 8237 8245 9845 9837 9841 8238 8249 9841 8249 9849 9845 8245 8238 9845 8238 9841 8233 8251 8249 8249 8251 8250 8239 8252 8233 9851 8253 8246 9851 8246 9846 8240 9834 9842 8247 9848 9847 8255 8248 8242 8248 8254 8243 8244 9843 9844 9853 8255 8244 9853 8244 9844 8256 9855 9850 9849 8249 8256 9849 8256 9850 8249 8257 8256 8249 8250 8257 8252 8251 8233 8252 8246 8251 8246 8258 8251 8246 8253 8258 8259 8262 8254 8247 8254 8260 9848 8247 8260 9848 8260 9859 8255 9853 9854 9860 8261 8255 9860 8255 9854 8255 8261 8248 8259 8248 8262 8254 8248 8259 8256 9856 9855 8256 8257 8271 8251 8264 8250 8251 8265 8264 8251 8258 8265 8258 9852 9858 9852 8258 8253 9852 8253 9851 8254 8262 8263 8260 8254 8269 8254 8263 8269 9859 8260 8269 9859 8269 9862 8248 8261 8267 8267 8262 8248 8256 9857 9856 8264 8257 8250 8266 8265 8258 9861 8266 8258 9861 8258 9858 8262 8267 8268 8263 8262 8269 8262 8268 8269 8269 9870 9862 9863 8270 8261 9863 8261 9860 8270 8267 8261 8271 8257 8272 8257 8264 8272 8272 8276 8271 8264 8276 8272 8264 8273 8276 8265 8273 8264 9868 8265 8266 9868 8266 9869 8266 9861 9869 8274 8275 8267 8267 8275 8268 9872 8269 8268 9872 8268 9871 8269 9872 9870 8274 9864 9875 9864 8274 8270 9864 8270 9863 8267 8270 8274 9857 8256 8271 9857 8271 9865 8277 8273 8265 9873 8277 8265 9873 8265 9868 8278 9881 9874 8274 8279 8280 8275 8274 8280 8275 8280 8268 9871 8268 8278 9871 8278 9874 8274 9875 9876 8276 8282 8271 8273 8281 8276 8273 8277 8281 8278 9882 9883 8278 9883 9881 9884 8279 8274 9884 8274 9877 8278 8268 8280 8274 9876 9877 9865 8271 8282 9865 8282 9866 8276 8283 8282 8281 8283 8276 8281 8277 8283 8277 9873 9878 8279 9884 9885 8278 8280 8285 9866 8282 8284 9866 8284 9867 8284 9890 9867 8283 8284 8282 8283 8289 8284 8277 8286 8283 8277 9878 9879 9882 8278 8285 9882 8285 9886 9888 8287 8279 9888 8279 9885 8287 8280 8279 8284 9889 9890 8277 9879 9880 8287 8285 8280 8287 9888 9892 8284 9891 9889 9891 8284 8289 9891 8289 9894 8286 8290 8283 8277 8290 8286 9896 8290 8277 9896 8277 9880 8287 9892 9893 8288 9894 9895 9894 8289 8291 9894 8291 9895 8283 8292 8289 8290 8292 8283 9900 8292 8290 9900 8290 9896 8297 9903 9904 9903 8297 8287 9903 8287 9893 8287 8297 8285 9886 8285 8293 9886 8293 9887 8293 9902 9887 9898 8291 8292 9898 8292 9901 8292 8291 8289 8292 9900 9901 9900 8295 9901 8285 8297 8298 9906 8293 8298 9906 8298 9907 8298 8293 8285 8293 9906 9902 8291 9897 9895 9897 8294 8288 9897 8288 9895 8291 9899 9897 9899 8294 9897 8291 9898 9899 9898 8299 9899 9905 8298 8297 9905 8297 9904 8298 9908 9909 8298 9909 9907 9909 8296 9907 8298 9910 9908 8298 9905 9910</p>
        </triangles>
      </mesh>
    </geometry>
  </library_geometries>
  <library_visual_scenes>
    <visual_scene id="Scene" name="Scene">
      <node id="canopy-node" name="canopy">
        <instance_geometry url="#canopy-geom">
          <bind_material><technique_common>
            <instance_material symbol="canopy-mat" target="#canopy-material"/>
          </technique_common></bind_material>
        </instance_geometry>
      </node>
    </visual_scene>
  </library_visual_scenes>
  <scene><instance_visual_scene url="#Scene"/></scene>
</COLLADA>
