<?xml version="1.0" encoding="utf-8"?>
<COLLADA xmlns="http://www.collada.org/2005/11/COLLADASchema" version="1.4.1">
  <asset>
    <contributor><authoring_tool>ENIMIA URDF generator</authoring_tool></contributor>
    <created>2026-10-06T00:00:00</created><modified>2026-10-06T00:00:00</modified>
    <unit name="meter" meter="1"/>
    <up_axis>Z_UP</up_axis>
  </asset>
  <library_effects>
    <effect id="tail_tip-effect">
      <profile_COMMON>
        <technique sid="common">
          <phong>
            <emission><color>0 0 0 1</color></emission>
            <ambient><color>0.8000 0.0800 0.0800 1</color></ambient>
            <diffuse><color>0.8000 0.0800 0.0800 1</color></diffuse>
            <specular><color>0.6 0.6 0.6 1</color></specular>
            <shininess><float>60.0</float></shininess>
            <transparent opaque="A_ONE"><color>1 1 1 0.900</color></transparent>
            <transparency><float>1</float></transparency>
          </phong>
        </technique>
      </profile_COMMON>
    </effect>
  </library_effects>
  <library_materials>
    <material id="tail_tip-material" name="tail_tip-material"><instance_effect url="#tail_tip-effect"/></material>
  </library_materials>
  <library_geometries>
    <geometry id="tail_tip-geom" name="tail_tip">
      <mesh>
        <source id="tail_tip-pos">
          <float_array id="tail_tip-pos-array" count="6207">-0.85891 0.02825 0.55198 -0.85555 -0.05024 0.54422 -0.85552 -0.03475 0.55129 -0.86256 0.03821 0.54751 -0.86074 0.04580 0.54488 -0.85942 -0.04017 0.54773 -0.85896 -0.03595 0.54982 -0.85893 -0.03092 0.55146 -0.85936 -0.02603 0.55237 -0.85499 -0.01529 0.55558 -0.85547 0.00801 0.55606 -0.85593 0.01538 0.55524 -0.85621 0.02461 0.55378 -0.85971 0.03486 0.54990 -0.86232 0.03491 0.54908 -0.86331 0.04246 0.54566 -0.87139 -0.05004 0.53843 -0.86435 -0.04795 0.54208 -0.86040 -0.03279 0.55032 -0.86043 -0.01955 0.55343 -0.86550 -0.01926 0.55162 -0.86338 0.00652 0.55358 -0.86534 0.03046 0.54935 -0.86812 0.04123 0.54433 -0.86656 -0.03020 0.54871 -0.86835 0.02555 0.54963 -0.86996 0.02658 0.54890 -0.87224 0.03437 0.54550 -0.87487 0.03627 0.54394 -0.86661 0.04908 0.54071 -0.86998 0.05229 0.53750 -0.87782 -0.05171 0.53479 -0.87643 -0.04695 0.53829 -0.86841 -0.03853 0.54511 -0.87375 -0.02487 0.54768 -0.87327 -0.01723 0.54938 -0.86642 -0.00642 0.55251 -0.87109 0.00110 0.55124 -0.86540 0.01430 0.55205 -0.87441 -0.04165 0.54153 -0.87378 -0.03299 0.54528 -0.88181 -0.03100 0.54285 -0.87783 -0.02201 0.54693 -0.88030 -0.01628 0.54698 -0.87683 -0.00680 0.54929 -0.88150 0.00858 0.54717 -0.87040 0.01973 0.54980 -0.87487 0.02456 0.54726 -0.88059 0.02931 0.54415 -0.88048 0.04715 0.53621 -0.88623 -0.04267 0.53696 -0.88203 -0.04288 0.53820 -0.88542 0.02191 0.54441 -0.88587 0.02501 0.54365 -0.87842 0.03784 0.54164 -0.88728 0.03559 0.53929 -0.89041 0.04986 0.53046 -0.88480 0.04988 0.53301 -0.88914 -0.04494 0.53430 -0.88669 -0.03947 0.53812 -0.88233 -0.00978 0.54730 -0.88017 -0.00179 0.54816 -0.88779 0.01317 0.54478 -0.88997 0.03828 0.53734 -0.88785 0.04650 0.53397 -0.89960 -0.05040 0.52656 -0.89254 -0.03470 0.53782 -0.89021 -0.02361 0.54207 -0.88855 -0.01239 0.54480 -0.88922 -0.00405 0.54512 -0.89404 0.01185 0.54277 -0.89002 0.01714 0.54368 -0.89048 0.02373 0.54190 -0.89595 0.03023 0.53825 -0.89555 0.03968 0.53449 -0.89981 -0.04041 0.53255 -0.89754 -0.02729 0.53865 -0.89395 -0.00944 0.54326 -0.90154 0.01962 0.53908 -0.90356 0.02858 0.53605 -0.90266 0.02427 0.53777 -0.90177 0.03889 0.53264 -0.90460 0.04233 0.52918 -0.90578 -0.03488 0.53289 -0.90042 -0.03310 0.53570 -0.90550 -0.02532 0.53629 -0.89757 -0.01687 0.54087 -0.89644 -0.00121 0.54241 -0.90218 0.00906 0.54013 -0.90571 0.03386 0.53327 -0.90797 0.04928 0.52375 -0.91377 0.04703 0.52278 -0.92106 -0.04395 0.52216 -0.91023 -0.04136 0.52786 -0.90865 -0.02043 0.53656 -0.90648 -0.01435 0.53813 -0.90727 -0.00326 0.53879 -0.91844 -0.00011 0.03284 -0.91455 0.00146 0.53632 -0.91743 0.00740 0.03289 -0.90728 0.01200 0.53828 -0.91005 0.01672 0.53656 -0.91770 0.02747 0.53108 -0.91262 0.02381 0.53417 -0.90828 0.04668 0.52535 -0.91790 -0.04813 0.52097 -0.91239 -0.03094 0.53183 -0.92115 -0.01125 0.03351 -0.91987 0.01343 0.53366 -0.92086 0.01920 0.53239 -0.91787 0.03408 0.52840 -0.91362 0.04097 0.52673 -0.92010 -0.04919 0.51918 -0.91972 -0.03428 0.52765 -0.91942 -0.02474 0.53125 -0.91265 -0.02042 0.53491 -0.92995 -0.00792 0.03392 -0.91285 -0.01020 0.53641 -0.92567 -0.00507 0.03342 -0.91889 0.00269 0.53522 -0.91903 0.00625 0.53480 -0.92551 0.04372 0.52040 -0.92293 0.04852 0.51831 -0.93121 0.04745 0.51517 -0.92742 -0.01924 0.03491 -0.92356 -0.01942 0.53113 -0.91947 -0.01340 0.53359 -0.92142 -0.00617 0.53384 -0.92191 -0.00084 0.53399 -0.92889 0.02408 0.52780 -0.93354 0.02910 0.03752 -0.93501 0.03476 0.52139 -0.92617 -0.04812 0.51724 -0.92925 -0.03445 0.52389 -0.92882 -0.02624 0.03634 -0.92658 -0.02512 0.52844 -0.93309 -0.01354 0.03473 -0.93273 -0.00143 0.03405 -0.93011 0.00814 0.03403 -0.92558 0.01877 0.53080 -0.92648 0.02134 0.52987 -0.92459 0.03552 0.52499 -0.92954 0.04437 0.51850 -0.93262 0.04106 0.51925 -0.94166 -0.04523 0.51270 -0.93358 -0.04203 0.51808 -0.94191 -0.02864 0.03858 -0.94201 -0.03073 0.52048 -0.93404 -0.02658 0.52535 -0.93760 -0.02059 0.03623 -0.93288 -0.01934 0.52780 -0.92674 -0.01193 0.53118 -0.92752 0.00104 0.53174 -0.92953 0.00998 0.53058 -0.93795 0.01098 0.03488 -0.93290 0.01461 0.52869 -0.93252 0.01864 0.03539 -0.94694 0.02784 0.03877 -0.93570 0.03775 0.51999 -0.94579 -0.01223 0.03610 -0.93597 -0.01066 0.52818 -0.93710 -0.00791 0.03466 -0.94201 0.00556 0.03511 -0.93614 -0.00111 0.52874 -0.93762 0.00847 0.03460 -0.93843 0.02388 0.52400 -0.94987 0.02324 0.51988 -0.93995 0.03655 0.51849 -0.95062 -0.04678 0.50773 -0.94224 -0.03920 0.51642 -0.94654 -0.03613 0.51645 -0.94789 -0.02058 0.03747 -0.94005 -0.02023 0.52502 -0.94176 -0.01396 0.52589 -0.94326 0.01302 0.03574 -0.95041 0.01947 0.03755 -0.94098 0.02387 0.03713 -0.94955 0.01342 0.52223 -0.95018 0.02455 0.03830 -0.95338 0.02537 0.03895 -0.94831 0.03126 0.51771 -0.94870 0.03344 0.04071 -0.94867 0.03852 0.51358 -0.95476 -0.03559 0.04270 -0.94807 -0.04044 0.51327 -0.94559 -0.02188 0.52249 -0.94586 -0.01576 0.52394 -0.95521 -0.01052 0.03706 -0.94303 -0.00363 0.03522 -0.94246 -0.00826 0.52621 -0.94161 0.00188 0.52652 -0.94296 0.01138 0.52504 -0.95075 0.00933 0.03647 -0.95334 0.02399 0.51909 -0.95596 0.02601 0.51705 -0.95639 0.04311 0.50763 -0.95703 -0.04679 0.50486 -0.96113 -0.04130 0.50697 -0.95354 -0.04063 0.51078 -0.95416 -0.03317 0.51451 -0.95449 -0.01583 0.03755 -0.95398 -0.00389 0.52160 -0.94821 -0.00927 0.52372 -0.96243 -0.00482 0.03764 -0.95507 -0.00212 0.03677 -0.95284 0.00577 0.52206 -0.95503 0.02242 0.51884 -0.95697 0.03022 0.04089 -0.96332 0.03814 0.04475 -0.95389 0.04123 0.50986 -0.95927 0.04549 0.50468 -0.96475 -0.04446 0.50324 -0.96303 -0.03821 0.04486 -0.97069 -0.02683 0.04231 -0.95776 -0.02265 0.03940 -0.96130 -0.02415 0.51548 -0.96337 -0.01036 0.03822 -0.96136 0.00943 0.03794 -0.96177 0.01614 0.51745 -0.95793 0.03142 0.51399 -0.96308 0.03501 0.50974 -0.96100 0.04167 0.50672 -0.96838 -0.04625 0.50029 -0.97118 -0.04249 0.50207 -0.96178 -0.01490 0.51766 -0.95233 -0.01949 0.52009 -0.96240 -0.00731 0.51846 -0.96830 0.00808 0.51642 -0.97094 0.01557 0.03982 -0.96141 0.01721 0.03862 -0.96178 0.02305 0.03968 -0.96352 0.02672 0.51385 -0.96589 0.04437 0.50226 -0.97437 -0.04395 0.49969 -0.97499 -0.03557 0.04602 -0.96978 -0.03638 0.50678 -0.97621 -0.03538 0.50468 -0.97519 -0.03002 0.04375 -0.96996 -0.01746 0.04015 -0.96896 -0.02077 0.51352 -0.97485 -0.00816 0.03968 -0.97144 0.00657 0.03905 -0.96585 0.02019 0.51513 -0.97373 0.02141 0.51137 -0.96564 0.02753 0.04132 -0.97078 0.03219 0.04384 -0.97619 0.03452 0.50428 -0.98014 -0.04261 0.49806 -0.97651 -0.04150 0.50073 -0.97806 -0.03937 0.50145 -0.97306 -0.03234 0.50778 -0.96690 -0.03085 0.51068 -0.98267 -0.01731 0.04218 -0.96708 -0.01135 0.51614 -0.96908 -0.00706 0.03863 -0.96329 0.00248 0.51799 -0.96740 -0.00202 0.03833 -0.97358 0.00362 0.51486 -0.97765 0.00021 0.03977 -0.97737 0.00843 0.03997 -0.97328 0.01066 0.51421 -0.97032 0.02395 0.04124 -0.97396 0.02860 0.50854 -0.97273 0.03542 0.04506 -0.97096 0.03803 0.04600 -0.98179 0.03691 0.50052 -0.98864 -0.04443 0.05312 -0.98546 -0.04133 0.05074 -0.98317 -0.04473 0.49486 -0.98062 -0.02699 0.04384 -0.98545 -0.03495 0.50067 -0.97846 -0.02715 0.50762 -0.97541 -0.01368 0.51243 -0.97642 -0.00408 0.51342 -0.97644 0.00497 0.51387 -0.97883 0.02070 0.04209 -0.98774 0.02609 0.04510 -0.97474 0.03583 0.04565 -0.98541 0.03953 0.49713 -0.99526 -0.04631 0.05606 -0.99548 -0.04135 0.05281 -0.98862 -0.04379 0.49267 -0.98501 -0.04246 0.49601 -0.98519 -0.04097 0.49697 -0.98453 -0.02942 0.50436 -0.98847 -0.02280 0.04410 -0.98390 -0.01988 0.50812 -0.98592 -0.00413 0.04129 -0.97985 -0.00441 0.04010 -0.98365 0.00574 0.04090 -0.98138 0.00104 0.51184 -0.98338 0.00974 0.51035 -0.98051 0.01288 0.04093 -0.98330 0.01603 0.50910 -0.99039 0.02809 0.50158 -0.98239 0.03740 0.04820 -0.99286 0.03713 0.04997 -0.99394 0.04603 0.05564 -0.99991 -0.03509 0.05084 -0.99258 -0.02760 0.04630 -0.98820 -0.02565 0.50441 -0.98874 -0.01949 0.50648 -0.98604 -0.01182 0.50901 -0.99236 -0.01090 0.04285 -0.99403 -0.00543 0.04267 -0.98943 -0.00533 0.50869 -0.99662 0.00252 0.04324 -0.98909 0.00409 0.04181 -0.98987 0.00145 0.50852 -0.98929 0.01310 0.04270 -0.98883 0.00689 0.50872 -0.98328 0.02258 0.50692 -0.98855 0.03173 0.04689 -0.99153 0.03458 0.49801 -0.99246 0.03951 0.49404 -1.00393 -0.04159 0.05518 -0.99336 -0.03625 0.49617 -0.99800 -0.02736 0.49900 -1.00369 -0.02421 0.04755 -0.99806 -0.01767 0.04503 -0.99336 -0.00535 0.50717 -0.99300 0.01785 0.50449 -0.99465 0.01908 0.04450 -0.99914 0.01587 0.50229 -0.99428 0.03182 0.04810 -0.99933 0.03046 0.49684 -1.00188 0.03851 0.49066 -0.99255 0.04121 0.05211 -0.99839 0.04234 0.05408 -1.00574 -0.04762 0.06018 -1.01016 -0.03783 0.48724 -1.00001 -0.03930 0.05266 -1.00037 -0.03717 0.49201 -1.00194 -0.02880 0.04850 -0.99440 -0.01908 0.50416 -0.99982 -0.00734 0.04400 -0.99418 -0.01080 0.50617 -0.99302 0.00834 0.50629 -1.00018 0.01433 0.04477 -0.99848 0.01155 0.50370 -0.99942 0.02319 0.04634 -1.00174 0.03705 0.05200 -1.00662 0.04163 0.48600 -1.00195 -0.04523 0.05696 -1.01463 -0.01758 0.04885 -1.00056 -0.01963 0.50135 -0.99772 -0.00573 0.50488 -0.99966 -0.01461 0.50312 -1.00195 -0.00253 0.50296 -1.00418 0.01899 0.04617 -1.00671 0.02228 0.04756 -1.00814 0.02338 0.49667 -1.00510 0.02938 0.04951 -1.01003 0.03423 0.49038 -1.00616 0.03347 0.05122 -1.00462 0.04319 0.05647 -1.00795 0.03799 0.48871 -1.01921 -0.03923 0.48230 -1.01321 -0.04159 0.05785 -1.01723 -0.03605 0.05586 -1.01298 -0.03276 0.48988 -1.01044 -0.02738 0.05021 -1.01157 -0.01943 0.49655 -1.00637 -0.01434 0.49969 -1.00920 -0.00944 0.04612 -1.00659 -0.00048 0.04515 -1.00524 0.00788 0.04511 -1.00558 0.01722 0.49929 -1.00867 0.01560 0.04671 -1.01496 0.01466 0.49661 -1.01165 0.03261 0.05250 -1.00830 0.02973 0.49378 -1.01553 0.03700 0.48562 -1.00909 0.03844 0.05466 -1.02112 0.03950 0.48132 -1.00980 0.04673 0.06078 -1.01748 -0.04846 0.06469 -1.02412 -0.04067 0.06095 -1.01809 -0.03180 0.48823 -1.01627 -0.02759 0.49157 -1.01107 -0.02713 0.49344 -1.01585 -0.00896 0.04753 -1.01337 -0.00762 0.04668 -1.01168 -0.00877 0.49877 -1.01442 -0.00254 0.04691 -1.00705 0.00228 0.50071 -1.01368 0.00759 0.49806 -1.02190 0.00738 0.04925 -1.01224 0.00710 0.04665 -1.01159 0.01322 0.49837 -1.01550 0.01399 0.04816 -1.01472 0.02297 0.04997 -1.01412 0.02281 0.49459 -1.01621 0.02846 0.05195 -1.01863 0.02721 0.49062 -1.02233 0.02909 0.05416 -1.01765 0.03894 0.05778 -1.03066 -0.04064 0.47571 -1.02656 -0.03424 0.48291 -1.01402 -0.03123 0.05260 -1.02080 -0.03557 0.48476 -1.01949 -0.02277 0.49212 -1.01502 -0.01531 0.49626 -1.02066 -0.00347 0.04854 -1.01414 -0.00696 0.49809 -1.01960 0.01560 0.04951 -1.02152 0.01735 0.49330 -1.01950 0.03127 0.48810 -1.02241 0.03567 0.48394 -1.02427 0.02987 0.48683 -1.02075 0.03451 0.05593 -1.02560 0.03764 0.48100 -1.02588 0.04081 0.47780 -1.01728 0.04722 0.06376 -1.02606 -0.05119 0.07052 -1.02886 -0.04570 0.06636 -1.02381 -0.03716 0.05827 -1.02580 -0.02562 0.05408 -1.02212 -0.00957 0.04942 -1.02041 -0.01500 0.49428 -1.01888 -0.00567 0.49610 -1.02345 0.00993 0.49420 -1.03095 0.00918 0.49098 -1.03075 0.02853 0.05635 -1.02225 0.03474 0.05650 -1.02722 0.03346 0.48327 -1.02745 0.03852 0.47938 -1.02830 0.04357 0.06476 -1.02902 0.04113 0.47575 -1.03830 -0.04990 0.07443 -1.03407 -0.04940 0.07166 -1.03781 -0.04650 0.07076 -1.03904 -0.04051 0.06637 -1.04069 -0.03276 0.06247 -1.03832 -0.03459 0.47733 -1.02844 -0.03377 0.05821 -1.02789 -0.02498 0.48746 -1.03526 -0.01991 0.05530 -1.03079 -0.02018 0.05378 -1.02540 -0.01513 0.49193 -1.03042 -0.01348 0.05260 -1.02870 -0.00209 0.05100 -1.02776 -0.00520 0.49256 -1.02147 0.00406 0.49538 -1.02689 0.01128 0.05087 -1.02801 0.00334 0.49289 -1.02587 0.01761 0.05178 -1.02691 0.01886 0.49056 -1.02643 0.02288 0.05303 -1.02997 0.02321 0.05423 -1.03012 0.02428 0.48713 -1.02735 0.02331 0.48882 -1.03232 0.02747 0.48431 -1.02858 0.03534 0.05906 -1.03197 0.03592 0.47890 -1.03782 0.03536 0.06210 -1.03417 0.03924 0.06335 -1.03723 0.03848 0.47418 -1.03654 0.04826 0.07220 -1.04407 -0.05531 0.08431 -1.04181 -0.03713 0.47387 -1.03573 -0.02797 0.05812 -1.03444 -0.02907 0.48288 -1.03597 -0.02417 0.05667 -1.03458 -0.01472 0.48797 -1.03582 -0.02357 0.48498 -1.04144 -0.01172 0.05616 -1.03499 -0.00140 0.48976 -1.03428 -0.00516 0.05271 -1.03481 0.01711 0.48731 -1.03649 0.03079 0.05924 -1.03713 0.02964 0.48093 -1.03563 0.02903 0.48198 -1.04040 0.03191 0.06118 -1.03808 0.03310 0.06067 -1.04025 0.03004 0.47913 -1.03805 0.03501 0.47693 -1.04010 0.05508 0.08171 -1.04876 -0.05071 0.08104 -1.05023 -0.04548 0.07626 -1.04974 -0.04107 0.07185 -1.04566 -0.03618 0.06607 -1.04632 -0.03533 0.47312 -1.04824 -0.02798 0.47716 -1.04029 -0.02816 0.48079 -1.03842 -0.02585 0.48301 -1.03846 -0.00602 0.05425 -1.03578 0.00378 0.48968 -1.03212 0.00925 0.05252 -1.03603 0.01842 0.05526 -1.04698 0.00806 0.48380 -1.03586 0.02501 0.05678 -1.04429 0.02476 0.06026 -1.04079 0.02248 0.48267 -1.04397 0.03317 0.47519 -1.04795 0.03458 0.47238 -1.04262 0.04053 0.06787 -1.04792 0.04186 0.07099 -1.04674 0.04833 0.07689 -1.04085 0.05178 0.07788 -1.05238 -0.05299 0.08586 -1.05418 -0.05576 0.09124 -1.04896 -0.03768 0.06854 -1.04274 -0.04001 0.47056 -1.04776 -0.03748 0.47066 -1.05553 -0.03174 0.06827 -1.04522 -0.02097 0.05970 -1.04234 -0.02120 0.48286 -1.03986 0.00369 0.48755 -1.03790 0.00121 0.05393 -1.04786 0.01589 0.48209 -1.05090 0.02136 0.47882 -1.04534 0.03326 0.06424 -1.05197 0.02847 0.47481 -1.04740 0.04427 0.07306 -1.04335 0.04033 0.46913 -1.06380 -0.04964 0.08906 -1.06108 -0.04523 0.08216 -1.06783 -0.03684 0.07934 -1.05522 -0.03602 0.46784 -1.05325 -0.03087 0.47321 -1.05182 -0.02939 0.47515 -1.05394 -0.02128 0.06325 -1.05119 -0.00728 0.05954 -1.04427 -0.00868 0.48501 -1.05137 -0.00018 0.05890 -1.04600 -0.00020 0.05691 -1.04780 0.00572 0.05761 -1.04515 0.01099 0.05750 -1.05306 0.01079 0.48118 -1.05027 0.01827 0.06078 -1.05336 0.02205 0.06312 -1.05332 0.02409 0.47690 -1.05307 0.03450 0.46985 -1.05759 0.03665 0.46572 -1.05379 0.03985 0.07268 -1.05217 0.05096 0.08316 -1.05749 -0.03624 0.07198 -1.06009 -0.02328 0.06681 -1.05112 -0.02649 0.06381 -1.05467 -0.02794 0.47456 -1.05610 -0.02332 0.47597 -1.05214 -0.01706 0.47993 -1.05930 -0.01269 0.06410 -1.04701 -0.00115 0.48460 -1.05100 0.00541 0.05898 -1.05557 0.00238 0.48100 -1.05788 0.01314 0.06328 -1.05790 0.02144 0.47597 -1.05345 0.02871 0.06576 -1.05208 0.03517 0.06851 -1.06095 0.03084 0.46903 -1.05704 0.04509 0.07912 -1.07026 -0.04408 0.08664 -1.06465 -0.05259 0.09373 -1.06825 -0.04183 0.08305 -1.05936 -0.03406 0.07129 -1.06449 -0.02562 0.47059 -1.06087 -0.02736 0.06862 -1.05613 -0.01345 0.47944 -1.05385 -0.00659 0.48121 -1.05712 -0.00476 0.06185 -1.05538 0.00119 0.06087 -1.05917 0.00476 0.47951 -1.05764 0.01131 0.47919 -1.05928 0.01498 0.47762 -1.06050 0.01857 0.06522 -1.05594 0.01931 0.47792 -1.06034 0.02256 0.06661 -1.05810 0.02765 0.47258 -1.06336 0.03138 0.07223 -1.06618 0.03672 0.46148 -1.06493 0.03873 0.07816 -1.06733 0.04410 0.08448 -1.06195 0.04564 0.08226 -1.06088 0.04719 0.08350 -1.05902 0.05312 0.09063 -1.06391 -0.05536 0.09758 -1.07521 -0.04559 0.09216 -1.06521 -0.03240 0.07401 -1.07566 -0.03902 0.08566 -1.06905 -0.03417 0.46235 -1.06700 -0.02558 0.07144 -1.05971 -0.01558 0.47700 -1.06827 -0.02029 0.06997 -1.06457 -0.01761 0.06730 -1.06267 -0.00501 0.47767 -1.07009 -0.01322 0.06949 -1.06134 0.00011 0.06399 -1.06793 0.00704 0.06769 -1.06309 0.01871 0.06661 -1.06678 0.02262 0.47117 -1.06934 0.03114 0.07495 -1.06595 0.02894 0.46807 -1.06433 0.03471 0.46414 -1.06466 0.04909 0.08867 -1.07306 0.05145 0.09860 -1.07824 -0.04916 0.09982 -1.07147 -0.05557 0.10418 -1.07223 -0.04840 0.09327 -1.07466 -0.03765 0.45607 -1.07051 -0.03230 0.07737 -1.07683 -0.02874 0.46307 -1.07064 -0.02180 0.07173 -1.06791 -0.01467 0.47376 -1.07305 -0.00764 0.47313 -1.06881 -0.00381 0.06800 -1.06534 0.00449 0.47668 -1.06790 0.01223 0.47446 -1.06674 0.01523 0.06793 -1.07719 0.01171 0.47059 -1.06964 0.02211 0.07147 -1.07190 0.02759 0.46607 -1.06966 0.03483 0.46129 -1.07635 0.03083 0.46133 -1.07959 0.04094 0.08993 -1.07399 0.04626 0.09185 -1.06897 0.05615 0.10328 -1.07950 -0.04075 0.09007 -1.08081 -0.03418 0.08586 -1.07852 -0.03353 0.45838 -1.07810 -0.02183 0.46662 -1.07500 -0.01826 0.07370 -1.07174 -0.01367 0.47271 -1.07549 -0.00681 0.07180 -1.07645 -0.01171 0.07289 -1.07550 0.00209 0.47268 -1.07348 0.00870 0.47307 -1.07469 0.01367 0.07224 -1.07516 0.02470 0.07545 -1.07736 0.02260 0.46674 -1.07505 0.02044 0.46868 -1.07153 0.02851 0.07497 -1.08014 0.02464 0.46409 -1.07227 0.03270 0.07801 -1.07461 0.03790 0.08351 -1.08510 0.04447 0.09869 -1.07391 0.05365 0.10246 -1.08804 -0.03971 0.09630 -1.08856 -0.03366 0.09114 -1.08583 -0.03565 0.45229 -1.09127 -0.02512 0.08842 -1.08748 -0.02909 0.45751 -1.08473 -0.02401 0.46242 -1.08192 -0.01695 0.07806 -1.08282 -0.00750 0.07682 -1.07325 -0.01672 0.47088 -1.07701 0.00296 0.07274 -1.07612 -0.00377 0.47264 -1.08065 0.01205 0.07553 -1.07890 0.01532 0.07484 -1.08267 0.01663 0.46675 -1.07779 0.02751 0.07852 -1.08556 0.02816 0.45874 -1.08281 0.03179 0.08467 -1.09013 0.03016 0.45519 -1.08048 0.03718 0.08681 -1.08726 0.04911 0.10702 -1.07993 0.05128 0.10360 -1.07827 0.05318 0.10559 -1.08651 -0.05176 0.11099 -1.07994 -0.05496 0.11097 -1.09159 -0.04736 0.10844 -1.09006 -0.03710 0.44848 -1.08900 -0.03228 0.45431 -1.07786 -0.02545 0.07882 -1.08856 -0.02128 0.08411 -1.08648 -0.01837 0.46457 -1.07847 -0.00532 0.47141 -1.08283 0.00257 0.46949 -1.08641 0.00609 0.07887 -1.08450 0.01358 0.07833 -1.08263 0.01197 0.46840 -1.08054 0.01969 0.07736 -1.08730 0.02054 0.46288 -1.08287 0.02603 0.08135 -1.09071 0.02877 0.08861 -1.09130 0.03244 0.09157 -1.08504 0.03643 0.08967 -1.08555 0.03486 0.45263 -1.09096 0.03790 0.09610 -1.08616 0.05367 0.11442 -1.08586 -0.05426 0.11497 -1.08887 -0.05336 0.11627 -1.09796 -0.04663 0.11345 -1.09555 -0.05028 0.11765 -1.08937 -0.04565 0.10382 -1.09461 -0.04143 0.10373 -1.09792 -0.03207 0.09724 -1.09392 -0.03524 0.44853 -1.09484 -0.03085 0.45262 -1.09369 -0.02887 0.09163 -1.08678 -0.01554 0.46570 -1.08244 -0.01247 0.46814 -1.09046 -0.00478 0.08156 -1.08925 -0.01396 0.08249 -1.08847 -0.00105 0.07986 -1.08230 -0.00366 0.46975 -1.09384 0.01227 0.46300 -1.08899 0.01534 0.08205 -1.09450 0.01994 0.45993 -1.08924 0.02381 0.08517 -1.09716 0.02493 0.45575 -1.09366 0.03217 0.45148 -1.09398 0.04071 0.10165 -1.09712 0.04350 0.10805 -1.09321 0.04674 0.10852 -1.09751 -0.05519 0.13091 -1.10472 -0.04518 0.11838 -1.10182 -0.03366 0.10239 -1.09408 -0.04434 0.10618 -1.10037 -0.03558 0.44438 -1.10015 -0.02681 0.09582 -1.09707 -0.02533 0.45564 -1.08971 -0.01356 0.46468 -1.08868 -0.00456 0.46663 -1.09264 0.00253 0.08284 -1.08794 0.00673 0.46674 -1.09319 0.00990 0.08395 -1.10208 0.01233 0.45932 -1.09809 0.01655 0.08917 -1.09680 0.02141 0.45845 -1.09917 0.02524 0.09367 -1.09811 0.02913 0.45241 -1.10065 0.03131 0.44897 -1.10271 0.03632 0.10513 -1.09551 0.04700 0.11132 -1.09566 0.04953 0.11608 -1.09564 0.05228 0.12155 -1.08990 0.05584 0.12349 -1.10657 -0.04764 0.12507 -1.10292 -0.05180 0.12934 -1.10177 -0.04267 0.11162 -1.10980 -0.03389 0.11016 -1.10158 -0.02918 0.09790 -1.10278 -0.03122 0.44804 -1.10049 -0.02956 0.45106 -1.10391 -0.02622 0.45175 -1.09368 -0.01763 0.08655 -1.09516 -0.01817 0.46007 -1.09703 -0.01072 0.08737 -1.09499 -0.00892 0.46318 -1.09700 -0.00227 0.08634 -1.09510 -0.00172 0.46405 -1.09960 0.00294 0.08797 -1.09725 0.00350 0.46300 -1.09833 0.00728 0.08743 -1.09964 0.01204 0.08900 -1.10041 0.02118 0.09240 -1.09917 0.01915 0.45829 -1.10230 0.02805 0.45119 -1.09863 0.03228 0.09778 -1.10337 0.02962 0.44942 -1.10437 0.03400 0.44355 -1.10488 0.03952 0.11028 -1.10469 0.04473 0.11773 -1.10399 0.04882 0.12413 -1.10091 0.05264 0.12897 -1.10646 -0.05343 0.13813 -1.10699 -0.05193 0.13443 -1.10496 -0.04351 0.11564 -1.10508 -0.02802 0.10063 -1.10584 -0.03389 0.44330 -1.11164 -0.03123 0.44287 -1.10739 -0.01581 0.09731 -1.10395 -0.02073 0.45508 -1.10190 -0.01605 0.09286 -1.10653 -0.01402 0.45644 -1.09956 -0.01387 0.09030 -1.10279 -0.00338 0.09108 -1.10477 0.00220 0.09225 -1.10345 0.00505 0.46016 -1.10220 0.00352 0.09018 -1.10198 0.01050 0.09072 -1.10549 0.01660 0.45587 -1.10428 0.01420 0.09346 -1.10377 0.01939 0.09459 -1.11122 0.01929 0.10144 -1.10810 0.02361 0.45092 -1.10799 0.02922 0.44682 -1.11282 0.02959 0.44352 -1.10733 0.04069 0.11436 -1.11033 0.05144 0.13866 -1.11177 -0.04774 0.13149 -1.10942 -0.04186 0.11825 -1.11109 -0.03820 0.11546 -1.11579 -0.03852 0.12084 -1.11939 -0.03292 0.11886 -1.11189 -0.01924 0.10263 -1.11201 -0.02620 0.44752 -1.10741 -0.00757 0.09555 -1.10970 -0.01066 0.09762 -1.10243 -0.00523 0.46022 -1.10750 0.00583 0.09506 -1.11178 0.00677 0.09857 -1.10583 0.00753 0.45898 -1.10836 0.01465 0.09717 -1.10808 0.02793 0.10335 -1.11125 0.02623 0.44770 -1.11454 0.03066 0.11138 -1.11234 0.03649 0.11424 -1.11563 0.04360 0.12834 -1.11054 0.04849 0.13148 -1.11825 0.05110 0.14875 -1.11480 -0.05328 0.15007 -1.11134 -0.05018 0.13613 -1.11896 -0.04640 0.13803 -1.11924 -0.03274 0.43671 -1.11497 -0.02878 0.11049 -1.12071 -0.02596 0.11453 -1.12088 -0.02588 0.44278 -1.11414 -0.02553 0.10792 -1.11639 -0.02364 0.44724 -1.11551 -0.01859 0.45032 -1.11330 -0.01393 0.10164 -1.11272 -0.00593 0.45557 -1.11345 -0.01155 0.10107 -1.11277 -0.00760 0.09993 -1.11431 -0.00122 0.45564 -1.11631 -0.00145 0.10264 -1.10802 -0.00041 0.45834 -1.11340 0.00271 0.10000 -1.11076 0.00500 0.45660 -1.11560 0.00692 0.10203 -1.11539 0.01375 0.45185 -1.11321 0.01020 0.10051 -1.11578 0.01365 0.10361 -1.11829 0.02512 0.44412 -1.12106 0.02100 0.11161 -1.12488 0.02594 0.44065 -1.11863 0.03333 0.11759 -1.11581 0.03560 0.11643 -1.11626 0.03603 0.11753 -1.11803 0.03732 0.12185 -1.11286 0.03340 0.43881 -1.12623 0.03772 0.13151 -1.12085 0.04502 0.13742 -1.13098 -0.03782 0.13760 -1.11993 -0.04126 0.13010 -1.12044 -0.03654 0.12376 -1.13295 -0.03430 0.13547 -1.12383 -0.03309 0.43373 -1.11805 -0.00749 0.10499 -1.11849 0.00480 0.45316 -1.11884 0.00632 0.10534 -1.12133 0.00769 0.45121 -1.11831 0.01546 0.10657 -1.12444 0.02001 0.44507 -1.12225 0.03195 0.43492 -1.12460 0.04099 0.13429 -1.12221 0.04739 0.14453 -1.12229 0.05168 0.15714 -1.12045 -0.04900 0.14634 -1.12830 -0.03157 0.12732 -1.12939 -0.03083 0.43305 -1.12969 -0.01729 0.11868 -1.12889 -0.01797 0.44427 -1.12505 -0.01774 0.11416 -1.12426 -0.01413 0.44859 -1.12102 -0.01444 0.10942 -1.12142 -0.00875 0.45127 -1.12591 -0.00443 0.11183 -1.12726 -0.01084 0.11403 -1.11777 -0.00147 0.45400 -1.12306 0.00015 0.10889 -1.13238 0.00403 0.11834 -1.12645 0.00515 0.11233 -1.12294 0.01293 0.11031 -1.12900 0.01801 0.44427 -1.12670 0.02350 0.44186 -1.13115 0.02370 0.43949 -1.12911 0.02805 0.12460 -1.13167 0.03195 0.13086 -1.12972 0.03799 0.13576 -1.13104 0.04280 0.14626 -1.12987 0.04640 0.15321 -1.12353 0.04975 0.15259 -1.13020 0.05113 0.16909 -1.12590 -0.05033 0.15859 -1.13232 -0.03916 0.14145 -1.13136 -0.04275 0.14724 -1.13297 -0.04626 0.15779 -1.13736 -0.02877 0.13430 -1.13186 -0.02679 0.12654 -1.13706 -0.02423 0.13039 -1.13782 -0.02918 0.43043 -1.13489 -0.02788 0.43372 -1.13097 -0.02318 0.12345 -1.13269 -0.02471 0.43766 -1.12885 -0.01602 0.11683 -1.12907 -0.00939 0.44774 -1.13014 -0.01251 0.11724 -1.12586 -0.00027 0.45000 -1.12519 0.01255 0.44769 -1.12793 0.01297 0.11518 -1.13556 0.01127 0.44360 -1.12892 0.01736 0.11736 -1.12333 0.02693 0.11734 -1.13293 0.01804 0.44246 -1.13107 0.02113 0.44168 -1.13786 0.03290 0.13923 -1.13084 0.02788 0.43494 -1.13059 0.03958 0.13960 -1.13397 0.04776 0.16382 -1.13576 0.05050 0.17682 -1.14001 -0.03410 0.14373 -1.14378 -0.02840 0.14154 -1.14187 -0.03188 0.42362 -1.14081 -0.02491 0.13479 -1.14017 -0.02532 0.43335 -1.14171 -0.01833 0.43754 -1.13555 -0.01194 0.44378 -1.13358 -0.01607 0.12228 -1.13009 -0.00506 0.44833 -1.13079 -0.00501 0.11659 -1.12957 0.00035 0.11496 -1.13215 0.00402 0.44681 -1.13338 0.01347 0.12071 -1.13427 0.01628 0.12223 -1.13731 0.02015 0.43854 -1.13193 0.01956 0.12166 -1.14534 0.02134 0.43391 -1.13956 0.03703 0.14713 -1.13972 0.04076 0.15416 -1.13370 0.04328 0.15074 -1.14368 0.04286 0.16534 -1.14487 0.04611 0.17766 -1.14250 -0.04756 0.17839 -1.14186 -0.04959 0.18647 -1.14166 -0.04450 0.16658 -1.13744 -0.04795 0.17057 -1.14028 -0.04253 0.15920 -1.14385 -0.02506 0.13847 -1.14312 -0.02788 0.42883 -1.14587 -0.01891 0.13694 -1.14329 -0.02279 0.43403 -1.14125 -0.01544 0.13034 -1.13656 -0.01494 0.12496 -1.13973 -0.01082 0.12699 -1.13385 -0.00441 0.44639 -1.13559 -0.00787 0.12237 -1.13887 0.00107 0.44413 -1.14413 -0.00400 0.13076 -1.13595 0.01444 0.12359 -1.13893 0.00646 0.12556 -1.14622 0.01041 0.43900 -1.13839 0.01459 0.12649 -1.13893 0.02530 0.13305 -1.14421 0.01748 0.43710 -1.13855 0.02904 0.13551 -1.14133 0.02542 0.43208 -1.14296 0.02971 0.42586 -1.13999 0.04940 0.18052 -1.13987 -0.03750 0.14860 -1.14925 -0.03194 0.15302 -1.14775 -0.02338 0.43094 -1.14149 -0.01998 0.13238 -1.14886 -0.01112 0.43758 -1.14493 -0.00999 0.13233 -1.14221 -0.00718 0.44177 -1.14745 0.00004 0.13366 -1.14403 -0.00112 0.44201 -1.14401 0.00476 0.13048 -1.14326 0.01136 0.13095 -1.14952 0.01616 0.43532 -1.13886 0.01955 0.12938 -1.14828 0.01632 0.13828 -1.15036 0.02055 0.43199 -1.14433 0.02536 0.13917 -1.14977 0.02535 0.14561 -1.15125 0.02505 0.42697 -1.14986 0.03025 0.15081 -1.14968 0.02978 0.42172 -1.14915 0.03495 0.15626 -1.15152 0.03741 0.16419 -1.14330 0.04891 0.18555 -1.14833 -0.04940 0.20006 -1.14792 -0.04477 0.17853 -1.15624 -0.04678 0.20537 -1.14599 -0.03798 0.15790 -1.14905 -0.03863 0.16304 -1.15214 -0.03692 0.16440 -1.14936 -0.04029 0.16786 -1.16009 -0.03168 0.41061 -1.15074 -0.02662 0.14841 -1.14728 -0.02735 0.42690 -1.15490 -0.02462 0.42525 -1.15141 -0.01273 0.14016 -1.14858 -0.00936 0.13627 -1.15460 -0.00938 0.43562 -1.14955 -0.00082 0.13607 -1.14322 0.00401 0.44193 -1.14792 0.00547 0.13479 -1.15080 0.01002 0.13847 -1.15476 0.01199 0.43462 -1.15118 0.01070 0.43712 -1.15587 0.03063 0.15847 -1.16072 0.03431 0.17149 -1.15039 0.04212 0.17402 -1.15720 0.04017 0.18062 -1.14782 0.04938 0.19912 -1.15562 0.04701 0.20560 -1.16033 -0.03480 0.17283 -1.15792 -0.04019 0.18225 -1.15451 -0.04305 0.18437 -1.15694 -0.03142 0.16259 -1.16104 -0.02256 0.15824 -1.15454 -0.02924 0.41911 -1.14927 -0.02562 0.14525 -1.15462 -0.02117 0.42928 -1.15413 -0.01618 0.43286 -1.15448 -0.00834 0.14242 -1.15459 -0.00204 0.14175 -1.15015 -0.00184 0.43876 -1.15318 0.00586 0.14037 -1.15077 0.00883 0.43798 -1.15239 0.01130 0.14049 -1.15567 0.01162 0.14456 -1.15559 0.01830 0.14744 -1.15615 0.01792 0.43062 -1.15004 0.02169 0.14290 -1.15722 0.02216 0.42703 -1.15879 0.02156 0.15366 -1.15827 0.02696 0.15730 -1.15657 0.02566 0.42335 -1.15669 0.02418 0.42534 -1.15940 0.03191 0.16534 -1.15658 0.02928 0.41756 -1.15716 0.03794 0.17419 -1.16363 0.04018 0.19276 -1.15167 0.04655 0.19333 -1.16325 0.04564 0.21843 -1.16631 -0.04662 0.23779 -1.16341 -0.04179 0.19762 -1.15698 -0.04360 0.19193 -1.16694 -0.02785 0.17111 -1.16609 -0.03156 0.17470 -1.16727 -0.03251 0.40362 -1.16388 -0.02568 0.16447 -1.16549 -0.02356 0.41912 -1.15674 -0.02130 0.15127 -1.15908 -0.01893 0.42842 -1.15138 -0.02175 0.14512 -1.15850 -0.01098 0.43327 -1.15477 -0.01332 0.14460 -1.16071 -0.00357 0.14914 -1.15517 -0.00060 0.43685 -1.16129 0.00159 0.14904 -1.15482 0.00507 0.43636 -1.15908 0.00430 0.14696 -1.16169 0.00885 0.43165 -1.15990 0.01992 0.42748 -1.16160 0.02237 0.42372 -1.16284 0.02719 0.16332 -1.15991 0.04388 0.19908 -1.16615 0.04558 0.22671 -1.16994 0.04491 0.23484 -1.16518 -0.04249 0.20469 -1.16479 -0.04586 0.22354 -1.16761 -0.03446 0.18405 -1.16733 -0.03260 0.17842 -1.17052 -0.02955 0.17801 -1.17777 -0.02826 0.40383 -1.17132 -0.02604 0.41259 -1.17075 -0.01955 0.16815 -1.16751 -0.01830 0.16283 -1.16430 -0.01856 0.42524 -1.16083 -0.01437 0.15265 -1.16634 -0.00634 0.15642 -1.16269 0.00347 0.15105 -1.16228 0.01189 0.15279 -1.15967 0.01747 0.15173 -1.16380 0.01645 0.42735 -1.16330 0.02335 0.16029 -1.16565 0.01872 0.42495 -1.16601 0.02556 0.41619 -1.16661 0.03325 0.17848 -1.16303 0.03102 0.40969 -1.17100 0.03740 0.19686 -1.16520 0.04375 0.21115 -1.17464 0.03979 0.21594 -1.17589 0.04364 0.24606 -1.16627 -0.04405 0.21509 -1.17359 -0.04241 0.22619 -1.17028 -0.04421 0.22752 -1.17017 -0.04457 0.23061 -1.16808 -0.03823 0.19591 -1.17483 -0.03892 0.21191 -1.17019 -0.04215 0.21466 -1.17274 -0.03062 0.18347 -1.17055 -0.03335 0.39863 -1.17448 -0.02495 0.17854 -1.17641 -0.02078 0.41587 -1.16351 -0.01211 0.42962 -1.16988 -0.01182 0.16287 -1.15906 -0.00406 0.43437 -1.16978 -0.00404 0.16021 -1.16173 0.00193 0.43321 -1.16742 0.00242 0.15707 -1.16790 0.00981 0.15883 -1.16861 0.00956 0.42760 -1.16781 0.01664 0.16193 -1.17090 0.01656 0.42272 -1.16705 0.02306 0.16488 -1.17524 0.02310 0.41296 -1.16750 0.02509 0.16721 -1.16641 0.02733 0.16859 -1.16807 0.02935 0.17432 -1.16865 0.02829 0.41021 -1.17100 0.03068 0.18091 -1.16989 0.03254 0.18213 -1.17063 0.03273 0.18586 -1.17071 0.03137 0.40208 -1.17294 0.03534 0.19538 -1.16628 0.04186 0.20469 -1.17700 0.04103 0.22898 -1.18137 0.04071 0.24061 -1.17197 0.04529 0.24716 -1.17238 -0.04405 0.23448 -1.17709 -0.04263 0.24075 -1.17322 -0.04485 0.24942 -1.17580 -0.04451 0.26057 -1.17823 -0.04391 0.26763 -1.18214 -0.04173 0.25424 -1.17961 -0.04337 0.26467 -1.17916 -0.02776 0.19142 -1.17892 -0.03365 0.20280 -1.17755 -0.03316 0.39210 -1.17492 -0.02852 0.18337 -1.17593 -0.02916 0.18600 -1.17228 -0.02337 0.17299 -1.17692 -0.02454 0.41134 -1.17256 -0.01461 0.16705 -1.17504 -0.01171 0.42302 -1.17320 -0.00004 0.16446 -1.16912 -0.00119 0.42885 -1.17514 0.01189 0.42381 -1.17539 0.00717 0.42491 -1.17178 0.00800 0.16335 -1.17560 0.01182 0.17006 -1.17836 0.01203 0.42183 -1.17167 0.02200 0.17105 -1.17735 0.01690 0.41903 -1.18104 0.03113 0.39395 -1.17618 0.03579 0.20392 -1.18732 0.03934 0.25227 -1.17463 0.04459 0.25258 -1.18055 0.04280 0.26107 -1.18220 -0.04263 0.27786 -1.18525 -0.03349 0.21481 -1.18167 -0.03791 0.22385 -1.18479 -0.04133 0.26535 -1.18323 -0.04245 0.30238 -1.18809 -0.04066 0.30827 -1.18468 -0.04177 0.31290 -1.18106 -0.03093 0.19927 -1.18429 -0.03012 0.39401 -1.18675 -0.02788 0.39736 -1.18776 -0.01988 0.19502 -1.17485 -0.02103 0.17466 -1.18207 -0.02209 0.41110 -1.18699 -0.01483 0.41475 -1.18470 -0.00970 0.41943 -1.17551 -0.01189 0.17034 -1.18081 -0.00365 0.17605 -1.17435 -0.00541 0.42616 -1.17613 -0.00480 0.16899 -1.17762 -0.00223 0.42473 -1.17777 0.00313 0.17083 -1.17524 0.00609 0.16735 -1.18455 0.01510 0.41617 -1.17932 0.01652 0.17787 -1.19034 0.01438 0.41352 -1.18232 0.02156 0.41085 -1.17713 0.02393 0.18175 -1.18234 0.02638 0.40319 -1.18267 0.02866 0.19918 -1.18679 0.03284 0.21767 -1.18853 0.03468 0.22871 -1.18526 0.03758 0.23209 -1.18245 0.04181 0.25566 -1.18619 0.04085 0.26994 -1.18305 0.04226 0.28067 -1.18147 0.04300 0.29073 -1.18515 0.04167 0.30308 -1.18325 -0.03910 0.23473 -1.18887 -0.03707 0.23948 -1.18886 -0.04042 0.28933 -1.18742 -0.03098 0.21072 -1.19041 -0.03437 0.23106 -1.18423 -0.02810 0.19900 -1.18819 -0.02527 0.20201 -1.18479 -0.03004 0.20386 -1.18566 -0.03252 0.38489 -1.18668 -0.02284 0.40684 -1.18743 -0.01986 0.41045 -1.17907 -0.01629 0.17890 -1.18501 -0.00659 0.18307 -1.18665 -0.01381 0.18916 -1.18416 -0.00470 0.42119 -1.18561 0.00297 0.18269 -1.18131 0.00757 0.17696 -1.18547 0.00445 0.42036 -1.18465 0.01261 0.18326 -1.18699 0.01373 0.18694 -1.18843 0.01415 0.41570 -1.18202 0.01827 0.18269 -1.18461 0.01776 0.18642 -1.18802 0.02028 0.40864 -1.19069 0.02093 0.20099 -1.18451 0.02865 0.39731 -1.18855 0.02431 0.40251 -1.18742 0.03220 0.38389 -1.18933 0.03775 0.24632 -1.19263 0.03679 0.34801 -1.19381 0.03848 0.29615 -1.18635 -0.03910 0.24568 -1.18601 -0.04055 0.25918 -1.19085 -0.03816 0.25786 -1.19039 -0.03952 0.27458 -1.18716 -0.04088 0.31423 -1.19319 -0.03860 0.31663 -1.18924 -0.03972 0.32451 -1.19717 -0.03667 0.32967 -1.19503 -0.03464 0.24610 -1.19081 -0.03828 0.33883 -1.18785 -0.02819 0.20522 -1.18998 -0.02816 0.20986 -1.18934 -0.03061 0.21403 -1.19119 -0.03325 0.37422 -1.19268 -0.02808 0.39041 -1.19212 -0.02427 0.39939 -1.19387 -0.01867 0.40652 -1.19037 -0.01471 0.19430 -1.19821 -0.01056 0.41016 -1.19247 -0.01084 0.41431 -1.19184 -0.00567 0.41629 -1.18957 -0.00105 0.18923 -1.18853 0.00139 0.42001 -1.18819 0.00879 0.18744 -1.18779 0.01439 0.18938 -1.18973 0.01229 0.41575 -1.18524 0.02052 0.19219 -1.19383 0.02177 0.40217 -1.19094 0.02408 0.20515 -1.19092 0.02677 0.21118 -1.19162 0.02710 0.39377 -1.19490 0.02945 0.22596 -1.19336 0.03216 0.37642 -1.18858 0.03951 0.25950 -1.18719 0.04030 0.26306 -1.19665 0.03604 0.26711 -1.19403 0.03846 0.31224 -1.19545 0.03782 0.31740 -1.19037 0.03943 0.31954 -1.19018 0.03899 0.33131 -1.19465 0.03699 0.33839 -1.18888 0.03411 0.37461 -1.18638 -0.04138 0.29617 -1.18913 -0.04039 0.30157 -1.19806 -0.03137 0.23874 -1.19864 -0.03242 0.24434 -1.19711 -0.03642 0.27109 -1.19648 -0.03741 0.28404 -1.19732 -0.03716 0.30112 -1.20142 -0.03555 0.31399 -1.20223 -0.03512 0.32210 -1.19475 -0.03470 0.35936 -1.19320 -0.03412 0.36664 -1.19421 -0.02831 0.22043 -1.19602 -0.03050 0.23036 -1.20181 -0.03069 0.36808 -1.19987 -0.02963 0.37661 -1.19410 -0.03033 0.38218 -1.19660 -0.02118 0.21254 -1.20006 -0.02263 0.22186 -1.19352 -0.01553 0.20057 -1.19725 -0.00850 0.20263 -1.19879 -0.01328 0.20814 -1.19282 -0.00795 0.19492 -1.19506 -0.00948 0.19869 -1.19656 -0.00677 0.41344 -1.18848 -0.00094 0.41976 -1.19472 -0.00381 0.19626 -1.19028 0.00110 0.41850 -1.19047 0.00945 0.19245 -1.18899 0.00982 0.41704 -1.19478 0.00683 0.41375 -1.20293 0.00839 0.40830 -1.19378 0.01217 0.19972 -1.19438 0.01967 0.20539 -1.19507 0.02087 0.20881 -1.19532 0.01592 0.40794 -1.19645 0.02632 0.22149 -1.19620 0.02796 0.38741 -1.19752 0.02280 0.39740 -1.20050 0.02895 0.23938 -1.19155 0.03547 0.24069 -1.19441 0.03338 0.36830 -1.19249 0.03333 0.37301 -1.19522 0.02947 0.38361 -1.19706 0.03685 0.28290 -1.20404 0.03433 0.29446 -1.19279 0.03902 0.30486 -1.19931 0.03649 0.30833 -1.20248 0.03495 0.31934 -1.19939 0.03559 0.33132 -1.20336 -0.03436 0.28273 -1.20311 -0.03347 0.34147 -1.20069 -0.02663 0.23156 -1.20296 -0.02983 0.24792 -1.20815 -0.02790 0.25709 -1.19883 -0.03420 0.35191 -1.19734 -0.02432 0.21820 -1.19998 -0.02756 0.38329 -1.20469 -0.02272 0.38892 -1.20194 -0.01964 0.39855 -1.20323 -0.01622 0.40194 -1.19905 -0.00298 0.41219 -1.19582 -0.00466 0.19851 -1.20050 -0.00635 0.20808 -1.19860 0.00145 0.20434 -1.19422 0.00085 0.19629 -1.20402 0.00308 0.40874 -1.19820 0.01318 0.20771 -1.20096 0.01230 0.40702 -1.19483 0.01687 0.20361 -1.20309 0.01784 0.39960 -1.19907 0.01814 0.21405 -1.19917 0.02182 0.21886 -1.20007 0.02730 0.23287 -1.20226 0.02637 0.38375 -1.20031 0.03222 0.25037 -1.19745 0.03433 0.25412 -1.20082 0.03378 0.35029 -1.19892 0.03357 0.35703 -1.20068 0.02962 0.37476 -1.20172 -0.03412 0.26885 -1.20353 -0.03352 0.27268 -1.20100 -0.03570 0.28411 -1.20141 -0.03557 0.28540 -1.20244 -0.03508 0.29005 -1.20211 -0.03510 0.32697 -1.20687 -0.03305 0.32849 -1.20251 -0.03452 0.33361 -1.20226 -0.02834 0.23978 -1.21084 -0.02424 0.25234 -1.20378 -0.03190 0.26337 -1.21210 -0.03085 0.31643 -1.20656 -0.03059 0.35675 -1.20331 -0.02898 0.37393 -1.20756 -0.02619 0.37638 -1.20562 -0.01770 0.39845 -1.20560 -0.01904 0.22958 -1.20754 -0.01207 0.40201 -1.20080 -0.01502 0.21332 -1.20355 -0.01470 0.21970 -1.20611 -0.00794 0.40585 -1.20280 -0.00915 0.21371 -1.20314 -0.00532 0.40923 -1.20159 0.00595 0.21007 -1.20383 0.00084 0.21361 -1.20367 -0.00182 0.40955 -1.20540 0.00532 0.21665 -1.20346 0.00918 0.21504 -1.20746 0.01082 0.40299 -1.20850 0.01955 0.39192 -1.20283 0.02001 0.22435 -1.20323 0.02222 0.22974 -1.20211 0.02297 0.39228 -1.20517 0.02830 0.24962 -1.21145 0.02572 0.37152 -1.20923 0.03027 0.27500 -1.20529 0.03301 0.28010 -1.20869 0.03188 0.28994 -1.20771 0.03276 0.30427 -1.20509 0.03419 0.31197 -1.20965 0.03210 0.31407 -1.20350 0.03329 0.34329 -1.21186 -0.02769 0.27047 -1.21002 -0.03011 0.27831 -1.21090 -0.03097 0.29568 -1.21146 -0.03142 0.32368 -1.21411 -0.03014 0.32561 -1.20675 -0.02981 0.36311 -1.20692 -0.02358 0.24089 -1.21339 -0.01899 0.24797 -1.21091 -0.02767 0.36475 -1.21188 -0.02193 0.38212 -1.21050 -0.01582 0.39494 -1.20876 -0.01042 0.22743 -1.21183 -0.01388 0.23779 -1.21248 -0.00749 0.40020 -1.20736 -0.00368 0.22132 -1.21001 -0.00452 0.22658 -1.21241 -0.00489 0.23262 -1.21017 0.00140 0.22680 -1.20884 0.00145 0.22319 -1.20722 0.00599 0.22128 -1.20669 0.00710 0.40603 -1.21209 0.00465 0.40157 -1.20741 0.01119 0.22398 -1.20457 0.01447 0.22124 -1.20824 0.01191 0.22801 -1.21010 0.01720 0.39406 -1.21151 0.01404 0.39629 -1.20593 0.02204 0.23523 -1.20709 0.02260 0.23929 -1.21032 0.02229 0.24671 -1.20993 0.02187 0.38519 -1.20553 0.02970 0.25620 -1.20963 0.02793 0.26589 -1.20618 0.02974 0.36374 -1.21301 0.02700 0.36390 -1.21071 0.02386 0.37926 -1.20683 0.03114 0.35310 -1.21764 -0.02402 0.27707 -1.21647 -0.02669 0.28730 -1.21610 -0.02868 0.30000 -1.21792 -0.02761 0.30620 -1.21826 -0.02600 0.34749 -1.21560 -0.02667 0.35803 -1.21343 -0.02168 0.25205 -1.21579 -0.01991 0.25586 -1.21470 -0.02341 0.26399 -1.21845 -0.02648 0.29700 -1.21470 -0.02917 0.33455 -1.21777 -0.02509 0.36271 -1.21794 -0.02327 0.36874 -1.21559 -0.02162 0.37772 -1.21883 -0.01632 0.38304 -1.21518 -0.01291 0.24417 -1.21258 -0.01165 0.39769 -1.21463 -0.01126 0.24094 -1.21749 -0.00971 0.39335 -1.21438 -0.00262 0.23613 -1.21640 -0.00463 0.24233 -1.20816 -0.00243 0.40550 -1.21428 -0.00193 0.39993 -1.21363 0.00280 0.23548 -1.21672 0.00173 0.24139 -1.21565 0.00592 0.24056 -1.21380 0.00930 0.39832 -1.21508 0.00702 0.39855 -1.21170 0.01415 0.23866 -1.21183 0.01855 0.24323 -1.21269 0.02280 0.25365 -1.21220 0.02446 0.25855 -1.21371 0.02709 0.27378 -1.21542 0.02676 0.27890 -1.21327 0.02892 0.28469 -1.21047 0.03133 0.29713 -1.21431 0.02896 0.33433 -1.21866 0.02682 0.34434 -1.21363 0.02893 0.34714 -1.21489 0.02724 0.35694 -1.21714 0.02511 0.36322 -1.21720 0.02805 0.31151 -1.21822 -0.02772 0.31320 -1.21609 -0.02928 0.32292 -1.22241 -0.01978 0.27940 -1.21998 -0.02682 0.32620 -1.22237 -0.02483 0.33621 -1.21981 -0.02392 0.36354 -1.21819 -0.01895 0.26112 -1.22082 -0.01930 0.37525 -1.21857 -0.01224 0.25363 -1.21898 -0.01671 0.25899 -1.22088 -0.00126 0.25326 -1.21801 -0.00457 0.39546 -1.21755 0.00043 0.24328 -1.21903 -0.00072 0.24746 -1.21869 0.00058 0.39531 -1.21845 0.01070 0.25016 -1.21657 0.01142 0.39337 -1.21883 0.01307 0.25454 -1.22063 0.01004 0.38918 -1.21577 0.01457 0.24787 -1.21563 0.01849 0.25263 -1.21657 0.01934 0.25751 -1.21704 0.01589 0.38655 -1.21941 0.02190 0.27590 -1.21989 0.02257 0.36655 -1.22105 0.01702 0.37915 -1.21992 0.02392 0.28588 -1.21825 0.02638 0.29783 -1.22267 0.02460 0.31325 -1.22196 0.02492 0.32172 -1.21359 0.02997 0.32067 -1.22407 0.02324 0.34496 -1.22366 -0.02242 0.30295 -1.22243 -0.02251 0.35984 -1.22372 -0.02002 0.28893 -1.22758 -0.01607 0.29371 -1.22612 -0.01773 0.36867 -1.22087 -0.01487 0.26424 -1.22165 -0.01790 0.27314 -1.22425 -0.01641 0.37541 -1.21789 -0.01318 0.38977 -1.22323 -0.00556 0.26266 -1.22647 -0.00887 0.38196 -1.22177 -0.01037 0.38729 -1.22418 -0.00359 0.38768 -1.21844 0.00509 0.24756 -1.22562 0.00351 0.26960 -1.22112 0.00325 0.25332 -1.22360 0.00066 0.26099 -1.21836 0.00646 0.39461 -1.22205 0.00220 0.39127 -1.22210 0.00646 0.25890 -1.22359 0.01031 0.26679 -1.22489 0.00987 0.38286 -1.21913 0.01729 0.26441 -1.22485 0.01321 0.27420 -1.21830 0.02020 0.37602 -1.22447 0.01732 0.27927 -1.22456 0.01881 0.28431 -1.22552 0.01886 0.29327 -1.22509 0.02070 0.29937 -1.21964 0.02584 0.35019 -1.22499 0.02152 0.30385 -1.22259 0.02434 0.30758 -1.22696 0.02145 0.33348 -1.22315 -0.02397 0.31708 -1.23054 -0.01623 0.32297 -1.22419 -0.02421 0.32469 -1.22680 -0.02152 0.32953 -1.22887 -0.01863 0.35137 -1.22779 -0.01157 0.28555 -1.22724 -0.01742 0.29847 -1.22909 -0.01593 0.30981 -1.22911 -0.01518 0.36947 -1.22482 -0.01577 0.27999 -1.22772 -0.01482 0.29103 -1.22955 -0.01142 0.37295 -1.22589 -0.00821 0.27482 -1.22994 -0.00504 0.28773 -1.22738 -0.00598 0.38329 -1.22876 -0.00560 0.28230 -1.22766 0.00811 0.27715 -1.22441 0.00485 0.38707 -1.22768 0.00594 0.38205 -1.22864 0.00935 0.28134 -1.23010 0.00624 0.37684 -1.22755 0.01128 0.27864 -1.22720 0.01384 0.28192 -1.23188 0.00847 0.37226 -1.22779 0.01475 0.28805 -1.22676 0.01352 0.37428 -1.22698 0.01997 0.31311 -1.22860 0.01962 0.32520 -1.22961 0.01938 0.33046 -1.23040 0.01850 0.34096 -1.22263 0.02288 0.35710 -1.22597 0.01841 0.36471 -1.23326 -0.01330 0.33500 -1.22815 -0.01972 0.34136 -1.23125 -0.01565 0.36044 -1.23017 -0.01516 0.36713 -1.23267 -0.01114 0.31810 -1.23203 -0.01362 0.36561 -1.23041 -0.00932 0.29779 -1.23255 -0.00435 0.30594 -1.23249 -0.00736 0.31066 -1.23436 -0.00912 0.32650 -1.22911 -0.00867 0.37843 -1.23248 -0.00307 0.30382 -1.22901 -0.00555 0.38007 -1.23122 -0.00066 0.29293 -1.23223 -0.00110 0.30081 -1.23423 -0.00511 0.31942 -1.23195 -0.00169 0.37469 -1.22869 0.00125 0.38134 -1.22928 0.00272 0.28333 -1.23195 0.00444 0.29894 -1.23312 0.00386 0.31242 -1.23103 0.00442 0.29192 -1.22991 0.01022 0.29343 -1.23150 0.00868 0.30226 -1.23558 0.00589 0.32816 -1.23462 0.00337 0.36956 -1.23398 0.00868 0.36734 -1.22909 0.01037 0.28576 -1.22901 0.01496 0.30358 -1.23066 0.01344 0.31222 -1.23141 0.01409 0.32025 -1.23401 0.01025 0.32582 -1.23702 0.00676 0.36085 -1.23183 0.01632 0.33251 -1.23037 0.01892 0.33602 -1.23023 0.01742 0.35252 -1.23303 0.01239 0.36087 -1.23698 -0.00600 0.34156 -1.23632 -0.01001 0.35766 -1.23438 -0.01058 0.36375 -1.23445 -0.01331 0.35346 -1.23506 -0.00455 0.36735 -1.23618 -0.00634 0.33397 -1.23740 -0.00149 0.33752 -1.23467 -0.01200 0.34670 -1.23778 -0.00009 0.36272 -1.23593 -0.00100 0.32829 -1.23687 0.00504 0.33853 -1.23800 0.00047 0.34419 -1.23827 0.00364 0.36162 -1.23698 0.00477 0.36463 -1.23518 0.01027 0.33414 -1.23712 0.00651 0.35146 -1.23451 0.01264 0.34373 -1.23460 0.01257 0.35264 -1.23724 -0.00611 0.36134 -1.23725 -0.00857 0.35289 -1.23838 -0.00426 0.35696 -1.23810 -0.00294 0.35038 -1.23854 0.00193 0.35752 -0.85454 0.00921 0.55625 -0.85454 0.01597 0.55564 -0.85454 -0.03530 0.55142 -0.85454 -0.01548 0.55570 -0.85454 0.00849 0.55633 -0.85454 0.03094 0.55267 -0.85454 0.04511 0.54725 -0.85458 0.04719 0.54635 -0.85497 -0.05071 0.54419 -0.85491 -0.05009 0.54455 -0.85454 -0.04401 0.54771 -0.85454 -0.01508 0.55575 -0.85454 -0.01328 0.55583 -0.85454 0.00603 0.55641 -0.85454 -0.00141 0.55652 -0.85454 0.02927 0.55332 -0.85454 0.03487 0.55124 -0.85454 0.02789 0.55375 -0.85454 0.04011 0.54953 -0.85454 0.03833 0.55026 -0.85577 0.05203 0.54322 -0.85591 0.05214 0.54310 -0.86209 0.05335 0.53974 -0.85547 -0.05080 0.54390 -0.85973 -0.05284 0.54084 -0.85454 -0.03668 0.55090 -0.85454 -0.04109 0.54918 -0.85454 -0.03395 0.55183 -0.85454 -0.02718 0.55364 -0.85454 -0.01616 0.55556 -0.85454 -0.01462 0.55580 -0.85454 0.01739 0.55533 -0.85454 0.02528 0.55414 -0.85454 0.02260 0.55425 -0.85454 0.02646 0.55404 -0.86690 -0.05361 0.53792 -0.86543 -0.05336 0.53857 -0.87662 -0.05279 0.53453 -0.87083 -0.05344 0.53655 -0.86543 0.05353 0.53849 -0.86746 0.05350 0.53773 -0.86969 0.05318 0.53695 -0.87484 0.05216 0.53515 -0.87416 -0.05314 0.53539 -0.87779 -0.05272 0.53411 -0.87988 -0.05251 0.53337 -0.87748 0.05216 0.53422 -0.88044 0.05156 0.53317 -0.88864 0.05111 0.53028 -0.88362 0.05176 0.53206 -0.88991 0.05099 0.52983 -0.89103 0.05085 0.52942 -0.89936 -0.05070 0.52644 -0.88716 -0.05158 0.53080 -0.89844 -0.05079 0.52677 -0.89969 -0.05065 0.52632 -0.89957 -0.05069 0.52637 -0.90362 -0.05042 0.52489 -0.89920 0.04945 0.52649 -0.91450 0.00168 0.03260 -0.91489 0.00725 0.03271 -0.90405 0.04898 0.52472 -0.90755 0.04980 0.52347 -0.91092 0.04918 0.52224 -0.90666 0.04947 0.52379 -0.91682 -0.01215 0.03326 -0.91448 -0.00295 0.03259 -0.91563 -0.00876 0.03292 -0.91417 -0.00029 0.03250 -0.91366 0.04900 0.52121 -0.91749 0.04932 0.51981 -0.91419 -0.04969 0.52104 -0.91300 -0.04971 0.52147 -0.91455 -0.04982 0.52091 -0.91738 -0.04970 0.51985 -0.91943 -0.01618 0.03398 -0.92222 -0.02088 0.03474 -0.92717 -0.02570 0.03608 -0.91692 0.01284 0.03329 -0.91716 0.01342 0.03336 -0.91732 0.01370 0.03340 -0.91869 0.04928 0.51937 -0.91982 0.04930 0.51895 -0.92245 0.04919 0.51796 -0.92941 0.04827 0.51535 -0.93048 0.04812 0.51494 -0.92028 -0.04956 0.51877 -0.92872 -0.02690 0.03650 -0.93624 -0.03097 0.03851 -0.92804 -0.02654 0.03632 -0.92166 0.02017 0.03459 -0.93104 0.04805 0.51472 -0.93155 0.04802 0.51453 -0.93482 0.04782 0.51328 -0.92570 -0.04895 0.51675 -0.93142 0.02888 0.03723 -0.92511 0.02391 0.03552 -0.93236 0.02949 0.03748 -0.93333 0.02985 0.03774 -0.94121 0.03366 0.03982 -0.92850 -0.04878 0.51569 -0.93696 -0.04812 0.51247 -0.93355 -0.04816 0.51376 -0.94217 -0.04779 0.51045 -0.94921 -0.04752 0.50773 -0.95346 -0.03699 0.04311 -0.94002 -0.03269 0.03951 -0.94932 -0.03606 0.04199 -0.94175 0.03392 0.03996 -0.94182 0.03396 0.03998 -0.94189 0.04711 0.51057 -0.94990 -0.04752 0.50746 -0.95086 -0.04748 0.50708 -0.95053 -0.04743 0.50721 -0.95168 -0.04742 0.50676 -0.95177 -0.03673 0.04265 -0.94917 0.03617 0.04195 -0.95199 0.03672 0.04271 -0.95766 0.03876 0.04424 -0.95532 0.03766 0.04361 -0.94856 0.04635 0.50797 -0.95177 0.04655 0.50673 -0.95026 0.04646 0.50732 -0.95645 -0.03789 0.04395 -0.95505 0.04669 0.50544 -0.95686 0.04668 0.50473 -0.95666 -0.04707 0.50481 -0.95743 -0.04697 0.50450 -0.96198 -0.04616 0.50267 -0.96241 0.04018 0.04558 -0.96453 0.04071 0.04619 -0.95911 0.04647 0.50383 -0.96072 0.04647 0.50319 -0.96420 0.04578 0.50181 -0.96205 -0.03979 0.04547 -0.96537 -0.04030 0.04644 -0.96390 -0.04635 0.50192 -0.96805 -0.04642 0.50027 -0.96654 -0.04618 0.50087 -0.96172 0.04634 0.50280 -0.97078 -0.04628 0.49917 -0.97259 -0.04616 0.49844 -0.97275 -0.04617 0.49837 -0.97299 -0.04615 0.49828 -0.96557 0.04562 0.50126 -0.97040 0.04571 0.49932 -0.96705 0.04561 0.50066 -0.97567 0.04488 0.49719 -0.96987 0.04165 0.04777 -0.97357 0.04211 0.04885 -0.96978 -0.04161 0.04772 -0.97514 -0.04263 0.04936 -0.97584 0.04487 0.49712 -0.98692 -0.04520 0.05329 -0.98321 -0.04419 0.05206 -0.99364 -0.04652 0.05584 -0.98052 -0.04558 0.49521 -0.98242 -0.04554 0.49444 -0.98609 -0.04494 0.49293 -0.97607 -0.04286 0.04965 -0.97586 0.04487 0.49712 -0.97589 0.04487 0.49710 -0.98177 0.04484 0.49471 -0.98533 0.04396 0.49323 -0.97853 0.04291 0.05048 -0.99482 -0.04676 0.05631 -1.00345 -0.04824 0.06004 -0.99575 -0.04700 0.05671 -0.98789 -0.04472 0.49219 -0.98868 -0.04456 0.49185 -0.98941 -0.04456 0.49155 -0.99070 -0.04443 0.49101 -0.98530 0.04443 0.05273 -0.98851 0.04385 0.49193 -0.98994 0.04555 0.05443 -0.98619 0.04466 0.05302 -0.99337 0.04633 0.05575 -0.99476 0.04662 0.05634 -0.99323 0.04373 0.48996 -0.99630 0.04359 0.48870 -1.00589 -0.04872 0.06130 -1.01435 -0.05039 0.06559 -1.02182 -0.05204 0.06992 -1.00206 -0.04813 0.05943 -1.00511 -0.04298 0.48500 -1.00055 -0.04306 0.48689 -1.00138 0.04320 0.48656 -1.00883 0.04920 0.06274 -1.01254 0.04988 0.06461 -1.00454 -0.04847 0.06057 -1.00943 -0.04962 0.06301 -1.01027 -0.04296 0.48282 -1.00488 0.04334 0.48511 -1.00748 0.04316 0.48400 -1.01400 -0.04300 0.48125 -1.00083 0.04762 0.05889 -1.01201 0.04254 0.48208 -1.00420 0.04828 0.06039 -1.02422 -0.05255 0.07138 -1.01154 -0.05008 0.06406 -1.02044 -0.04257 0.47850 -1.01797 0.04234 0.47954 -1.01985 0.04251 0.47875 -1.02266 -0.05236 0.07042 -1.02769 -0.04234 0.47541 -1.02289 0.04243 0.47746 -1.03201 -0.04204 0.47356 -1.03501 -0.04213 0.47228 -1.02705 0.04210 0.47568 -1.02096 0.05167 0.06941 -1.02144 0.05175 0.06969 -1.02187 0.05184 0.06993 -1.03118 0.05362 0.07581 -1.03941 0.05507 0.08138 -1.03304 0.05401 0.07702 -1.03137 -0.05373 0.07600 -1.04067 -0.04160 0.46985 -1.02917 0.04190 0.47477 -1.03071 0.04129 0.47411 -1.03406 0.04132 0.47268 -1.04197 0.04082 0.46929 -1.03992 0.05515 0.08172 -1.04358 -0.05548 0.08430 -1.03393 -0.05412 0.07763 -1.03653 -0.04205 0.47162 -1.04103 -0.05513 0.08253 -1.03504 -0.05424 0.07837 -1.04398 -0.05552 0.08459 -1.04007 0.05517 0.08183 -1.04380 0.05548 0.08450 -1.04229 -0.04159 0.46915 -1.04298 0.04075 0.46886 -1.04761 0.05579 0.08723 -1.04784 0.05580 0.08740 -1.05249 -0.05619 0.09089 -1.05363 -0.05626 0.09178 -1.05418 -0.05635 0.09220 -1.05572 -0.05650 0.09341 -1.04442 -0.04133 0.46824 -1.05132 -0.04076 0.46528 -1.04342 0.04069 0.46867 -1.04514 0.04056 0.46793 -1.05730 0.05621 0.09465 -1.05900 0.05623 0.09598 -1.06395 0.05648 0.10008 -1.05923 -0.05669 0.09617 -1.05384 -0.04050 0.46420 -1.06170 -0.03944 0.46079 -1.05197 0.03984 0.46500 -1.05363 0.03982 0.46429 -1.05799 0.03950 0.46241 -1.06225 -0.05663 0.09864 -1.05998 0.03928 0.46155 -1.06755 0.05662 0.10306 -1.06492 -0.05682 0.10087 -1.06709 -0.05683 0.10268 -1.06530 0.03899 0.45925 -1.06470 0.03890 0.45951 -1.06610 0.03880 0.45890 -1.06844 0.05660 0.10383 -1.07018 -0.05673 0.10533 -1.06586 -0.03902 0.45901 -1.07146 -0.03870 0.45658 -1.07307 -0.05676 0.10789 -1.07467 -0.03833 0.45517 -1.07446 0.03765 0.45527 -1.07498 0.03755 0.45504 -1.07504 0.05660 0.10963 -1.07536 0.05660 0.10991 -1.07544 0.05660 0.10998 -1.07538 -0.05669 0.10993 -1.07851 -0.05643 0.11280 -1.08288 -0.03749 0.45156 -1.07537 0.03750 0.45488 -1.07644 0.03747 0.45440 -1.08450 0.03670 0.45083 -1.08744 -0.05613 0.12135 -1.08797 -0.05612 0.12185 -1.08813 -0.05610 0.12201 -1.08828 -0.05608 0.12215 -1.09072 -0.05594 0.12467 -1.08866 -0.05606 0.12253 -1.08771 -0.03708 0.44938 -1.08179 0.05628 0.11584 -1.08924 0.05598 0.12312 -1.08966 0.05596 0.12354 -1.09009 -0.03717 0.44835 -1.09297 -0.03672 0.44704 -1.09895 -0.03621 0.44434 -1.08777 0.03654 0.44937 -1.09071 0.03630 0.44807 -1.09669 0.03588 0.44536 -1.09703 -0.05552 0.13123 -1.10232 -0.05496 0.13695 -1.10215 -0.03588 0.44282 -1.09749 0.03584 0.44500 -1.09915 0.03572 0.44425 -1.09005 0.05593 0.12395 -1.09744 0.05523 0.13169 -1.10209 0.05472 0.13669 -1.10548 -0.05466 0.14044 -1.11330 -0.05376 0.14929 -1.10728 -0.03527 0.44043 -1.11009 -0.03480 0.43910 -1.11509 -0.03450 0.43673 -1.10443 0.03522 0.44177 -1.11149 0.03427 0.43847 -1.10769 0.05418 0.14292 -1.11199 0.05378 0.14776 -1.11434 -0.05362 0.15051 -1.11767 -0.03447 0.43546 -1.11280 0.03412 0.43780 -1.11482 0.05360 0.15109 -1.11652 -0.05338 0.15321 -1.12117 -0.03406 0.43365 -1.11432 0.03400 0.43702 -1.11629 0.05341 0.15288 -1.11925 0.05295 0.15651 -1.12122 0.05265 0.15908 -1.12850 0.05183 0.16879 -1.12140 -0.05278 0.15924 -1.12353 -0.03400 0.43249 -1.12541 -0.03369 0.43152 -1.12201 0.03322 0.43323 -1.12537 0.03308 0.43148 -1.12839 -0.05187 0.16867 -1.13070 -0.05160 0.17214 -1.12898 -0.05180 0.16947 -1.13883 -0.05060 0.18469 -1.13031 -0.03341 0.42887 -1.13718 -0.03300 0.42506 -1.12905 0.03280 0.42956 -1.12978 0.05170 0.17065 -1.13985 -0.05049 0.18635 -1.14007 -0.03275 0.42335 -1.13568 0.03250 0.42569 -1.13373 0.05132 0.17646 -1.13570 0.05110 0.17958 -1.13744 0.05090 0.18234 -1.13870 0.05074 0.18441 -1.14073 -0.05036 0.18789 -1.14199 -0.03268 0.42202 -1.15746 -0.03249 0.41103 -1.14112 -0.03273 0.42269 -1.14823 -0.03264 0.41797 -1.13913 0.03248 0.42389 -1.14714 0.04969 0.19939 -1.14993 0.04920 0.20466 -1.14241 -0.05015 0.19098 -1.14668 0.03252 0.41895 -1.14806 0.03252 0.41812 -1.14938 0.03248 0.41724 -1.14263 0.05026 0.19122 -1.14571 0.04989 0.19676 -1.14371 0.05011 0.19310 -1.15254 0.04882 0.20989 -1.15600 0.04838 0.21700 -1.15169 -0.03260 0.41551 -1.14997 -0.03260 0.41683 -1.15037 -0.04943 0.20553 -1.14772 -0.04971 0.20047 -1.15099 -0.04936 0.20671 -1.16538 -0.04700 0.23835 -1.15470 -0.04877 0.21428 -1.15890 -0.03250 0.40976 -1.16043 -0.03261 0.40823 -1.15561 -0.04867 0.21618 -1.16502 -0.04708 0.23747 -1.16419 -0.04723 0.23553 -1.15999 -0.04794 0.22575 -1.15492 0.03255 0.41300 -1.15805 0.03269 0.41050 -1.15964 0.04785 0.22501 -1.16085 0.04772 0.22770 -1.16209 0.04752 0.23056 -1.16593 -0.04687 0.23981 -1.17007 -0.04602 0.25049 -1.17279 -0.04547 0.25867 -1.17401 -0.04517 0.26270 -1.17555 -0.04483 0.26811 -1.17724 -0.04429 0.27483 -1.17843 -0.04393 0.27978 -1.16619 -0.03314 0.40292 -1.17006 -0.03348 0.39870 -1.15861 0.03270 0.41006 -1.16930 0.03292 0.39935 -1.16126 0.03261 0.40762 -1.16643 0.03278 0.40267 -1.16703 0.04665 0.24250 -1.17043 -0.03351 0.39825 -1.17539 -0.03389 0.39215 -1.16794 0.04650 0.24476 -1.16818 0.04650 0.24538 -1.16870 0.04637 0.24684 -1.17248 0.04551 0.25778 -1.17376 0.04520 0.26175 -1.17436 0.04499 0.26392 -1.17584 0.04460 0.26979 -1.17869 0.04378 0.28088 -1.18061 0.04329 0.29015 -1.18265 -0.04265 0.30175 -1.18175 -0.04296 0.29642 -1.17209 0.03332 0.39595 -1.18265 0.04252 0.30177 -1.18277 -0.04260 0.30249 -1.18293 -0.04253 0.30341 -1.18391 -0.04206 0.30923 -1.18451 -0.04183 0.31276 -1.18459 -0.04179 0.31321 -1.18515 -0.04145 0.31639 -1.18548 -0.04120 0.31828 -1.18618 -0.04085 0.32179 -1.18859 -0.03484 0.37042 -1.19192 -0.03544 0.36066 -1.19063 -0.03508 0.36592 -1.18260 -0.03434 0.38153 -1.18672 -0.03460 0.37476 -1.17658 -0.03399 0.39046 -1.17861 -0.03418 0.38759 -1.17565 0.03379 0.39175 -1.17946 0.03424 0.38640 -1.18320 0.04226 0.30505 -1.18509 0.04130 0.31598 -1.18639 0.04059 0.32262 -1.18827 0.03963 0.33084 -1.19221 0.03694 0.34785 -1.18081 0.04324 0.29112 -1.18223 0.04271 0.29931 -1.18009 -0.04352 0.28758 -1.18040 -0.04343 0.28899 -1.18054 -0.04339 0.28978 -1.18743 0.03482 0.37327 -1.18984 0.03489 0.36817 -1.17992 0.03429 0.38576 -1.19044 -0.03839 0.33896 -1.19070 -0.03817 0.34034 -1.19231 -0.03615 0.35428 -1.19220 -0.03685 0.34811 -1.19247 -0.03660 0.35014 -1.19228 -0.03564 0.35871 -1.18069 -0.03435 0.38465 -1.18356 0.03451 0.38013 -1.18560 0.03470 0.37670 -1.19225 0.03688 0.34832 -1.19198 0.03713 0.34673 -1.19223 0.03668 0.35005 -1.18910 0.03917 0.33394 -1.19023 0.03851 0.33809 -1.18743 -0.04016 0.32734 -1.18838 -0.03958 0.33127 -1.19025 -0.03851 0.33822 -1.19038 -0.03844 0.33871 -1.19155 0.03539 0.36173 -1.19227 0.03560 0.35876</float_array>
          <technique_common><accessor source="#tail_tip-pos-array" count="2069" stride="3">
            <param name="X" type="float"/><param name="Y" type="float"/><param name="Z" type="float"/>
          </accessor></technique_common>
        </source>
        <source id="tail_tip-nrm">
          <float_array id="tail_tip-nrm-array" count="6207">-0.3081 0.2355 0.9217 -0.3102 -0.4777 0.8219 -0.3080 -0.3035 0.9017 -0.3112 0.3530 0.8823 -0.3114 0.4364 0.8441 -0.3103 -0.3714 0.8751 -0.3095 -0.3210 0.8951 -0.3086 -0.2643 0.9138 -0.3078 -0.2118 0.9276 -0.3037 -0.1027 0.9472 -0.3029 0.0469 0.9519 -0.3042 0.1040 0.9469 -0.3061 0.1937 0.9321 -0.3096 0.3099 0.8989 -0.3105 0.3137 0.8973 -0.3119 0.4021 0.8608 -0.3142 -0.5039 0.8046 -0.3126 -0.4684 0.8264 -0.3095 -0.2873 0.9064 -0.3068 -0.1454 0.9406 -0.3090 -0.1463 0.9397 -0.3062 0.0385 0.9512 -0.3110 0.2669 0.9122 -0.3134 0.3964 0.8629 -0.3114 -0.2664 0.9122 -0.3113 0.2147 0.9257 -0.3122 0.2278 0.9223 -0.3142 0.3220 0.8931 -0.3153 0.3483 0.8828 -0.3131 0.4846 0.8168 -0.3138 0.5260 0.7905 -0.3154 -0.5343 0.7843 -0.3157 -0.4776 0.8199 -0.3133 -0.3662 0.8762 -0.3134 -0.2133 0.9253 -0.3120 -0.1313 0.9410 -0.3075 -0.0384 0.9508 -0.3092 0.0065 0.9510 -0.3081 0.0995 0.9461 -0.3154 -0.4132 0.8543 -0.3147 -0.3082 0.8978 -0.3175 -0.2959 0.9009 -0.3147 -0.1850 0.9310 -0.3148 -0.1262 0.9407 -0.3120 -0.0431 0.9491 -0.3143 0.0576 0.9476 -0.3111 0.1546 0.9377 -0.3139 0.2111 0.9257 -0.3168 0.2727 0.9084 -0.3167 0.4894 0.8125 -0.3186 -0.4439 0.8375 -0.3175 -0.4403 0.8398 -0.3179 0.1903 0.9288 -0.3183 0.2266 0.9205 -0.3166 0.3743 0.8716 -0.3195 0.3605 0.8763 -0.3179 0.5408 0.7788 -0.3170 0.5287 0.7874 -0.3189 -0.4788 0.8180 -0.3191 -0.4069 0.8559 -0.3147 -0.0665 0.9469 -0.3132 -0.0110 0.9496 -0.3177 0.0999 0.9429 -0.3202 0.3977 0.8598 -0.3183 0.4941 0.8090 -0.3188 -0.5635 0.7621 -0.3212 -0.3570 0.8771 -0.3201 -0.2157 0.9225 -0.3179 -0.0927 0.9436 -0.3173 -0.0258 0.9480 -0.3202 0.0902 0.9430 -0.3192 0.1413 0.9371 -0.3202 0.2174 0.9221 -0.3225 0.3045 0.8963 -0.3215 0.4255 0.8459 -0.3224 -0.4420 0.8371 -0.3232 -0.2686 0.9074 -0.3198 -0.0678 0.9451 -0.3243 0.1779 0.9291 -0.3254 0.2930 0.8991 -0.3250 0.2359 0.9158 -0.3233 0.4253 0.8454 -0.3229 0.4771 0.8174 -0.3252 -0.3800 0.8659 -0.3239 -0.3472 0.8801 -0.3261 -0.2530 0.9108 -0.3224 -0.1438 0.9356 -0.3204 -0.0080 0.9472 -0.3235 0.0676 0.9438 -0.3255 0.3662 0.8717 -0.3201 0.5673 0.7588 -0.3218 0.5521 0.7692 -0.3245 -0.5257 0.7863 -0.3243 -0.4733 0.8191 -0.3273 -0.1935 0.9249 -0.3259 -0.1216 0.9376 -0.3253 -0.0227 0.9453 -0.0831 -0.0004 -0.9965 -0.3285 0.0105 0.9445 -0.0823 0.0322 -0.9961 -0.3260 0.0976 0.9403 -0.3277 0.1507 0.9327 -0.3305 0.2970 0.8958 -0.3289 0.2411 0.9130 -0.3215 0.5368 0.7801 -0.3215 -0.5693 0.7566 -0.3281 -0.3373 0.8824 -0.0880 -0.0557 -0.9946 -0.3317 0.1192 0.9358 -0.3323 0.1891 0.9240 -0.3289 0.3894 0.8604 -0.3251 0.4746 0.8180 -0.3208 -0.5870 0.7433 -0.3293 -0.3951 0.8576 -0.3314 -0.2620 0.9064 -0.3289 -0.1974 0.9235 -0.0984 -0.0373 -0.9944 -0.3282 -0.0814 0.9411 -0.0926 -0.0210 -0.9955 -0.3304 0.0197 0.9436 -0.3307 0.0479 0.9425 -0.3250 0.5315 0.7822 -0.3213 0.5852 0.7445 -0.3220 0.5903 0.7402 -0.0992 -0.1238 -0.9873 -0.3334 -0.1948 0.9224 -0.3315 -0.1190 0.9359 -0.3318 -0.0478 0.9421 -0.3317 -0.0063 0.9434 -0.3351 0.2646 0.9043 -0.1139 0.2388 -0.9644 -0.3325 0.4279 0.8405 -0.3216 -0.5865 0.7434 -0.3315 -0.4131 0.8482 -0.1058 -0.1994 -0.9742 -0.3340 -0.2760 0.9013 -0.1036 -0.0766 -0.9917 -0.1011 -0.0061 -0.9949 -0.0986 0.0386 -0.9944 -0.3343 0.1875 0.9236 -0.3345 0.2223 0.9158 -0.3299 0.4213 0.8448 -0.3248 0.5467 0.7718 -0.3277 0.5092 0.7958 -0.3239 -0.5812 0.7465 -0.3269 -0.5248 0.7859 -0.1230 -0.2436 -0.9621 -0.3366 -0.3793 0.8619 -0.3362 -0.3053 0.8909 -0.1121 -0.1445 -0.9831 -0.3372 -0.2020 0.9195 -0.3346 -0.1064 0.9363 -0.3343 0.0080 0.9424 -0.3356 0.0855 0.9381 -0.1084 0.0586 -0.9924 -0.3373 0.1406 0.9308 -0.1051 0.1216 -0.9870 -0.1275 0.2385 -0.9627 -0.3307 0.4684 0.8193 -0.1175 -0.0713 -0.9905 -0.3386 -0.0961 0.9360 -0.1068 -0.0387 -0.9935 -0.1120 0.0257 -0.9934 -0.3382 -0.0089 0.9410 -0.1075 0.0420 -0.9933 -0.3386 0.2740 0.9002 -0.3428 0.2776 0.8975 -0.3321 0.4616 0.8226 -0.3215 -0.6160 0.7191 -0.3301 -0.5013 0.7998 -0.3335 -0.4646 0.8203 -0.1233 -0.1521 -0.9806 -0.3399 -0.2205 0.9142 -0.3412 -0.1378 0.9298 -0.1150 0.0766 -0.9904 -0.1253 0.1417 -0.9819 -0.1180 0.1837 -0.9759 -0.3447 0.1377 0.9286 -0.1282 0.2000 -0.9714 -0.1319 0.2134 -0.9680 -0.3377 0.3974 0.8532 -0.1345 0.3158 -0.9392 -0.3311 0.5067 0.7960 -0.1425 -0.3574 -0.9230 -0.3292 -0.5293 0.7820 -0.3417 -0.2503 0.9059 -0.3428 -0.1638 0.9250 -0.1266 -0.0602 -0.9901 -0.1130 -0.0163 -0.9935 -0.3414 -0.0735 0.9371 -0.3408 0.0155 0.9400 -0.3418 0.1085 0.9335 -0.1219 0.0504 -0.9913 -0.3436 0.2900 0.8932 -0.3433 0.3261 0.8808 -0.3257 0.5819 0.7452 -0.3206 -0.6279 0.7092 -0.3281 -0.5656 0.7566 -0.3291 -0.5420 0.7733 -0.3373 -0.4353 0.8347 -0.1277 -0.1066 -0.9861 -0.3465 -0.0340 0.9374 -0.3440 -0.0861 0.9350 -0.1325 -0.0240 -0.9909 -0.1254 -0.0101 -0.9921 -0.3460 0.0515 0.9368 -0.3449 0.2683 0.8995 -0.1392 0.2827 -0.9490 -0.1522 0.4067 -0.9008 -0.3282 0.5529 0.7659 -0.3220 0.6178 0.7174 -0.3231 -0.6135 0.7205 -0.1521 -0.4080 -0.9002 -0.1489 -0.2538 -0.9557 -0.1345 -0.1853 -0.9734 -0.3461 -0.3042 0.8875 -0.1343 -0.0613 -0.9890 -0.1323 0.0539 -0.9897 -0.3495 0.1823 0.9190 -0.3396 0.4137 0.8447 -0.3363 0.4801 0.8102 -0.3275 0.5706 0.7531 -0.3199 -0.6413 0.6974 -0.3262 -0.5972 0.7328 -0.3497 -0.1644 0.9223 -0.3449 -0.2235 0.9117 -0.3505 -0.0704 0.9339 -0.3531 0.0806 0.9321 -0.1428 0.1126 -0.9833 -0.1349 0.1250 -0.9829 -0.1383 0.1929 -0.9714 -0.3451 0.3470 0.8721 -0.3228 0.6177 0.7171 -0.3235 -0.6214 0.7136 -0.1596 -0.3901 -0.9068 -0.3356 -0.5075 0.7936 -0.3377 -0.5033 0.7954 -0.1552 -0.3047 -0.9397 -0.1428 -0.1336 -0.9807 -0.3506 -0.2593 0.8999 -0.1445 -0.0486 -0.9883 -0.1410 0.0368 -0.9893 -0.3497 0.2460 0.9040 -0.3521 0.2751 0.8946 -0.1449 0.2562 -0.9557 -0.1530 0.3311 -0.9311 -0.3385 0.4960 0.7996 -0.3256 -0.6141 0.7189 -0.3279 -0.5913 0.7368 -0.3315 -0.5653 0.7553 -0.3417 -0.4492 0.8255 -0.3420 -0.4184 0.8414 -0.1568 -0.1404 -0.9776 -0.3525 -0.1201 0.9281 -0.1389 -0.0397 -0.9895 -0.3509 0.0226 0.9362 -0.1369 -0.0103 -0.9905 -0.3555 0.0342 0.9340 -0.1468 0.0011 -0.9892 -0.1473 0.0510 -0.9878 -0.3552 0.1134 0.9279 -0.1465 0.2130 -0.9660 -0.3460 0.3944 0.8513 -0.1572 0.3811 -0.9111 -0.1582 0.4185 -0.8944 -0.3354 0.5411 0.7712 -0.1827 -0.5512 -0.8142 -0.1760 -0.4978 -0.8492 -0.3211 -0.6484 0.6902 -0.1592 -0.2673 -0.9504 -0.3393 -0.5147 0.7874 -0.3489 -0.3750 0.8589 -0.3558 -0.1575 0.9212 -0.3569 -0.0392 0.9333 -0.3567 0.0475 0.9330 -0.1532 0.1787 -0.9719 -0.1694 0.2634 -0.9497 -0.1594 0.3910 -0.9065 -0.3306 0.5871 0.7389 -0.1946 -0.5925 -0.7817 -0.1927 -0.5159 -0.8347 -0.3223 -0.6484 0.6897 -0.3258 -0.6204 0.7135 -0.3285 -0.6014 0.7283 -0.3477 -0.4207 0.8379 -0.1687 -0.2158 -0.9617 -0.3567 -0.2596 0.8974 -0.1584 -0.0230 -0.9871 -0.1495 -0.0239 -0.9885 -0.1550 0.0330 -0.9874 -0.3591 0.0101 0.9332 -0.3599 0.1059 0.9270 -0.1521 0.0908 -0.9842 -0.3585 0.1976 0.9124 -0.3507 0.4125 0.8407 -0.1692 0.4310 -0.8863 -0.1854 0.4432 -0.8771 -0.1922 0.5866 -0.7867 -0.1996 -0.4243 -0.8832 -0.1794 -0.2918 -0.9395 -0.3533 -0.3623 0.8625 -0.3589 -0.2573 0.8972 -0.3609 -0.1364 0.9226 -0.1718 -0.0761 -0.9822 -0.1742 -0.0323 -0.9842 -0.3628 -0.0545 0.9303 -0.1803 0.0148 -0.9835 -0.1639 0.0232 -0.9862 -0.3631 0.0147 0.9316 -0.1661 0.0972 -0.9813 -0.3626 0.0733 0.9291 -0.3546 0.3069 0.8832 -0.1742 0.3507 -0.9202 -0.3405 0.5208 0.7829 -0.3308 0.5988 0.7294 -0.2114 -0.5360 -0.8173 -0.3377 -0.5494 0.7643 -0.3538 -0.4094 0.8410 -0.2048 -0.2523 -0.9457 -0.1873 -0.1551 -0.9700 -0.3647 -0.0557 0.9295 -0.3617 0.2370 0.9017 -0.1794 0.1704 -0.9689 -0.3653 0.2102 0.9069 -0.1852 0.3609 -0.9140 -0.3490 0.4666 0.8127 -0.3334 0.5991 0.7280 -0.1872 0.5087 -0.8403 -0.1991 0.5365 -0.8201 -0.2165 -0.6334 -0.7429 -0.3351 -0.6045 0.7227 -0.2014 -0.4913 -0.8474 -0.3360 -0.5784 0.7434 -0.2020 -0.3222 -0.9249 -0.3614 -0.2569 0.8963 -0.1888 -0.0483 -0.9808 -0.3646 -0.1256 0.9226 -0.3645 0.0935 0.9265 -0.1914 0.1150 -0.9748 -0.3666 0.1406 0.9197 -0.1928 0.2325 -0.9533 -0.2048 0.4577 -0.8652 -0.3262 0.6515 0.6850 -0.2076 -0.5892 -0.7808 -0.2381 -0.1659 -0.9570 -0.3633 -0.2735 0.8906 -0.3668 -0.0619 0.9282 -0.3660 -0.1873 0.9116 -0.3690 -0.0274 0.9290 -0.2040 0.1759 -0.9630 -0.2130 0.2255 -0.9507 -0.3622 0.3512 0.8634 -0.2108 0.3363 -0.9178 -0.3437 0.5442 0.7653 -0.2151 0.4046 -0.8888 -0.2134 0.5634 -0.7981 -0.3352 0.5989 0.7273 -0.3320 -0.6392 0.6937 -0.2361 -0.5534 -0.7987 -0.2496 -0.4685 -0.8475 -0.3472 -0.5251 0.7770 -0.2265 -0.3107 -0.9231 -0.3675 -0.2838 0.8857 -0.3690 -0.1906 0.9097 -0.2170 -0.0677 -0.9738 -0.2078 -0.0029 -0.9782 -0.2043 0.0538 -0.9774 -0.3671 0.2395 0.8988 -0.2168 0.1348 -0.9669 -0.3723 0.2013 0.9060 -0.2315 0.4000 -0.8868 -0.3523 0.4657 0.8118 -0.3375 0.5997 0.7256 -0.2244 0.4936 -0.8403 -0.3314 0.6455 0.6881 -0.2261 0.6288 -0.7439 -0.2454 -0.6673 -0.7032 -0.2706 -0.5592 -0.7836 -0.3499 -0.5177 0.7808 -0.3580 -0.4382 0.8245 -0.3574 -0.4259 0.8312 -0.2401 -0.0655 -0.9685 -0.2308 -0.0534 -0.9715 -0.3730 -0.1071 0.9216 -0.2341 -0.0161 -0.9721 -0.3714 0.0253 0.9281 -0.3740 0.0920 0.9229 -0.2637 0.0535 -0.9631 -0.2271 0.0490 -0.9726 -0.3717 0.1748 0.9118 -0.2400 0.1191 -0.9634 -0.2398 0.2448 -0.9395 -0.3648 0.3470 0.8640 -0.2460 0.3355 -0.9093 -0.3592 0.4357 0.8253 -0.2686 0.3553 -0.8953 -0.2503 0.5197 -0.8168 -0.3279 -0.6786 0.6572 -0.3449 -0.5739 0.7428 -0.2389 -0.3805 -0.8934 -0.3415 -0.5838 0.7366 -0.3663 -0.3553 0.8600 -0.3720 -0.2131 0.9034 -0.2580 -0.0226 -0.9659 -0.3742 -0.0834 0.9236 -0.2560 0.1411 -0.9563 -0.3729 0.2553 0.8920 -0.3513 0.5099 0.7853 -0.3413 0.5883 0.7331 -0.3547 0.4943 0.7936 -0.2617 0.4465 -0.8556 -0.3366 0.6235 0.7056 -0.3276 0.6728 0.6633 -0.2457 0.6505 -0.7187 -0.2664 -0.7187 -0.6423 -0.2813 -0.6457 -0.7099 -0.2715 -0.4961 -0.8247 -0.2826 -0.3004 -0.9110 -0.2648 -0.0726 -0.9616 -0.3741 -0.2118 0.9029 -0.3763 -0.0674 0.9240 -0.3774 0.1286 0.9171 -0.3804 0.1223 0.9167 -0.3021 0.3546 -0.8849 -0.2670 0.4530 -0.8506 -0.3470 0.5606 0.7519 -0.3342 0.6403 0.6916 -0.2822 0.6139 -0.7372 -0.3264 0.6839 0.6525 -0.3043 -0.7198 -0.6239 -0.2923 -0.7047 -0.6465 -0.3096 -0.6704 -0.6743 -0.3244 -0.5790 -0.7480 -0.3421 -0.4463 -0.8269 -0.3443 -0.6009 0.7214 -0.2907 -0.4461 -0.8465 -0.3646 -0.4115 0.8353 -0.3237 -0.2141 -0.9216 -0.3034 -0.2147 -0.9284 -0.3758 -0.2199 0.9002 -0.3013 -0.1210 -0.9458 -0.2920 -0.0141 -0.9563 -0.3797 -0.0633 0.9229 -0.3774 0.0475 0.9248 -0.2850 0.0928 -0.9540 -0.3799 0.0402 0.9241 -0.2821 0.1737 -0.9435 -0.3732 0.2896 0.8814 -0.2848 0.2541 -0.9243 -0.2997 0.2627 -0.9172 -0.3665 0.3988 0.8406 -0.3676 0.3749 0.8511 -0.3609 0.4646 0.8086 -0.2902 0.4740 -0.8313 -0.3404 0.6127 0.7132 -0.3265 0.4850 -0.8112 -0.3077 0.5489 -0.7771 -0.3332 0.6616 0.6717 -0.3021 0.6960 -0.6515 -0.3085 -0.7938 -0.5241 -0.3377 -0.6449 0.6856 -0.3240 -0.3521 -0.8781 -0.3579 -0.4959 0.7912 -0.3262 -0.2852 -0.9012 -0.3790 -0.2223 0.8983 -0.3690 -0.3932 0.8422 -0.3531 -0.1041 -0.9298 -0.3826 -0.0174 0.9238 -0.3173 -0.0359 -0.9476 -0.3772 0.2678 0.8866 -0.3252 0.4011 -0.8564 -0.3564 0.5148 0.7797 -0.3578 0.5003 0.7885 -0.3411 0.4252 -0.8384 -0.3298 0.4421 -0.8341 -0.3555 0.5296 0.7702 -0.3428 0.6092 0.7151 -0.2983 0.7861 -0.5414 -0.3347 -0.7458 -0.5760 -0.3545 -0.6765 -0.6455 -0.3646 -0.6042 -0.7085 -0.3582 -0.5112 -0.7813 -0.3422 -0.6273 0.6996 -0.3616 -0.5014 0.7860 -0.3607 -0.4887 0.7944 -0.3653 -0.4407 0.8200 -0.3374 -0.0445 -0.9403 -0.3827 0.0470 0.9227 -0.3082 0.0729 -0.9485 -0.3274 0.1924 -0.9251 -0.3858 0.1156 0.9153 -0.3253 0.2989 -0.8971 -0.3650 0.3045 -0.8798 -0.3715 0.3838 0.8454 -0.3477 0.5912 0.7277 -0.3436 0.6227 0.7030 -0.3380 0.5841 -0.7379 -0.3558 0.6097 -0.7083 -0.3351 0.7090 -0.6205 -0.3081 0.7474 -0.5887 -0.3389 -0.7763 -0.5316 -0.3345 -0.8099 -0.4818 -0.3692 -0.5416 -0.7552 -0.3289 -0.6912 0.6435 -0.3364 -0.6616 0.6702 -0.4099 -0.4436 -0.7970 -0.3716 -0.2409 -0.8966 -0.3739 -0.3582 0.8555 -0.3841 0.0473 0.9221 -0.3344 0.0085 -0.9424 -0.3817 0.2593 0.8872 -0.3751 0.3767 0.8470 -0.3614 0.4581 -0.8121 -0.3603 0.5209 0.7738 -0.3478 0.6498 -0.6759 -0.3269 0.7018 0.6330 -0.3851 -0.7503 -0.5374 -0.3936 -0.6865 -0.6114 -0.4509 -0.5587 -0.6960 -0.3394 -0.6583 0.6719 -0.3545 -0.5644 0.7455 -0.3587 -0.5318 0.7672 -0.4145 -0.2520 -0.8745 -0.4020 -0.0589 -0.9138 -0.3849 -0.1235 0.9147 -0.4015 -0.0013 -0.9158 -0.3744 -0.0015 -0.9273 -0.3835 0.0431 -0.9225 -0.3715 0.0963 -0.9234 -0.3865 0.1654 0.9073 -0.3970 0.1998 -0.8958 -0.4109 0.2645 -0.8725 -0.3705 0.4349 0.8207 -0.3435 0.6324 0.6943 -0.3369 0.6751 0.6563 -0.3836 0.5879 -0.7122 -0.3445 0.7522 -0.5617 -0.4086 -0.5285 -0.7442 -0.4439 -0.2920 -0.8472 -0.3965 -0.3421 -0.8519 -0.3624 -0.5103 0.7799 -0.3724 -0.4241 0.8255 -0.3815 -0.2881 0.8783 -0.4453 -0.1236 -0.8868 -0.3864 -0.0153 0.9222 -0.4001 0.0406 -0.9156 -0.3888 0.0330 0.9207 -0.4372 0.1287 -0.8901 -0.3761 0.3881 0.8414 -0.4050 0.3851 -0.8293 -0.3875 0.5030 -0.7726 -0.3538 0.5849 0.7299 -0.3800 0.6762 -0.6312 -0.4310 -0.6776 -0.5959 -0.3754 -0.7863 -0.4908 -0.4335 -0.6394 -0.6350 -0.4220 -0.4894 -0.7631 -0.3675 -0.4925 0.7889 -0.4423 -0.3662 -0.8187 -0.3858 -0.2192 0.8962 -0.3880 -0.0953 0.9167 -0.4324 -0.0357 -0.9010 -0.4230 0.0088 -0.9061 -0.3894 0.0672 0.9186 -0.3874 0.1791 0.9043 -0.3850 0.2541 0.8872 -0.4487 0.2097 -0.8687 -0.3793 0.3390 0.8609 -0.4457 0.2789 -0.8506 -0.3627 0.5168 0.7755 -0.4467 0.4462 -0.7755 -0.3361 0.6932 0.6376 -0.4323 0.5828 -0.6881 -0.4208 0.6729 -0.6083 -0.3958 0.6876 -0.6087 -0.3863 0.7094 -0.5895 -0.3572 0.7867 -0.5034 -0.3615 -0.8159 -0.4512 -0.4397 -0.7077 -0.5530 -0.4530 -0.4681 -0.7588 -0.4730 -0.6027 -0.6427 -0.3434 -0.6610 0.6672 -0.4754 -0.3405 -0.8112 -0.3845 -0.2687 0.8831 -0.4879 -0.2437 -0.8382 -0.4708 -0.1976 -0.8598 -0.3902 -0.0728 0.9179 -0.5013 -0.1343 -0.8548 -0.4551 0.0008 -0.8904 -0.4905 0.0599 -0.8694 -0.4620 0.2139 -0.8607 -0.3746 0.4325 0.8201 -0.4746 0.4436 -0.7603 -0.3592 0.5596 0.7469 -0.3420 0.6602 0.6687 -0.3905 0.7424 -0.5444 -0.4037 0.7826 -0.4740 -0.4286 -0.7623 -0.4849 -0.3792 -0.8256 -0.4178 -0.4170 -0.7417 -0.5254 -0.3323 -0.7251 0.6032 -0.4772 -0.4741 -0.7400 -0.3593 -0.5807 0.7305 -0.4982 -0.2721 -0.8233 -0.3869 -0.2604 0.8846 -0.3921 -0.1245 0.9115 -0.4951 -0.0298 -0.8683 -0.3909 0.0660 0.9181 -0.3891 0.2086 0.8973 -0.4829 0.1607 -0.8608 -0.3910 0.2086 0.8964 -0.4933 0.2779 -0.8243 -0.3627 0.5468 0.7546 -0.3410 0.6746 0.6547 -0.3525 0.6227 0.6986 -0.4779 0.6374 -0.6045 -0.4329 0.7143 -0.5498 -0.3704 0.8294 -0.4181 -0.4781 -0.6369 -0.6048 -0.5126 -0.5247 -0.6797 -0.3447 -0.6703 0.6572 -0.3770 -0.4375 0.8164 -0.5244 -0.2154 -0.8238 -0.3886 -0.2425 0.8889 -0.5295 -0.0587 -0.8463 -0.5338 -0.1159 -0.8376 -0.3932 0.0324 0.9189 -0.3918 0.1435 0.9088 -0.5249 0.1424 -0.8392 -0.5158 0.3285 -0.7912 -0.3754 0.4515 0.8095 -0.3795 0.4004 0.8340 -0.4911 0.3968 -0.7755 -0.3700 0.5066 0.7787 -0.4833 0.4786 -0.7331 -0.4743 0.5780 -0.6641 -0.4731 0.7037 -0.5301 -0.3953 0.8063 -0.4400 -0.5071 -0.6359 -0.5818 -0.5408 -0.5241 -0.6579 -0.3362 -0.7231 0.6034 -0.5817 -0.3627 -0.7280 -0.3565 -0.6162 0.7023 -0.3716 -0.5026 0.7806 -0.5586 -0.1988 -0.8053 -0.5655 -0.0678 -0.8219 -0.3855 -0.3126 0.8681 -0.5375 0.0237 -0.8429 -0.3931 -0.0585 0.9176 -0.5540 0.1219 -0.8235 -0.5442 0.1671 -0.8221 -0.3865 0.3276 0.8621 -0.5220 0.3845 -0.7614 -0.3593 0.5959 0.7182 -0.5295 0.4740 -0.7035 -0.3521 0.6454 0.6778 -0.4990 0.5706 -0.6522 -0.4494 0.7697 -0.4534 -0.4223 0.7856 -0.4522 -0.4077 0.8062 -0.4287 -0.4313 -0.8010 -0.4152 -0.4003 -0.8287 -0.3912 -0.4679 -0.7533 -0.4621 -0.3309 -0.7521 0.5700 -0.3467 -0.6744 0.6520 -0.5284 -0.3526 -0.7723 -0.5806 -0.2808 -0.7642 -0.3840 -0.3746 0.8439 -0.3933 -0.0847 0.9155 -0.3944 0.0418 0.9180 -0.5808 0.0531 -0.8123 -0.5710 0.1452 -0.8080 -0.3916 0.2201 0.8934 -0.5486 0.2425 -0.8001 -0.3794 0.4317 0.8184 -0.5472 0.3622 -0.7546 -0.5677 0.4255 -0.7047 -0.5548 0.4987 -0.6659 -0.5176 0.5638 -0.6436 -0.3378 0.7158 0.6112 -0.5262 0.6019 -0.6007 -0.4186 0.8218 -0.3865 -0.4151 -0.8264 -0.3804 -0.4249 -0.8208 -0.3818 -0.4814 -0.7535 -0.4477 -0.4518 -0.7980 -0.3988 -0.4752 -0.7264 -0.4966 -0.5114 -0.6734 -0.5339 -0.5738 -0.5057 -0.6442 -0.3352 -0.7364 0.5877 -0.3492 -0.6664 0.6587 -0.5766 -0.4360 -0.6910 -0.3883 -0.3069 0.8689 -0.3912 -0.2323 0.8905 -0.5973 -0.0402 -0.8010 -0.5918 -0.1552 -0.7910 -0.5890 -0.0087 -0.8081 -0.3942 -0.0592 0.9171 -0.3924 0.2460 0.8863 -0.5888 0.1746 -0.7892 -0.3802 0.4350 0.8162 -0.5775 0.3273 -0.7479 -0.3665 0.5595 0.7434 -0.3448 0.6893 0.6371 -0.5157 0.6566 -0.5504 -0.5025 0.7067 -0.4981 -0.4755 0.7448 -0.4681 -0.4179 -0.8530 -0.3126 -0.4969 -0.7479 -0.4401 -0.5730 -0.5479 -0.6096 -0.4924 -0.7137 -0.4983 -0.3313 -0.7586 0.5611 -0.6026 -0.4045 -0.6880 -0.3655 -0.5664 0.7387 -0.3909 -0.2680 0.8806 -0.3950 -0.0778 0.9154 -0.6053 0.0214 -0.7957 -0.3947 0.1190 0.9111 -0.6071 0.0970 -0.7887 -0.3927 0.2613 0.8818 -0.6202 0.2017 -0.7581 -0.3769 0.4716 0.7972 -0.6051 0.3691 -0.7054 -0.3537 0.6442 0.6781 -0.3453 0.6919 0.6341 -0.5591 0.5963 -0.5760 -0.4766 0.7529 -0.4539 -0.4580 0.7877 -0.4120 -0.4385 0.8196 -0.3689 -0.4088 0.8489 -0.3351 -0.4777 -0.7858 -0.3929 -0.4443 -0.8276 -0.3430 -0.5140 -0.7035 -0.4909 -0.5844 -0.5696 -0.5780 -0.5961 -0.4520 -0.6636 -0.3448 -0.6958 0.6301 -0.3516 -0.6577 0.6662 -0.3609 -0.6035 0.7110 -0.6046 -0.2189 -0.7658 -0.3839 -0.3948 0.8347 -0.6211 -0.1110 -0.7758 -0.3947 -0.1715 0.9027 -0.6215 -0.0195 -0.7832 -0.3961 -0.0305 0.9177 -0.6298 0.0255 -0.7763 -0.3962 0.0634 0.9160 -0.6255 0.0691 -0.7771 -0.6284 0.1305 -0.7668 -0.6195 0.2880 -0.7303 -0.3817 0.4257 0.8204 -0.3558 0.6346 0.6861 -0.5746 0.5094 -0.6406 -0.3500 0.6682 0.6565 -0.3339 0.7492 0.5720 -0.5410 0.6561 -0.5262 -0.5002 0.7418 -0.4466 -0.4682 0.7945 -0.3866 -0.4374 0.8334 -0.3379 -0.4307 -0.8512 -0.3000 -0.4438 -0.8353 -0.3246 -0.5116 -0.7205 -0.4680 -0.6094 -0.4364 -0.6619 -0.3342 -0.7485 0.5728 -0.3398 -0.7249 0.5992 -0.6493 -0.1997 -0.7338 -0.3770 -0.4792 0.7926 -0.6336 -0.1991 -0.7476 -0.3904 -0.3168 0.8644 -0.6285 -0.1604 -0.7611 -0.6408 -0.0300 -0.7671 -0.6464 0.0197 -0.7628 -0.3964 0.0960 0.9130 -0.6383 0.0310 -0.7692 -0.6366 0.1092 -0.7634 -0.3861 0.3816 0.8398 -0.6416 0.1671 -0.7486 -0.6329 0.2583 -0.7299 -0.6524 0.2681 -0.7089 -0.3672 0.5646 0.7392 -0.3486 0.6790 0.6461 -0.3441 0.7044 0.6208 -0.5342 0.6825 -0.4988 -0.4441 0.8399 -0.3120 -0.4764 -0.7983 -0.3685 -0.5266 -0.7064 -0.4729 -0.5558 -0.6497 -0.5185 -0.5558 -0.6676 -0.4955 -0.6007 -0.5736 -0.5569 -0.6544 -0.2711 -0.7059 -0.3576 -0.6301 0.6893 -0.6546 -0.0764 -0.7521 -0.6596 -0.1169 -0.7425 -0.3963 -0.1002 0.9126 -0.6546 0.0553 -0.7540 -0.6658 0.0679 -0.7431 -0.3962 0.1522 0.9054 -0.6526 0.1783 -0.7364 -0.6159 0.4411 -0.6528 -0.3575 0.6302 0.6893 -0.6117 0.5118 -0.6032 -0.5708 0.6180 -0.5406 -0.5117 0.7508 -0.4177 -0.4705 0.8047 -0.3621 -0.4408 0.8523 -0.2815 -0.4253 -0.8664 -0.2615 -0.4560 -0.8259 -0.3316 -0.4838 -0.7992 -0.3566 -0.3301 -0.7708 0.5449 -0.6233 -0.4739 -0.6221 -0.6459 -0.4291 -0.6314 -0.3540 -0.6572 0.6654 -0.6377 -0.4064 -0.6543 -0.3649 -0.5875 0.7223 -0.3804 -0.4623 0.8010 -0.6663 -0.1722 -0.7255 -0.3975 -0.1250 0.9090 -0.6686 -0.1334 -0.7315 -0.6687 -0.0788 -0.7393 -0.3985 -0.0251 0.9168 -0.6780 -0.0139 -0.7349 -0.3973 -0.0080 0.9177 -0.6708 0.0255 -0.7412 -0.3972 0.1017 0.9121 -0.6755 0.0713 -0.7339 -0.3907 0.3357 0.8571 -0.6687 0.1117 -0.7351 -0.6723 0.1693 -0.7207 -0.3567 0.6400 0.6806 -0.6677 0.3198 -0.6722 -0.3519 0.6714 0.6523 -0.5987 0.5738 -0.5588 -0.5807 0.6078 -0.5416 -0.5775 0.6180 -0.5334 -0.5662 0.6525 -0.5037 -0.3304 0.7677 0.5490 -0.5627 0.6824 -0.4666 -0.4953 0.7854 -0.3713 -0.5580 -0.7009 -0.4443 -0.5300 -0.7291 -0.4330 -0.5726 -0.6464 -0.5043 -0.5898 -0.6434 -0.4881 -0.3262 -0.7875 0.5229 -0.6820 -0.0803 -0.7270 -0.3988 0.1041 0.9111 -0.6838 0.0655 -0.7267 -0.3987 0.1802 0.8992 -0.6756 0.2039 -0.7085 -0.3738 0.5329 0.7591 -0.3293 0.7748 0.5397 -0.5330 0.7326 -0.4233 -0.4715 0.8194 -0.3260 -0.4290 0.8679 -0.2504 -0.4574 -0.8350 -0.3058 -0.6142 -0.5733 -0.5423 -0.3299 -0.7735 0.5411 -0.6930 -0.2579 -0.6733 -0.3807 -0.4866 0.7863 -0.6843 -0.2591 -0.6816 -0.3909 -0.3603 0.8470 -0.6833 -0.1904 -0.7049 -0.3979 -0.2059 0.8941 -0.6991 -0.0454 -0.7136 -0.6991 -0.1334 -0.7025 -0.3993 -0.0311 0.9163 -0.6933 0.0015 -0.7206 -0.7115 0.0433 -0.7014 -0.6999 0.0533 -0.7122 -0.6887 0.1648 -0.7061 -0.3807 0.4873 0.7859 -0.3612 0.6217 0.6950 -0.3586 0.6409 0.6787 -0.6420 0.4952 -0.5854 -0.6130 0.5868 -0.5291 -0.5592 0.6961 -0.4503 -0.5070 0.7815 -0.3636 -0.4698 0.8282 -0.3057 -0.4469 0.8497 -0.2799 -0.4183 0.8817 -0.2181 -0.4360 -0.8629 -0.2558 -0.5424 -0.7296 -0.4164 -0.5049 -0.7849 -0.3593 -0.4645 -0.8362 -0.2916 -0.6389 -0.5369 -0.5510 -0.6519 -0.4751 -0.5910 -0.6710 -0.4319 -0.6027 -0.3310 -0.7706 0.5446 -0.3390 -0.7373 0.5843 -0.6719 -0.3931 -0.6277 -0.3528 -0.6727 0.6505 -0.6944 -0.2284 -0.6824 -0.3990 -0.2363 0.8860 -0.7025 -0.1655 -0.6921 -0.4015 -0.0061 0.9158 -0.3938 0.3260 0.8595 -0.6981 0.1710 -0.6953 -0.3981 0.3102 0.8633 -0.6914 0.2557 -0.6758 -0.6443 0.4530 -0.6161 -0.3802 0.5000 0.7781 -0.3692 0.5758 0.7294 -0.6020 0.6280 -0.4932 -0.3398 0.7329 0.5894 -0.5410 0.7292 -0.4190 -0.4459 0.8565 -0.2598 -0.4116 0.8890 -0.2005 -0.5865 -0.6634 -0.4646 -0.6404 -0.5510 -0.5351 -0.3157 -0.8253 0.4682 -0.6683 -0.4577 -0.5865 -0.3462 -0.7086 0.6149 -0.3771 -0.5438 0.7497 -0.3971 -0.3268 0.8576 -0.7017 -0.2396 -0.6709 -0.4021 -0.1198 0.9077 -0.7082 -0.0530 -0.7040 -0.7062 0.0036 -0.7080 -0.4037 0.0986 0.9096 -0.7064 0.1864 -0.6828 -0.7020 0.2414 -0.6700 -0.3698 0.5822 0.7241 -0.6888 0.3095 -0.6555 -0.3625 0.6354 0.6818 -0.5570 0.7153 -0.4220 -0.5139 0.7797 -0.3576 -0.4983 0.7956 -0.3445 -0.4785 0.8255 -0.2994 -0.4339 0.8710 -0.2305 -0.4245 -0.8790 -0.2170 -0.4007 -0.8987 -0.1783 -0.4640 -0.8406 -0.2795 -0.4346 -0.8688 -0.2373 -0.4914 -0.8090 -0.3227 -0.6673 -0.4723 -0.5759 -0.3326 -0.7653 0.5511 -0.7047 -0.3299 -0.6282 -0.3572 -0.6601 0.6608 -0.7131 -0.2402 -0.6586 -0.7085 -0.2206 -0.6703 -0.7198 -0.1463 -0.6786 -0.4041 -0.1085 0.9083 -0.7160 -0.0965 -0.6914 -0.4073 0.0274 0.9129 -0.7299 -0.0472 -0.6819 -0.7085 0.2081 -0.6744 -0.7219 0.0780 -0.6876 -0.4028 0.3088 0.8616 -0.7116 0.2159 -0.6686 -0.6650 0.4617 -0.5871 -0.3807 0.5237 0.7621 -0.6375 0.5437 -0.5458 -0.3439 0.7195 0.6033 -0.3229 0.8007 0.5045 -0.4117 0.8896 -0.1976 -0.5503 -0.7267 -0.4112 -0.5967 -0.6570 -0.4607 -0.3512 -0.6920 0.6307 -0.6968 -0.3428 -0.6301 -0.4023 -0.3379 0.8509 -0.7273 -0.1367 -0.6725 -0.4064 -0.1989 0.8918 -0.7338 0.0005 -0.6794 -0.4100 -0.0297 0.9116 -0.7294 0.0561 -0.6818 -0.7236 0.1610 -0.6712 -0.3857 0.5007 0.7749 -0.6966 0.3263 -0.6389 -0.7169 0.2738 -0.6412 -0.3639 0.6341 0.6823 -0.6656 0.4795 -0.5719 -0.6643 0.4987 -0.5568 -0.3383 0.7460 0.5737 -0.6167 0.6172 -0.4886 -0.3167 0.8203 0.4762 -0.5643 0.7128 -0.4165 -0.5282 0.7677 -0.3628 -0.4058 0.8948 -0.1864 -0.3800 -0.9138 -0.1434 -0.4405 -0.8653 -0.2393 -0.3810 -0.9130 -0.1456 -0.5324 -0.7587 -0.3753 -0.5191 -0.7786 -0.3527 -0.5319 -0.7631 -0.3671 -0.4940 -0.8098 -0.3167 -0.2972 -0.8738 0.3850 -0.6518 -0.5364 -0.5361 -0.3314 -0.7706 0.5444 -0.3377 -0.7496 0.5692 -0.7293 -0.2001 -0.6542 -0.7321 -0.1309 -0.6685 -0.4085 -0.2927 0.8646 -0.7366 -0.0101 -0.6763 -0.4089 0.1079 0.9062 -0.7338 0.0682 -0.6759 -0.7333 0.1436 -0.6646 -0.4019 0.3805 0.8329 -0.4042 0.3252 0.8549 -0.6065 0.6461 -0.4635 -0.5496 0.7463 -0.3755 -0.4685 0.8382 -0.2793 -0.4704 0.8382 -0.2759 -0.3814 0.9129 -0.1457 -0.3793 0.9141 -0.1431 -0.5388 -0.7608 -0.3619 -0.4667 -0.8423 -0.2697 -0.4413 -0.8654 -0.2375 -0.5898 -0.6791 -0.4370 -0.6854 -0.4756 -0.5514 -0.3139 -0.8279 0.4648 -0.6625 -0.5030 -0.5551 -0.3589 -0.6635 0.6564 -0.3849 -0.5200 0.7625 -0.7392 -0.1199 -0.6627 -0.7422 -0.0263 -0.6697 -0.4138 -0.0525 0.9088 -0.7392 0.0775 -0.6690 -0.4080 0.2624 0.8745 -0.7328 0.1711 -0.6585 -0.7358 0.1836 -0.6519 -0.7128 0.3390 -0.6140 -0.3759 0.5812 0.7217 -0.6919 0.4057 -0.5972 -0.3521 0.6959 0.6259 -0.6940 0.4340 -0.5746 -0.6460 0.5673 -0.5107 -0.3313 0.7727 0.5415 -0.3406 0.7399 0.5801 -0.5858 0.6890 -0.4268 -0.3114 0.8351 0.4534 -0.5049 0.8004 -0.3232 -0.4494 0.8616 -0.2358 -0.4030 0.8971 -0.1808 -0.3663 0.9230 -0.1179 -0.3367 -0.9393 -0.0668 -0.4278 -0.8799 -0.2070 -0.4226 -0.8821 -0.2082 -0.6312 -0.6294 -0.4533 -0.5823 -0.7090 -0.3978 -0.2887 -0.8961 0.3371 -0.6558 -0.5657 -0.4999 -0.3334 -0.7728 0.5400 -0.6944 -0.4231 -0.5820 -0.3690 -0.6230 0.6897 -0.6908 -0.4157 -0.5916 -0.4060 -0.3564 0.8415 -0.7313 -0.2204 -0.6455 -0.7514 -0.0488 -0.6581 -0.4168 -0.0176 0.9088 -0.7520 0.0215 -0.6588 -0.4146 0.1518 0.8972 -0.7479 0.0577 -0.6613 -0.4129 0.2989 0.8604 -0.3626 0.6534 0.6646 -0.3463 0.7234 0.5972 -0.6431 0.5882 -0.4904 -0.4082 0.8940 -0.1848 -0.3559 0.9294 -0.0978 -0.3499 0.9332 -0.0819 -0.4102 -0.8942 -0.1792 -0.3587 -0.9276 -0.1044 -0.5304 -0.7826 -0.3261 -0.5661 -0.7355 -0.3723 -0.6097 -0.6787 -0.4094 -0.3034 -0.8782 0.3698 -0.3156 -0.8320 0.4562 -0.7252 -0.4190 -0.5464 -0.7279 -0.3751 -0.5740 -0.3680 -0.6396 0.6749 -0.7355 -0.2598 -0.6258 -0.7634 -0.0963 -0.6387 -0.7550 0.0479 -0.6540 -0.7452 0.2019 -0.6355 -0.7207 0.3277 -0.6109 -0.3815 0.5691 0.7284 -0.6827 0.4920 -0.5403 -0.3679 0.6422 0.6725 -0.3202 0.8129 0.4865 -0.5570 0.7463 -0.3643 -0.2970 0.8741 0.3843 -0.4806 0.8398 -0.2525 -0.3902 0.9083 -0.1508 -0.4219 0.8912 -0.1666 -0.3469 0.9358 -0.0634 -0.3830 -0.9134 -0.1383 -0.3824 -0.9163 -0.1194 -0.3658 -0.9248 -0.1051 -0.3587 -0.9286 -0.0949 -0.4654 -0.8511 -0.2431 -0.4392 -0.8787 -0.1871 -0.4003 -0.9035 -0.1534 -0.5925 -0.7122 -0.3765 -0.2842 -0.9095 0.3034 -0.6744 -0.5794 -0.4577 -0.3502 -0.7502 0.5609 -0.4032 -0.4196 0.8132 -0.7654 -0.2129 -0.6074 -0.4186 -0.1262 0.8994 -0.7751 -0.0588 -0.6291 -0.4218 0.0611 0.9046 -0.7679 0.0348 -0.6396 -0.7631 0.1620 -0.6256 -0.4141 0.3495 0.8404 -0.7390 0.3288 -0.5880 -0.3790 0.6101 0.6958 -0.6894 0.4952 -0.5288 -0.3311 0.8015 0.4980 -0.6676 0.5522 -0.4993 -0.6412 0.6061 -0.4707 -0.6119 0.6673 -0.4247 -0.3041 0.8584 0.4132 -0.5917 0.7083 -0.3850 -0.5661 0.7413 -0.3606 -0.5535 0.7605 -0.3395 -0.2893 0.8973 0.3334 -0.5086 0.8152 -0.2771 -0.4157 0.8907 -0.1839 -0.3919 0.9121 -0.1206 -0.3819 0.9195 -0.0933 -0.3345 0.9409 -0.0536 -0.3578 -0.9296 -0.0883 -0.3618 -0.9288 -0.0809 -0.3342 -0.9411 -0.0504 -0.3256 -0.9450 -0.0307 -0.3236 -0.9460 -0.0213 -0.3545 -0.9334 -0.0553 -0.3299 -0.9436 -0.0279 -0.6341 -0.6749 -0.3775 -0.5297 -0.8040 -0.2703 -0.2848 -0.9204 0.2679 -0.6274 -0.6664 -0.4028 -0.6171 -0.6861 -0.3853 -0.6923 -0.5240 -0.4961 -0.3252 -0.8225 0.4666 -0.7619 -0.2844 -0.5819 -0.4117 -0.4564 0.7888 -0.7873 -0.0006 -0.6166 -0.4287 -0.0414 0.9025 -0.4119 0.4504 0.7921 -0.4311 0.2712 0.8606 -0.7778 0.1309 -0.6148 -0.7832 0.2179 -0.5824 -0.4178 0.4694 0.7779 -0.7056 0.4855 -0.5161 -0.3822 0.6427 0.6640 -0.2933 0.9121 0.2866 -0.4915 0.8366 -0.2419 -0.3835 0.9206 -0.0740 -0.3329 0.9419 -0.0454 -0.3375 0.9406 -0.0365 -0.3242 -0.9459 -0.0106 -0.5264 -0.8173 -0.2343 -0.4406 -0.8831 -0.1612 -0.3455 -0.9378 -0.0345 -0.3148 -0.9491 0.0106 -0.3232 -0.9462 0.0147 -0.3124 -0.9497 0.0230 -0.5826 -0.7491 -0.3152 -0.3017 -0.9075 0.2923 -0.3173 -0.8895 0.3288 -0.7630 -0.4687 -0.4451 -0.7224 -0.4650 -0.5117 -0.3490 -0.7911 0.5024 -0.4281 -0.6122 0.6647 -0.4550 -0.3968 0.7972 -0.7831 -0.2209 -0.5813 -0.8168 -0.0574 -0.5741 -0.4317 -0.1988 0.8798 -0.7971 -0.0734 -0.5993 -0.4452 -0.0838 0.8915 -0.8036 0.0480 -0.5932 -0.7919 0.0959 -0.6031 -0.4142 0.6139 0.6720 -0.7726 0.3461 -0.5322 -0.4516 0.5958 0.6642 -0.3516 0.7879 0.5057 -0.6911 0.5604 -0.4565 -0.3165 0.8689 0.3807 -0.6185 0.7090 -0.3388 -0.5308 0.8159 -0.2294 -0.4840 0.8573 -0.1755 -0.4352 0.8893 -0.1405 -0.3529 0.9342 -0.0523 -0.3443 0.9384 -0.0277 -0.3243 0.9459 -0.0080 -0.3161 0.9487 0.0012 -0.3188 0.9478 0.0103 -0.4104 -0.9039 -0.1208 -0.4347 -0.8918 -0.1252 -0.3343 -0.9425 -0.0034 -0.5823 -0.7636 -0.2788 -0.4905 -0.8539 -0.1739 -0.6382 -0.6851 -0.3512 -0.6858 -0.6270 -0.3695 -0.5998 -0.7374 -0.3106 -0.2954 -0.9268 0.2319 -0.3537 -0.8171 0.4553 -0.3824 -0.7562 0.5310 -0.7736 -0.3478 -0.5296 -0.8309 -0.1126 -0.5449 -0.8134 -0.2899 -0.5043 -0.4701 -0.1870 0.8626 -0.8347 0.0472 -0.5487 -0.8138 0.1299 -0.5665 -0.4794 0.1792 0.8591 -0.8118 0.2457 -0.5298 -0.8128 0.2771 -0.5124 -0.4445 0.5700 0.6910 -0.7661 0.3996 -0.5033 -0.7792 0.3870 -0.4930 -0.3779 0.7762 0.5047 -0.7568 0.5037 -0.4166 -0.3083 0.8950 0.3224 -0.3448 0.8499 0.3985 -0.2997 0.9264 0.2279 -0.4134 0.9050 -0.1005 -0.3126 0.9457 0.0885 -0.3457 0.9383 -0.0006 -0.3957 -0.9138 -0.0920 -0.3613 -0.9310 -0.0513 -0.3894 -0.9186 -0.0676 -0.3535 -0.9351 -0.0254 -0.3175 -0.9480 0.0233 -0.3324 -0.9429 0.0227 -0.3166 -0.9478 0.0388 -0.3362 -0.9408 0.0428 -0.4638 -0.8767 -0.1278 -0.3121 -0.9477 0.0666 -0.6394 -0.6944 -0.3302 -0.6387 -0.7022 -0.3147 -0.5876 -0.7620 -0.2721 -0.3057 -0.9349 0.1803 -0.3295 -0.9010 0.2821 -0.3558 -0.8560 0.3752 -0.4232 -0.7431 0.5183 -0.8189 -0.3119 -0.4818 -0.5468 -0.4601 0.6995 -0.4987 -0.4581 0.7358 -0.5237 -0.2389 0.8177 -0.8512 -0.0169 -0.5246 -0.5021 0.0539 0.8631 -0.8363 0.1583 -0.5249 -0.8125 0.2984 -0.5008 -0.4685 0.5027 0.7265 -0.7490 0.4871 -0.4491 -0.3866 0.8161 0.4296 -0.7104 0.5968 -0.3731 -0.6560 0.6831 -0.3211 -0.3325 0.8908 0.3097 -0.5929 0.7677 -0.2430 -0.3139 0.9298 0.1921 -0.3726 0.9263 -0.0564 -0.3593 0.9322 -0.0444 -0.4023 0.9136 -0.0585 -0.3376 0.9412 0.0159 -0.3388 0.9406 0.0223 -0.3227 0.9460 0.0294 -0.3149 0.9478 0.0509 -0.3230 0.9443 0.0634 -0.2992 0.9368 0.1812 -0.3246 -0.9458 0.0033 -0.3294 -0.9442 0.0067 -0.5415 -0.8200 -0.1852 -0.5134 -0.8435 -0.1581 -0.3940 -0.9179 -0.0482 -0.3660 -0.9304 -0.0180 -0.3550 -0.9349 0.0016 -0.3622 -0.9320 0.0128 -0.3593 -0.9329 0.0249 -0.3158 -0.9409 0.1226 -0.3105 -0.9388 0.1489 -0.6268 -0.7285 -0.2766 -0.5698 -0.7919 -0.2197 -0.3427 -0.9260 0.1586 -0.3422 -0.9181 0.2001 -0.3225 -0.9193 0.2254 -0.7602 -0.5286 -0.3778 -0.7390 -0.5835 -0.3368 -0.8217 -0.3410 -0.4567 -0.8651 -0.1586 -0.4759 -0.8498 -0.2825 -0.4451 -0.8539 -0.1432 -0.5004 -0.8567 -0.1759 -0.4850 -0.5585 -0.2861 0.7786 -0.5028 -0.0365 0.8636 -0.8643 -0.0615 -0.4993 -0.5173 0.0442 0.8546 -0.8442 0.1763 -0.5062 -0.4802 0.4109 0.7750 -0.5457 0.2950 0.7843 -0.6040 0.3629 0.7096 -0.8447 0.2488 -0.4740 -0.7821 0.4659 -0.4138 -0.7655 0.5099 -0.3925 -0.4632 0.6698 0.5804 -0.6624 0.6888 -0.2945 -0.3412 0.9016 0.2657 -0.3912 0.8384 0.3796 -0.5840 0.7850 -0.2068 -0.4551 0.8803 -0.1339 -0.3143 0.9365 0.1556 -0.3093 0.9347 0.1753 -0.3294 0.9142 0.2362 -0.3711 0.9284 -0.0212 -0.3873 0.9219 -0.0124 -0.3382 0.9411 0.0078 -0.3580 0.9337 0.0074 -0.3625 0.9318 0.0199 -0.3432 0.9382 0.0448 -0.4047 -0.9138 -0.0352 -0.3486 -0.9350 0.0658 -0.6501 -0.7133 -0.2618 -0.5536 -0.8147 -0.1729 -0.5765 -0.7995 -0.1684 -0.3304 -0.9388 0.0976 -0.7068 -0.6260 -0.3294 -0.3542 -0.9028 0.2440 -0.4156 -0.8517 0.3194 -0.4498 -0.7815 0.4324 -0.5108 -0.6819 0.5236 -0.5974 -0.1271 0.7918 -0.8667 -0.0765 -0.4929 -0.8786 -0.1140 -0.4637 -0.8787 0.0243 -0.4768 -0.8657 0.0139 -0.5003 -0.6428 0.1320 0.7546 -0.8491 0.2824 -0.4465 -0.5499 0.5344 0.6419 -0.8140 0.3798 -0.4396 -0.4852 0.7341 0.4751 -0.8069 0.4354 -0.3991 -0.7536 0.5543 -0.3534 -0.6321 0.7341 -0.2480 -0.3699 0.8937 0.2539 -0.5019 0.8535 -0.1400 -0.4530 0.8851 -0.1068 -0.3371 0.9370 0.0918 -0.3294 0.9373 0.1138 -0.3438 0.9194 0.1910 -0.4326 -0.8988 -0.0706 -0.4347 -0.8982 -0.0653 -0.3876 -0.9214 -0.0259 -0.3875 -0.9216 -0.0241 -0.3857 -0.9225 -0.0172 -0.3552 -0.9342 0.0341 -0.3680 -0.9293 0.0326 -0.3517 -0.9349 0.0475 -0.6037 -0.7669 -0.2175 -0.6722 -0.7039 -0.2293 -0.4777 -0.8724 -0.1031 -0.3830 -0.9237 0.0069 -0.3546 -0.9281 0.1138 -0.3547 -0.9156 0.1897 -0.3811 -0.8991 0.2153 -0.5029 -0.7245 0.4714 -0.7974 -0.4932 -0.3479 -0.5997 -0.5284 0.6010 -0.8403 -0.3393 -0.4228 -0.8486 -0.3391 -0.4061 -0.6341 -0.3453 0.6919 -0.8776 -0.1799 -0.4444 -0.6246 -0.2276 0.7471 -0.8817 0.1064 -0.4598 -0.8916 0.0144 -0.4526 -0.6397 -0.0762 0.7648 -0.8914 0.0943 -0.4432 -0.8795 0.1804 -0.4403 -0.6141 0.4779 0.6280 -0.4777 0.7889 0.3866 -0.7796 0.5171 -0.3534 -0.7400 0.5940 -0.3156 -0.4063 0.8478 0.3408 -0.5840 0.7903 -0.1856 -0.3843 0.9024 0.1947 -0.4784 0.8739 -0.0865 -0.4241 0.9043 -0.0487 -0.4177 0.9080 -0.0330 -0.3892 0.9211 -0.0040 -0.3760 0.9266 0.0074 -0.3864 0.9223 0.0059 -0.3487 0.9346 0.0705 -0.5375 -0.8333 -0.1293 -0.4691 -0.8797 -0.0780 -0.4104 -0.9115 -0.0257 -0.3780 -0.9256 0.0191 -0.3761 -0.9263 0.0201 -0.3577 -0.9233 0.1400 -0.7026 -0.6590 -0.2685 -0.7981 -0.5230 -0.2992 -0.3688 -0.9169 0.1525 -0.4366 -0.8514 0.2907 -0.5521 -0.6842 0.4766 -0.8889 -0.2199 -0.4018 -0.8707 -0.3351 -0.3600 -0.6823 -0.3319 0.6515 -0.8997 -0.0657 -0.4314 -0.9065 -0.0806 -0.4145 -0.9134 -0.0896 -0.3971 -0.9095 0.0248 -0.4150 -0.9040 0.0256 -0.4268 -0.8959 0.1116 -0.4299 -0.6434 0.3056 0.7019 -0.6986 0.2067 0.6850 -0.8793 0.2397 -0.4116 -0.8535 0.3303 -0.4030 -0.8794 0.2655 -0.3952 -0.5292 0.7207 0.4479 -0.5867 0.6193 0.5217 -0.7416 0.5986 -0.3029 -0.7260 0.6260 -0.2845 -0.7294 0.6293 -0.2683 -0.4415 0.8421 0.3098 -0.5377 0.8299 -0.1488 -0.5486 0.8248 -0.1368 -0.3563 0.9235 0.1424 -0.3709 0.9161 0.1523 -0.4104 0.8763 0.2522 -0.3548 0.9296 0.1003 -0.6022 -0.7820 -0.1607 -0.4850 -0.8699 -0.0895 -0.4032 -0.9145 -0.0333 -0.3880 -0.9213 -0.0256 -0.3415 -0.9364 0.0808 -0.3618 -0.9236 0.1269 -0.7380 -0.6208 -0.2644 -0.7728 -0.5731 -0.2727 -0.6733 -0.7100 -0.2065 -0.4422 -0.8946 -0.0638 -0.3674 -0.9292 0.0391 -0.3653 -0.9172 0.1592 -0.3856 -0.8994 0.2057 -0.4316 -0.8598 0.2728 -0.5360 -0.7427 0.4012 -0.8882 -0.3005 -0.3475 -0.6313 -0.5186 0.5767 -0.8999 -0.2453 -0.3606 -0.6733 -0.4552 0.5826 -0.9215 -0.0464 -0.3856 -0.9258 -0.0845 -0.3684 -0.6793 -0.1045 0.7264 -0.7265 -0.0832 0.6821 -0.9205 0.0505 -0.3875 -0.9263 0.0313 -0.3754 -0.9214 0.1117 -0.3722 -0.6692 0.4164 0.6154 -0.6979 0.3096 0.6458 -0.8684 0.3461 -0.3550 -0.8059 0.5009 -0.3156 -0.7064 0.6641 -0.2448 -0.6491 0.7323 -0.2058 -0.5427 0.8299 -0.1294 -0.5263 0.8420 -0.1188 -0.4640 0.8828 -0.0731 -0.4064 0.9134 -0.0211 -0.3686 0.9288 0.0383 -0.3386 0.9385 0.0680 -0.3611 0.9292 0.0790 -0.3625 0.9242 0.1201 -0.3674 0.9161 0.1605 -0.3751 0.9269 -0.0098 -0.3687 -0.9295 -0.0088 -0.3651 -0.9308 0.0137 -0.7663 -0.6064 -0.2123 -0.3480 -0.9374 0.0134 -0.3300 -0.9434 0.0333 -0.3640 -0.9151 0.1736 -0.7916 -0.5473 -0.2718 -0.4473 -0.8411 0.3041 -0.9017 -0.2847 -0.3255 -0.8439 -0.4472 -0.2962 -0.9434 -0.0214 -0.3311 -0.7313 -0.2079 0.6496 -0.9288 0.0077 -0.3705 -0.9343 -0.0126 -0.3561 -0.7498 0.0256 0.6612 -0.9103 0.2335 -0.3418 -0.6447 0.5237 0.5569 -0.8943 0.3108 -0.3220 -0.6817 0.4752 0.5563 -0.8714 0.3622 -0.3309 -0.8079 0.5104 -0.2945 -0.7832 0.5582 -0.2740 -0.5487 0.7191 0.4264 -0.6876 0.6983 -0.1992 -0.3779 0.9038 0.2010 -0.5116 0.7746 0.3718 -0.5780 0.8039 -0.1400 -0.4407 0.8956 -0.0601 -0.4238 0.9051 -0.0338 -0.3766 0.9264 -0.0048 -0.3801 0.9249 0.0115 -0.3193 0.9454 0.0656 -0.5836 -0.8055 -0.1025 -0.3416 -0.9259 0.1614 -0.7497 -0.6364 -0.1813 -0.9420 -0.3009 -0.1487 -0.4742 -0.8245 0.3087 -0.8824 -0.3744 -0.2849 -0.8237 -0.5118 -0.2441 -0.5241 -0.7648 0.3747 -0.6145 -0.6048 0.5066 -0.9523 -0.0927 -0.2907 -0.7843 -0.3727 0.4959 -0.6805 -0.4940 0.5413 -0.7878 -0.1574 0.5955 -0.9308 0.0927 -0.3535 -0.9739 0.0429 -0.2228 -0.9417 0.0556 -0.3319 -0.9555 0.0103 -0.2949 -0.7174 0.2936 0.6318 -0.7694 0.0985 0.6311 -0.9442 0.1163 -0.3082 -0.9396 0.2003 -0.2775 -0.7249 0.4547 0.5174 -0.8335 0.4805 -0.2727 -0.9332 0.2654 -0.2424 -0.4364 0.8540 0.2834 -0.8629 0.4483 -0.2334 -0.8212 0.5300 -0.2116 -0.8377 0.5197 -0.1679 -0.7302 0.6689 -0.1392 -0.3374 0.9366 0.0946 -0.6653 0.7378 -0.1143 -0.4627 0.8847 -0.0571 -0.5263 0.8501 -0.0177 -0.4283 -0.9032 -0.0281 -0.9165 -0.3850 -0.1088 -0.3871 -0.9220 -0.0073 -0.5573 -0.8297 -0.0306 -0.4350 -0.8972 0.0757 -0.9759 -0.1518 -0.1565 -0.9078 -0.3943 -0.1431 -0.9349 -0.3333 -0.1220 -0.6166 -0.6881 0.3826 -0.9017 -0.3681 -0.2267 -0.9571 -0.2470 -0.1513 -0.7684 -0.4614 0.4435 -0.9712 -0.1149 -0.2088 -0.9929 -0.0311 -0.1145 -0.8416 -0.2230 0.4919 -0.9894 -0.0454 -0.1377 -0.9835 0.0838 -0.1601 -0.7823 0.2130 0.5853 -0.8468 0.2197 0.4845 -0.9867 0.0858 -0.1377 -0.8732 0.1984 0.4452 -0.9776 0.1352 -0.1611 -0.9641 0.2069 -0.1663 -0.8531 0.2665 0.4486 -0.9622 0.2269 -0.1507 -0.6597 0.6238 0.4191 -0.7662 0.6361 -0.0913 -0.7574 0.6489 -0.0727 -0.7595 0.6468 -0.0691 -0.6953 0.7169 -0.0511 -0.3319 0.9326 0.1417 -0.4171 0.8707 0.2606 -0.9384 -0.3174 -0.1364 -0.5358 -0.8443 -0.0018 -0.5235 -0.8033 0.2839 -0.6091 -0.6958 0.3807 -0.9829 -0.1451 -0.1132 -0.6870 -0.5864 0.4291 -0.9903 -0.0786 -0.1146 -0.9942 -0.0271 -0.1045 -0.9915 -0.0647 -0.1132 -0.9845 -0.1169 -0.1309 -0.8388 -0.3092 0.4482 -0.9948 -0.0168 -0.1001 -0.8721 -0.1829 0.4538 -0.9954 -0.0031 -0.0960 -0.9953 -0.0054 -0.0963 -0.9918 -0.0482 -0.1186 -0.9005 -0.0435 0.4327 -0.8835 0.0403 0.4667 -0.9917 0.0187 -0.1275 -0.9953 0.0221 -0.0945 -0.9925 0.0338 -0.1171 -0.9951 0.0219 -0.0968 -0.9889 0.0887 -0.1191 -0.9925 0.0635 -0.1040 -0.9848 0.0755 -0.1565 -0.8768 0.0769 0.4747 -0.8314 0.2759 0.4824 -0.9868 0.0958 -0.1304 -0.9566 0.2609 -0.1298 -0.9712 0.2074 -0.1172 -0.9595 0.2575 -0.1143 -0.9818 0.1414 -0.1269 -0.8928 0.2403 0.3810 -0.8983 0.4253 -0.1102 -0.7553 0.6521 -0.0663 -0.4933 0.8671 0.0699 -0.7005 0.6203 0.3529 -0.9641 -0.1327 -0.2300 -0.8806 -0.4396 0.1767 -0.7904 -0.4108 0.4545 -0.7876 -0.6154 -0.0311 -0.8594 -0.1224 0.4964 -0.9771 -0.1068 -0.1838 -0.9768 -0.0258 -0.2126 -0.9006 -0.3894 -0.1932 -0.8961 -0.0025 0.4438 -0.9863 -0.0122 -0.1647 -0.9719 0.1074 -0.2093 -0.9639 0.0095 -0.2660 -0.9100 0.1029 0.4017 -0.8511 0.1273 0.5094 -0.9706 0.1780 -0.1621 -0.9552 0.2189 -0.1994 -0.9179 0.3519 -0.1831 -0.8272 0.5570 -0.0739 -0.8947 -0.2047 0.3971 -0.9408 -0.3067 -0.1442 -0.9855 -0.1418 0.0936 -0.9602 -0.0806 -0.2673 -0.9888 0.0605 0.1364 -0.3029 0.0563 0.9514 -0.3037 0.1086 0.9466 -0.3078 -0.3083 0.9001 -0.3036 -0.1042 0.9471 -0.3026 0.0502 0.9518 -0.3071 0.2600 0.9155 -0.3098 0.4182 0.8539 -0.3096 0.4416 0.8421 -0.3101 -0.4816 0.8197 -0.3100 -0.4749 0.8236 -0.3095 -0.4065 0.8596 -0.3035 -0.1009 0.9475 -0.3035 -0.0893 0.9486 -0.3025 0.0353 0.9525 -0.3022 -0.0084 0.9532 -0.3065 0.2415 0.9208 -0.3085 0.3044 0.9012 -0.3062 0.2265 0.9246 -0.3087 0.3626 0.8793 -0.3085 0.3422 0.8875 -0.3104 0.4964 0.8107 -0.3104 0.4979 0.8098 -0.3124 0.5219 0.7937 -0.3103 -0.4836 0.8185 -0.3120 -0.5124 0.8001 -0.3082 -0.3238 0.8945 -0.3088 -0.3736 0.8747 -0.3075 -0.2938 0.9051 -0.3061 -0.2194 0.9264 -0.3039 -0.1110 0.9462 -0.3035 -0.0976 0.9478 -0.3043 0.1228 0.9446 -0.3056 0.1993 0.9311 -0.3058 0.1737 0.9361 -0.3059 0.2114 0.9283 -0.3131 -0.5342 0.7852 -0.3128 -0.5290 0.7889 -0.3152 -0.5434 0.7781 -0.3139 -0.5394 0.7814 -0.3128 0.5308 0.7877 -0.3132 0.5343 0.7852 -0.3138 0.5352 0.7843 -0.3154 0.5340 0.7844 -0.3145 -0.5425 0.7789 -0.3153 -0.5451 0.7768 -0.3156 -0.5473 0.7751 -0.3156 0.5400 0.7802 -0.3164 0.5394 0.7803 -0.3174 0.5511 0.7717 -0.3166 0.5476 0.7746 -0.3177 0.5523 0.7708 -0.3178 0.5534 0.7699 -0.3187 -0.5663 0.7601 -0.3174 -0.5513 0.7716 -0.3186 -0.5655 0.7608 -0.3188 -0.5665 0.7599 -0.3187 -0.5667 0.7598 -0.3191 -0.5714 0.7561 -0.3204 0.5520 0.7698 -0.0777 0.0066 -0.9970 -0.0788 0.0311 -0.9964 -0.3209 0.5576 0.7656 -0.3199 0.5727 0.7548 -0.3207 0.5724 0.7547 -0.3203 0.5673 0.7586 -0.0824 -0.0605 -0.9948 -0.0779 -0.0119 -0.9969 -0.0801 -0.0405 -0.9960 -0.0772 -0.0011 -0.9970 -0.3210 0.5752 0.7524 -0.3205 0.5857 0.7444 -0.3204 -0.5826 0.7469 -0.3203 -0.5808 0.7484 -0.3202 -0.5844 0.7456 -0.3203 -0.5883 0.7425 -0.0881 -0.0968 -0.9914 -0.0935 -0.1365 -0.9862 -0.1033 -0.1923 -0.9759 -0.0829 0.0661 -0.9944 -0.0834 0.0698 -0.9941 -0.0837 0.0720 -0.9939 -0.3206 0.5872 0.7432 -0.3206 0.5893 0.7416 -0.3208 0.5923 0.7391 -0.3214 0.5962 0.7357 -0.3215 0.5968 0.7352 -0.3205 -0.5918 0.7396 -0.1063 -0.2076 -0.9724 -0.1189 -0.2659 -0.9566 -0.1050 -0.2021 -0.9737 -0.0921 0.1290 -0.9874 -0.3216 0.5971 0.7349 -0.3215 0.5979 0.7343 -0.3214 0.6020 0.7310 -0.3210 -0.5954 0.7365 -0.1111 0.2338 -0.9659 -0.0996 0.1711 -0.9802 -0.1129 0.2422 -0.9636 -0.1146 0.2484 -0.9619 -0.1271 0.3083 -0.9428 -0.3209 -0.5993 0.7334 -0.3213 -0.6077 0.7263 -0.3216 -0.6018 0.7310 -0.3212 -0.6132 0.7217 -0.3208 -0.6224 0.7140 -0.1432 -0.3754 -0.9157 -0.1253 -0.2948 -0.9473 -0.1377 -0.3545 -0.9249 -0.1279 0.3123 -0.9413 -0.1280 0.3129 -0.9411 -0.3221 0.6067 0.7268 -0.3206 -0.6236 0.7129 -0.3205 -0.6249 0.7119 -0.3207 -0.6237 0.7128 -0.3205 -0.6256 0.7112 -0.1410 -0.3683 -0.9190 -0.1382 0.3564 -0.9240 -0.1417 0.3693 -0.9184 -0.1482 0.4069 -0.9014 -0.1454 0.3872 -0.9105 -0.3224 0.6106 0.7233 -0.3216 0.6183 0.7171 -0.3220 0.6148 0.7200 -0.1467 -0.3944 -0.9072 -0.3209 0.6249 0.7117 -0.3206 0.6282 0.7090 -0.3203 -0.6306 0.7070 -0.3202 -0.6310 0.7066 -0.3211 -0.6302 0.7069 -0.1537 0.4358 -0.8868 -0.1559 0.4472 -0.8807 -0.3206 0.6299 0.7074 -0.3203 0.6325 0.7052 -0.3210 0.6320 0.7054 -0.1531 -0.4300 -0.8897 -0.1567 -0.4438 -0.8823 -0.3203 -0.6360 0.7021 -0.3197 -0.6430 0.6960 -0.3207 -0.6374 0.7007 -0.3204 0.6330 0.7047 -0.3196 -0.6460 0.6932 -0.3196 -0.6477 0.6916 -0.3195 -0.6481 0.6913 -0.3196 -0.6482 0.6912 -0.3210 0.6326 0.7048 -0.3201 0.6416 0.6971 -0.3207 0.6354 0.7025 -0.3206 0.6436 0.6950 -0.1611 0.4726 -0.8664 -0.1653 0.4867 -0.8578 -0.1608 -0.4715 -0.8670 -0.1660 -0.4978 -0.8513 -0.3207 0.6436 0.6949 -0.1812 -0.5594 -0.8089 -0.1760 -0.5372 -0.8249 -0.1926 -0.5925 -0.7822 -0.3200 -0.6538 0.6857 -0.3197 -0.6573 0.6825 -0.3204 -0.6577 0.6818 -0.1672 -0.5029 -0.8480 -0.3207 0.6437 0.6949 -0.3207 0.6437 0.6948 -0.3204 0.6518 0.6874 -0.3222 0.6474 0.6907 -0.1703 0.5094 -0.8435 -0.1942 -0.5983 -0.7773 -0.2126 -0.6377 -0.7404 -0.1959 -0.6038 -0.7727 -0.3206 -0.6584 0.6810 -0.3209 -0.6580 0.6812 -0.3207 -0.6595 0.6798 -0.3208 -0.6605 0.6788 -0.1783 0.5472 -0.8178 -0.3224 0.6509 0.6873 -0.1859 0.5724 -0.7986 -0.1797 0.5521 -0.8142 -0.1917 0.5900 -0.7843 -0.1940 0.5973 -0.7782 -0.3220 0.6579 0.6808 -0.3224 0.6605 0.6781 -0.2171 -0.6497 -0.7285 -0.2377 -0.6886 -0.6850 -0.2559 -0.7231 -0.6416 -0.2091 -0.6331 -0.7453 -0.3240 -0.6659 0.6720 -0.3239 -0.6597 0.6781 -0.3233 0.6632 0.6750 -0.2239 0.6627 -0.7146 -0.2335 0.6792 -0.6959 -0.2143 -0.6432 -0.7350 -0.2248 -0.6693 -0.7082 -0.3233 -0.6748 0.6634 -0.3224 0.6712 0.6675 -0.3226 0.6736 0.6649 -0.3230 -0.6810 0.6571 -0.2066 0.6244 -0.7533 -0.3246 0.6721 0.6655 -0.2141 0.6409 -0.7371 -0.2605 -0.7333 -0.6280 -0.2298 -0.6794 -0.6968 -0.3238 -0.6862 0.6513 -0.3242 0.6811 0.6565 -0.3235 0.6863 0.6514 -0.2566 -0.7280 -0.6357 -0.3237 -0.6957 0.6413 -0.3234 0.6904 0.6471 -0.3242 -0.6993 0.6371 -0.3237 -0.7046 0.6315 -0.3240 0.6933 0.6437 -0.2523 0.7189 -0.6477 -0.2537 0.7207 -0.6452 -0.2548 0.7226 -0.6426 -0.2777 0.7580 -0.5903 -0.2965 0.7852 -0.5436 -0.2820 0.7651 -0.5789 -0.2773 -0.7597 -0.5882 -0.3248 -0.7083 0.6268 -0.3242 0.6950 0.6417 -0.3265 0.6891 0.6469 -0.3257 0.6959 0.6400 -0.3257 0.7057 0.6292 -0.2977 0.7866 -0.5409 -0.3069 -0.7950 -0.5232 -0.2838 -0.7681 -0.5741 -0.3238 -0.7062 0.6296 -0.3008 -0.7884 -0.5366 -0.2869 -0.7711 -0.5684 -0.3078 -0.7960 -0.5212 -0.2981 0.7870 -0.5402 -0.3074 0.7954 -0.5224 -0.3246 -0.7107 0.6241 -0.3258 0.7065 0.6283 -0.3168 0.8034 -0.5041 -0.3174 0.8039 -0.5030 -0.3289 -0.8126 -0.4811 -0.3317 -0.8144 -0.4761 -0.3326 -0.8158 -0.4732 -0.3361 -0.8185 -0.4660 -0.3251 -0.7118 0.6226 -0.3258 -0.7181 0.6150 -0.3260 0.7065 0.6281 -0.3261 0.7084 0.6259 -0.3410 0.8193 -0.4609 -0.3458 0.8212 -0.4539 -0.3566 0.8285 -0.4318 -0.3447 -0.8236 -0.4503 -0.3264 -0.7193 0.6133 -0.3288 -0.7223 0.6084 -0.3281 0.7105 0.6225 -0.3277 0.7136 0.6192 -0.3284 0.7175 0.6143 -0.3526 -0.8269 -0.4382 -0.3289 0.7184 0.6130 -0.3651 0.8327 -0.4163 -0.3581 -0.8307 -0.4262 -0.3634 -0.8330 -0.4172 -0.3290 0.7256 0.6044 -0.3294 0.7237 0.6065 -0.3295 0.7252 0.6046 -0.3673 0.8334 -0.4130 -0.3710 -0.8354 -0.4055 -0.3296 -0.7248 0.6050 -0.3295 -0.7327 0.5955 -0.3772 -0.8383 -0.3938 -0.3304 -0.7344 0.5928 -0.3312 0.7304 0.5973 -0.3315 0.7301 0.5975 -0.3818 0.8396 -0.3865 -0.3825 0.8398 -0.3852 -0.3827 0.8399 -0.3849 -0.3824 -0.8400 -0.3850 -0.3899 -0.8412 -0.3745 -0.3314 -0.7415 0.5833 -0.3317 0.7300 0.5975 -0.3313 0.7327 0.5945 -0.3329 0.7389 0.5858 -0.4044 -0.8483 -0.3418 -0.4053 -0.8486 -0.3399 -0.4056 -0.8487 -0.3394 -0.4059 -0.8487 -0.3390 -0.4084 -0.8508 -0.3306 -0.4062 -0.8491 -0.3377 -0.3316 -0.7480 0.5749 -0.3965 0.8431 -0.3632 -0.4071 0.8495 -0.3357 -0.4078 0.8497 -0.3342 -0.3306 -0.7533 0.5686 -0.3311 -0.7552 0.5658 -0.3299 -0.7636 0.5551 -0.3322 0.7451 0.5783 -0.3326 0.7469 0.5757 -0.3314 0.7568 0.5635 -0.4155 -0.8554 -0.3094 -0.4195 -0.8588 -0.2940 -0.3295 -0.7678 0.5495 -0.3312 0.7579 0.5620 -0.3306 0.7609 0.5583 -0.4083 0.8500 -0.3329 -0.4177 0.8538 -0.3106 -0.4203 0.8576 -0.2965 -0.4215 -0.8611 -0.2842 -0.4226 -0.8679 -0.2609 -0.3291 -0.7728 0.5427 -0.3293 -0.7740 0.5409 -0.3268 -0.7840 0.5278 -0.3304 0.7666 0.5507 -0.3286 0.7755 0.5391 -0.4238 0.8616 -0.2794 -0.4236 0.8658 -0.2663 -0.4229 -0.8686 -0.2580 -0.3253 -0.7903 0.5192 -0.3285 0.7770 0.5370 -0.4228 0.8692 -0.2564 -0.4221 -0.8710 -0.2512 -0.3245 -0.7950 0.5126 -0.3279 0.7800 0.5330 -0.4222 0.8708 -0.2520 -0.4219 0.8732 -0.2440 -0.4218 0.8748 -0.2385 -0.4150 0.8842 -0.2146 -0.4207 -0.8757 -0.2369 -0.3232 -0.7998 0.5058 -0.3229 -0.8018 0.5029 -0.3257 0.7911 0.5178 -0.3236 0.7991 0.5067 -0.4148 -0.8843 -0.2143 -0.4113 -0.8879 -0.2060 -0.4142 -0.8850 -0.2125 -0.3987 -0.8998 -0.1771 -0.3204 -0.8114 0.4888 -0.3158 -0.8260 0.4669 -0.3229 0.8037 0.4997 -0.4136 0.8859 -0.2099 -0.3972 -0.9013 -0.1732 -0.3144 -0.8308 0.4592 -0.3191 0.8178 0.4789 -0.4080 0.8917 -0.1960 -0.4049 0.8947 -0.1887 -0.4019 0.8973 -0.1824 -0.3992 0.8995 -0.1774 -0.3957 -0.9025 -0.1700 -0.3132 -0.8350 0.4524 -0.2973 -0.8750 0.3820 -0.3136 -0.8334 0.4551 -0.3068 -0.8516 0.4249 -0.3156 0.8275 0.4644 -0.3801 0.9138 -0.1433 -0.3740 0.9179 -0.1330 -0.3921 -0.9053 -0.1633 -0.3089 0.8469 0.4330 -0.3075 0.8503 0.4272 -0.3062 0.8534 0.4217 -0.3911 0.9060 -0.1618 -0.3833 0.9116 -0.1488 -0.3886 0.9078 -0.1575 -0.3676 0.9219 -0.1221 -0.3593 0.9271 -0.1064 -0.3032 -0.8606 0.4092 -0.3052 -0.8556 0.4180 -0.3714 -0.9194 -0.1294 -0.3784 -0.9149 -0.1406 -0.3699 -0.9204 -0.1268 -0.3351 -0.9400 -0.0642 -0.3598 -0.9264 -0.1110 -0.2960 -0.8784 0.3752 -0.2942 -0.8829 0.3659 -0.3575 -0.9278 -0.1067 -0.3357 -0.9397 -0.0655 -0.3374 -0.9388 -0.0689 -0.3479 -0.9334 -0.0884 -0.3007 0.8676 0.3961 -0.2962 0.8773 0.3777 -0.3486 0.9329 -0.0903 -0.3456 0.9346 -0.0843 -0.3433 0.9359 -0.0785 -0.3338 -0.9406 -0.0619 -0.3281 -0.9436 -0.0440 -0.3231 -0.9459 -0.0307 -0.3211 -0.9467 -0.0258 -0.3190 -0.9476 -0.0183 -0.3179 -0.9481 -0.0106 -0.3177 -0.9482 -0.0072 -0.2877 -0.8992 0.3297 -0.2842 -0.9096 0.3031 -0.2955 0.8789 0.3744 -0.2862 0.9060 0.3120 -0.2936 0.8848 0.3618 -0.2885 0.8992 0.3289 -0.3319 0.9416 -0.0571 -0.2839 -0.9105 0.3007 -0.2832 -0.9215 0.2657 -0.3306 0.9423 -0.0528 -0.3296 0.9427 -0.0516 -0.3288 0.9431 -0.0491 -0.3230 0.9458 -0.0328 -0.3218 0.9464 -0.0268 -0.3217 0.9465 -0.0237 -0.3187 0.9477 -0.0164 -0.3178 0.9481 -0.0058 -0.3152 0.9490 0.0012 -0.3141 -0.9493 0.0102 -0.3155 -0.9489 0.0056 -0.2843 0.9135 0.2910 -0.3150 0.9490 0.0102 -0.3140 -0.9494 0.0109 -0.3138 -0.9494 0.0120 -0.3136 -0.9494 0.0183 -0.3121 -0.9498 0.0229 -0.3120 -0.9498 0.0235 -0.3119 -0.9497 0.0279 -0.3124 -0.9495 0.0304 -0.3113 -0.9496 0.0360 -0.2992 -0.9398 0.1650 -0.3084 -0.9427 0.1272 -0.3041 -0.9413 0.1462 -0.2890 -0.9331 0.2138 -0.2967 -0.9376 0.1813 -0.2829 -0.9239 0.2575 -0.2836 -0.9278 0.2423 -0.2839 0.9216 0.2646 -0.2839 0.9294 0.2357 -0.3142 0.9492 0.0138 -0.3138 0.9491 0.0272 -0.3128 0.9491 0.0372 -0.3113 0.9489 0.0511 -0.3118 0.9460 0.0883 -0.3148 0.9491 0.0018 -0.3148 0.9491 0.0082 -0.3148 -0.9492 -0.0007 -0.3148 -0.9491 0.0004 -0.3147 -0.9492 0.0010 -0.2961 0.9389 0.1755 -0.3034 0.9402 0.1547 -0.2844 0.9302 0.2320 -0.3113 -0.9480 0.0671 -0.3111 -0.9478 0.0704 -0.3103 -0.9445 0.1076 -0.3123 -0.9458 0.0888 -0.3121 -0.9453 0.0946 -0.3093 -0.9432 0.1209 -0.2854 -0.9312 0.2267 -0.2893 0.9348 0.2059 -0.2926 0.9373 0.1896 -0.3117 0.9460 0.0895 -0.3116 0.9463 0.0858 -0.3109 0.9457 0.0947 -0.3109 0.9487 0.0572 -0.3118 0.9479 0.0654 -0.3109 -0.9494 0.0453 -0.3123 -0.9486 0.0519 -0.3112 -0.9481 0.0656 -0.3112 -0.9480 0.0666 -0.3064 0.9427 0.1317 -0.3089 0.9434 0.1207</float_array>
          <technique_common><accessor source="#tail_tip-nrm-array" count="2069" stride="3">
            <param name="X" type="float"/><param name="Y" type="float"/><param name="Z" type="float"/>
          </accessor></technique_common>
        </source>
        <vertices id="tail_tip-vtx">
          <input semantic="POSITION" source="#tail_tip-pos"/>
          <input semantic="NORMAL" source="#tail_tip-nrm"/>
        </vertices>
        <triangles material="tail_tip-mat" count="3682">
          <input semantic="VERTEX" source="#tail_tip-vtx" offset="0"/>
          <p>2 1640 1617 2 1617 1642 9 1618 1626 0 1630 1620 0 1620 1631 1 1638 1623 1 1623 1624 5 1625 1641 9 1644 1618 9 1626 1645 10 1628 1619 10 1619 1615 0 1632 1630 1633 3 13 1633 13 1634 1622 4 3 1622 3 1621 3 1633 1621 4 1622 1635 17 1651 1639 1638 1 17 1638 17 1639 1625 5 1 1625 1 1624 1640 2 5 1640 5 1641 6 5 2 6 2 18 18 2 7 1643 8 2 1643 2 1642 8 7 2 1644 9 8 1644 8 1643 9 1645 1627 1616 11 10 1616 10 1615 1648 38 11 1648 11 1646 11 1616 1646 0 38 12 12 1647 1649 1647 12 38 1647 38 1648 1632 0 12 1632 12 1649 1634 13 0 1634 0 1631 13 3 14 4 15 3 1636 29 4 1636 4 1635 29 1636 1637 16 1653 1650 1651 17 16 1651 16 1650 1 5 17 18 5 6 18 24 5 24 33 5 7 8 18 19 20 8 20 24 8 8 9 19 19 9 20 1629 36 9 1629 9 1627 20 9 36 1628 10 36 1628 36 1629 10 11 21 36 10 21 11 38 21 25 0 22 13 22 0 14 3 22 13 14 22 23 3 15 4 29 23 15 4 23 29 1637 1654 39 16 17 5 33 17 24 18 8 24 20 34 36 21 37 37 21 38 38 0 46 46 0 25 22 26 25 22 47 26 22 3 47 27 3 23 28 27 23 30 1655 1656 1655 30 29 1655 29 1654 31 1652 1658 31 1659 1652 16 32 31 1653 16 31 1653 31 1658 16 39 32 33 39 17 40 33 24 34 40 24 35 34 20 35 20 36 47 25 26 47 3 27 23 54 28 49 54 29 29 54 23 49 1657 1661 1657 49 30 1657 30 1656 29 30 49 51 31 32 32 39 51 40 39 33 40 34 41 41 34 42 34 35 42 35 36 43 42 35 43 36 37 44 43 36 44 37 38 61 44 37 61 38 46 45 61 38 45 47 45 46 25 47 46 52 47 48 27 48 47 28 54 48 27 28 48 49 1661 1662 31 1660 1659 1660 31 58 1660 58 1668 31 51 58 58 51 50 41 51 39 41 39 40 43 41 42 43 44 60 60 44 61 45 47 62 62 47 52 48 53 52 48 72 53 48 54 72 55 54 49 63 55 49 1664 57 49 1664 49 1662 1663 56 57 1663 57 1664 56 1663 1665 59 50 51 59 58 50 51 41 59 43 67 41 67 43 68 72 52 53 72 54 55 63 49 74 49 64 74 64 49 57 56 64 57 56 1665 1666 65 1667 1669 1668 58 65 1668 65 1669 75 65 58 75 58 66 66 58 59 66 59 41 41 67 66 43 60 68 60 61 68 61 45 69 68 61 69 45 62 87 69 45 87 87 62 70 72 70 71 62 52 71 70 62 71 52 72 71 78 72 73 55 73 72 63 74 73 55 63 73 56 82 74 64 56 74 1673 82 56 1673 56 1666 65 1671 1667 75 66 84 76 84 66 66 67 76 76 67 86 86 67 68 86 68 77 68 69 77 77 69 87 87 70 88 70 72 88 88 72 78 73 80 78 73 79 80 73 74 79 74 81 89 74 82 81 82 1673 1676 65 1670 1671 93 65 75 93 75 83 83 75 84 85 84 76 76 86 85 77 87 86 101 78 80 80 79 101 89 79 74 81 82 89 1677 90 104 1677 104 1679 1678 91 90 1678 90 1677 1679 104 82 1679 82 1676 91 1678 1684 65 1672 1670 1672 65 93 1672 93 1687 106 93 83 85 83 84 85 106 83 95 94 85 85 86 95 86 87 95 95 87 96 97 1683 1681 87 88 96 96 88 98 97 1674 1683 1674 97 99 1674 99 1675 99 1693 1675 101 98 100 88 78 100 98 88 100 78 101 100 79 103 101 89 102 103 79 89 103 89 82 102 90 91 104 91 1684 1685 1686 92 105 1686 105 1688 1687 93 92 1687 92 1686 113 92 93 93 106 113 115 106 85 85 94 115 107 1680 1690 94 95 115 115 95 117 107 1682 1680 95 96 117 1682 107 97 1682 97 1681 96 98 117 119 98 120 98 101 120 120 101 108 109 108 103 103 108 101 103 102 109 111 110 82 82 110 102 104 91 111 82 104 111 112 1701 1689 1688 105 112 1688 112 1689 92 112 105 113 106 114 114 106 115 126 114 115 115 117 126 136 116 107 116 118 107 126 117 98 107 118 97 111 141 110 121 141 91 91 141 111 1697 122 121 1697 121 1696 1696 121 91 1696 91 1685 122 1697 1698 123 1699 1700 132 1715 1709 1701 112 132 1701 132 1709 112 92 132 133 92 113 133 145 92 133 113 135 135 113 114 134 1692 1704 1692 134 124 1692 124 1691 135 114 125 1691 124 107 1691 107 1690 114 126 125 107 124 136 127 151 126 126 98 127 98 119 128 127 98 128 119 120 128 128 120 152 108 153 152 120 108 152 156 1705 1695 108 109 153 153 109 139 156 1711 1705 109 102 139 129 102 110 110 141 129 130 1713 1712 141 121 131 122 123 121 1699 123 122 1699 122 1698 123 1700 1706 92 145 132 1715 132 145 1715 145 1717 148 133 135 134 1704 1702 135 125 151 151 125 126 116 137 118 127 128 151 118 137 97 137 138 97 128 152 151 97 138 99 1693 99 138 1693 138 1694 1694 138 156 1694 156 1695 102 140 139 102 129 140 165 141 131 143 131 121 121 142 143 121 123 142 144 1718 1716 147 145 133 146 1703 1721 133 148 147 1703 146 134 1703 134 1702 134 149 124 149 136 124 150 148 135 135 151 150 138 154 156 139 155 153 129 155 140 155 139 140 1711 156 130 1711 130 1710 130 1712 1710 129 141 165 1714 130 157 1714 157 1723 130 1714 1713 131 158 167 142 123 143 158 131 143 123 1707 1708 123 1706 1707 1718 144 168 1718 168 1719 1717 145 144 1717 144 1716 169 144 145 145 147 169 147 148 172 146 149 134 172 148 150 136 149 159 172 150 160 159 161 136 136 161 116 150 151 160 116 161 137 151 152 160 160 152 163 137 162 138 162 164 138 152 153 163 153 155 190 163 153 190 138 164 154 155 191 190 155 129 191 131 167 166 165 131 166 143 123 167 123 182 167 158 143 167 1725 182 123 1725 123 1708 168 1726 1719 144 184 168 144 169 184 183 1722 1730 169 147 170 171 159 149 172 160 173 173 160 189 160 163 189 189 163 190 164 162 154 162 174 154 175 176 156 175 156 174 174 156 154 177 191 165 165 191 129 156 176 130 176 157 130 176 175 157 175 178 157 178 179 157 165 166 177 180 166 167 1723 157 181 1723 181 1724 181 1731 1724 167 182 180 182 1725 1735 168 1728 1726 168 1727 1728 183 1730 1720 198 168 184 169 170 184 1722 183 146 1722 146 1721 184 170 199 146 171 149 170 147 199 185 147 172 186 185 172 172 173 186 173 189 186 159 204 188 159 188 161 161 188 137 187 204 159 186 189 202 137 188 162 162 192 174 205 191 177 174 192 175 178 175 179 194 193 166 180 182 194 166 180 194 1736 195 209 1736 209 1737 1737 209 182 1737 182 1735 195 1736 1739 183 1720 1738 168 197 196 1729 168 196 1729 196 1741 168 1729 1727 168 198 197 184 199 198 146 214 171 225 199 147 225 215 199 147 185 225 214 200 171 225 185 186 171 200 159 200 187 159 225 186 202 189 190 202 190 191 201 202 190 201 188 204 162 201 191 205 162 204 192 192 217 175 205 177 255 255 177 166 217 229 175 229 230 175 193 206 166 175 230 179 193 194 206 207 157 179 157 207 181 1731 181 207 1731 207 1732 1732 207 245 1732 245 1734 1734 245 208 1734 208 1733 208 1744 1733 210 1740 1746 1740 210 195 1740 195 1739 196 1742 1741 1742 196 197 1742 197 1743 1743 197 211 1743 211 1751 1749 212 183 1749 183 1738 197 198 199 183 212 234 251 197 199 199 215 251 183 213 214 146 183 214 213 183 234 200 216 187 202 201 225 187 216 204 216 203 204 201 205 255 204 217 192 255 166 218 206 218 166 206 194 218 179 230 207 220 219 182 182 219 194 209 195 220 195 221 220 182 209 220 1744 208 264 1744 264 1745 264 1763 1745 221 195 210 210 1746 1747 1753 223 222 1753 222 1752 222 1755 1752 1751 211 223 1751 223 1753 197 235 223 197 223 211 251 215 239 239 215 224 200 214 216 225 224 215 225 201 224 216 256 203 224 201 226 203 256 204 226 201 255 204 256 217 255 218 227 217 228 229 219 231 194 219 220 231 232 220 221 232 221 210 232 1759 1761 232 1748 1759 232 1754 1748 1754 232 210 1754 210 1747 1755 222 223 1755 223 1756 1756 223 233 1756 233 1757 1750 234 212 1750 212 1749 234 1750 1765 236 223 235 197 251 235 234 237 213 214 213 238 253 239 224 214 238 216 238 240 216 224 226 253 253 226 255 255 227 257 256 241 217 257 227 260 217 241 228 227 218 260 260 218 242 218 194 242 229 228 230 228 261 230 243 242 231 231 242 194 230 261 244 207 230 244 244 245 207 231 220 243 264 208 245 220 232 246 232 1761 1760 247 1771 1758 1757 233 247 1757 247 1758 223 249 248 223 248 247 223 247 233 223 236 249 234 1765 1766 250 236 235 235 251 250 213 237 269 271 251 239 213 252 238 269 252 213 272 271 239 239 253 272 240 254 216 216 254 256 256 258 241 258 259 241 241 259 228 260 242 243 261 245 244 261 275 245 262 311 243 262 243 220 220 246 262 264 245 263 1775 265 246 1775 246 1767 1763 264 295 1763 295 1764 1767 246 232 1767 232 1762 295 1779 1764 232 1760 1762 1768 266 267 1768 267 1769 267 1774 1769 1771 247 268 1771 268 1772 247 248 249 270 247 249 237 234 269 1774 267 234 1774 234 1766 270 249 236 270 236 271 271 236 250 271 250 251 252 240 238 273 302 272 253 255 272 254 240 256 240 258 256 255 257 273 272 255 273 273 257 290 257 260 274 290 257 274 274 260 290 260 291 290 275 228 292 292 228 259 260 243 291 228 275 261 293 291 243 275 276 245 276 295 245 243 311 293 294 311 246 246 311 262 245 295 277 263 245 277 277 264 263 295 264 277 1776 278 265 1776 265 1775 246 265 294 278 1776 1777 1770 279 266 1770 266 1768 279 1770 1780 281 1783 1773 1772 268 281 1772 281 1773 266 280 267 247 283 282 247 282 281 247 281 268 247 270 283 234 299 269 234 298 299 234 267 298 284 270 271 300 284 271 299 285 269 300 271 286 269 285 252 271 272 286 252 287 240 286 272 302 287 288 240 240 288 258 288 287 258 273 290 302 302 290 305 287 289 258 258 289 259 289 292 259 292 309 275 309 276 275 265 278 294 324 296 295 1788 314 278 1788 278 1778 1787 295 327 1787 327 1790 327 295 296 278 1777 1778 295 1787 1779 1790 327 297 1790 297 1789 297 1791 1789 281 1784 1783 279 280 266 281 282 283 283 270 281 300 270 284 300 286 301 302 301 286 287 252 303 304 287 303 287 307 289 306 287 304 307 287 306 308 305 290 291 308 290 307 309 289 337 308 310 308 291 310 289 309 292 310 291 337 309 322 276 293 311 337 291 293 337 294 321 311 295 276 312 312 324 295 278 313 294 313 278 314 314 1788 1793 279 1780 1782 281 1785 1784 280 279 315 281 1786 1785 1786 281 332 1786 332 1800 316 332 281 270 317 316 270 316 281 317 270 300 318 319 299 299 319 285 334 317 300 334 300 301 285 319 252 319 303 252 301 302 334 334 302 336 302 305 336 336 305 320 308 346 320 305 308 320 307 306 309 306 338 309 309 338 322 337 311 321 322 340 276 340 324 276 294 367 323 294 325 367 321 294 323 276 324 312 313 325 294 324 341 296 325 314 326 325 313 314 296 341 327 1794 326 314 1794 314 1793 297 327 328 326 1794 1801 297 1792 1791 329 1798 1781 329 1781 1804 1798 329 279 1798 279 1782 1800 332 330 1800 330 1799 280 315 331 280 298 267 331 298 280 332 316 317 298 333 299 333 318 299 319 335 303 347 334 336 346 336 320 303 335 304 304 335 306 346 308 337 321 339 337 338 340 322 339 321 323 352 324 340 325 351 367 325 371 351 352 341 324 371 325 326 341 328 327 1807 342 326 1807 326 1801 355 297 328 1792 297 355 1792 355 1810 329 1804 1795 279 343 315 279 329 343 330 1806 1799 315 298 331 380 330 332 332 317 380 380 317 363 318 344 319 345 363 317 317 334 345 345 334 347 336 346 347 346 337 348 306 366 338 337 339 385 348 337 385 339 323 385 338 349 340 350 340 349 350 352 340 341 352 354 326 356 353 371 326 353 356 326 342 341 355 328 342 1807 1808 329 1795 1805 329 315 343 358 315 329 1806 330 357 1806 357 1809 298 315 359 360 330 380 298 361 333 333 361 318 380 363 362 344 364 319 318 361 344 345 347 363 319 364 335 363 347 346 364 365 335 346 348 363 363 348 385 335 365 306 306 365 366 368 338 366 385 323 367 338 368 349 349 368 350 368 391 350 351 392 369 367 351 369 350 391 352 351 371 392 370 352 391 352 370 354 370 341 354 372 353 356 341 370 373 355 341 373 396 355 373 372 356 342 375 355 396 372 1811 1816 1811 372 342 1811 342 1808 1810 355 375 1810 375 1812 375 1802 1812 1797 414 376 1797 376 1796 376 1814 1796 414 1797 1818 1814 376 329 1814 329 1805 377 329 376 357 1815 1809 358 359 315 329 377 358 378 357 330 378 400 357 330 360 378 298 399 361 298 359 399 380 379 378 380 378 360 380 362 402 344 381 364 402 362 363 364 382 384 364 381 382 402 363 383 364 384 365 383 363 385 384 388 365 388 384 387 365 388 366 389 386 367 367 386 385 366 388 368 388 390 368 367 369 389 368 390 391 394 392 371 391 393 370 393 395 370 394 353 372 394 371 353 396 370 395 370 396 373 408 372 374 1817 374 372 1817 372 1816 1802 375 413 1802 413 1803 413 1824 1803 414 1818 1813 414 1813 1830 357 398 397 1815 357 397 1815 397 1819 357 400 398 377 359 358 401 378 379 361 417 344 417 361 399 379 380 401 401 380 402 382 381 384 381 403 384 404 402 383 404 420 402 383 385 404 385 386 420 404 385 420 384 403 387 389 369 386 388 387 390 387 405 390 390 405 391 392 406 369 392 394 406 372 408 409 407 394 372 409 407 372 396 395 410 424 396 410 411 374 412 411 408 374 396 413 375 396 427 413 412 1820 1823 1820 412 374 1820 374 1817 414 415 376 397 1821 1819 415 377 376 434 397 398 359 417 399 377 416 359 398 400 378 436 398 378 378 401 436 417 440 344 436 401 439 440 418 344 344 418 381 401 402 419 439 401 419 419 402 420 381 418 403 420 386 443 386 369 443 443 369 421 387 446 405 422 421 406 406 421 369 395 391 446 446 391 405 406 447 422 406 394 447 391 395 393 409 394 407 453 424 395 453 395 423 408 425 409 395 424 410 425 408 411 396 424 453 453 427 396 456 427 453 426 411 412 1832 428 412 1832 412 1823 1824 413 427 1824 427 1825 1838 429 414 1838 414 1830 459 1840 1837 414 430 431 415 414 431 430 414 429 432 415 431 377 433 435 416 377 435 432 377 415 433 377 432 397 434 503 1822 397 503 1822 503 1839 397 1822 1821 416 435 359 398 462 434 398 436 462 435 417 359 464 465 436 436 439 464 440 417 438 417 437 438 440 441 418 420 439 419 420 442 439 420 443 442 418 441 403 403 441 387 441 488 387 445 442 443 488 444 387 443 421 445 444 446 387 421 422 445 448 446 449 446 448 395 448 449 395 449 423 395 394 451 447 409 450 451 409 452 450 394 409 451 454 452 425 425 452 409 454 425 411 453 470 455 455 456 453 454 426 412 411 426 454 427 456 496 458 427 496 1833 454 428 1833 428 1832 412 428 454 1825 427 458 1825 458 1826 458 1827 1826 1827 458 499 1827 499 1829 1829 499 477 1829 477 1828 477 1836 1828 459 1837 1842 429 431 430 503 1831 1839 460 503 434 484 434 462 417 435 461 436 465 462 417 463 437 461 463 417 438 437 440 437 466 440 464 439 442 440 466 486 464 442 467 468 441 440 509 441 468 488 441 509 442 445 467 467 445 422 444 488 446 422 447 469 451 469 447 449 491 423 451 450 469 450 452 469 470 423 491 423 470 453 454 471 472 454 475 471 452 454 472 474 455 470 474 470 473 475 454 476 476 454 457 1834 457 454 1834 454 1833 477 1843 1836 1840 459 478 1840 478 1841 1849 501 459 1849 459 1842 1841 478 429 1841 429 1838 479 431 429 480 431 479 432 502 481 480 432 431 502 432 480 503 1845 1831 503 460 482 432 481 433 434 483 482 434 482 460 434 484 483 433 461 435 485 484 462 462 465 485 507 465 464 524 507 464 486 468 440 464 467 524 508 467 487 467 422 487 422 469 508 487 422 508 488 489 446 508 469 490 446 489 449 469 493 490 489 491 449 452 493 469 491 492 470 472 471 493 471 475 493 452 472 493 492 473 470 473 455 474 473 512 455 494 475 476 455 512 496 456 455 496 494 457 515 494 476 457 496 497 514 458 496 514 515 1835 1846 1835 515 457 1835 457 1834 499 458 498 500 459 501 501 1849 1850 500 478 459 478 479 429 503 1853 1845 504 503 482 502 505 481 481 505 433 520 482 483 433 506 461 461 506 463 483 484 507 507 484 485 437 506 466 437 463 506 507 485 465 466 526 486 524 467 508 486 509 468 528 488 509 488 528 489 493 510 490 489 492 491 489 528 492 493 511 510 475 511 493 492 512 473 492 549 512 475 494 511 513 494 495 495 494 515 458 514 498 515 1846 1855 499 536 477 1844 477 536 1844 536 1847 477 1844 1843 500 501 516 501 1850 1851 501 1851 1852 516 478 500 517 479 478 518 479 517 502 480 537 518 480 479 1854 503 519 1854 519 1861 503 1854 1853 503 504 519 537 505 502 482 520 519 482 519 504 521 520 483 542 483 507 506 523 466 524 542 507 466 523 526 524 508 544 486 526 509 525 526 523 544 508 490 509 526 528 526 527 528 510 529 490 510 511 529 531 492 530 530 492 528 492 531 549 511 513 532 494 513 511 512 549 550 550 496 512 533 513 495 497 496 535 535 514 497 515 1855 1856 1863 533 515 1863 515 1856 495 515 533 514 535 552 552 498 514 499 498 536 554 501 577 1860 577 501 1860 501 1852 577 1860 1866 554 516 501 516 517 478 518 537 480 557 519 520 538 539 505 505 539 433 540 557 520 520 521 540 433 539 506 483 541 540 483 540 521 483 542 541 522 543 506 506 539 522 506 543 523 560 542 524 560 524 544 544 490 560 525 545 526 560 490 546 526 545 527 490 529 546 547 528 545 545 528 527 528 547 530 530 547 531 547 568 531 532 548 511 548 513 569 548 532 513 568 549 531 513 533 569 496 550 535 551 533 534 1864 534 533 1864 533 1863 534 1864 1865 498 552 536 552 575 536 577 1866 1869 553 517 516 555 517 553 555 518 517 537 556 505 519 557 581 1862 519 581 1862 581 1876 519 1862 1861 505 558 538 557 540 541 539 538 522 541 542 583 522 538 543 583 542 559 543 561 523 559 542 560 561 562 523 523 562 525 560 546 586 525 562 545 586 546 563 546 529 563 563 529 564 545 562 547 565 564 511 511 564 529 547 566 568 548 565 567 511 548 567 565 511 567 533 551 569 549 570 550 549 568 570 570 535 550 594 551 534 535 570 572 572 552 535 573 552 572 594 1867 1872 1867 594 534 1867 534 1865 552 573 574 574 575 552 536 575 595 536 595 576 1847 536 576 1847 576 1848 576 1857 1848 1870 598 577 1870 577 1869 598 1870 1875 577 597 554 597 516 554 578 553 516 518 579 537 555 580 518 553 580 555 537 579 556 558 505 582 579 505 556 582 505 579 558 582 538 582 584 538 583 604 557 604 646 557 557 541 583 538 584 585 538 585 543 585 587 543 560 583 559 560 586 583 543 588 561 561 588 562 607 586 563 562 588 547 588 589 547 563 564 607 609 590 547 609 547 589 565 608 607 564 565 607 547 590 566 565 548 608 608 548 591 566 590 568 590 611 568 569 591 548 568 611 570 551 593 591 569 551 591 570 611 632 592 570 632 593 551 594 1871 571 594 1871 594 1872 575 573 595 574 573 575 576 595 596 1857 576 596 1857 596 1858 1858 596 617 1858 617 1859 617 1868 1859 617 1874 1868 577 598 597 598 1875 1878 578 516 599 599 516 597 518 601 579 581 602 620 581 620 600 1876 581 600 1876 600 1877 557 621 602 557 602 581 557 646 621 584 582 603 604 583 586 587 606 543 604 586 605 543 606 588 586 607 605 589 588 606 591 610 608 609 611 590 591 631 610 591 612 631 593 612 591 612 613 614 612 594 613 612 593 594 592 634 570 570 634 572 613 594 571 572 635 573 573 635 615 1873 613 571 1873 571 1871 573 616 595 573 615 616 617 1882 1874 597 598 661 1885 661 598 1885 598 1878 553 578 618 599 597 578 618 580 553 1879 600 640 1879 640 1887 600 1879 1877 619 518 580 579 665 582 579 601 665 643 602 621 584 622 587 584 603 622 603 582 622 584 587 585 623 646 604 624 587 625 604 605 623 624 606 587 626 605 607 608 626 607 610 626 627 626 608 627 589 628 609 627 608 610 609 628 611 628 673 611 673 629 611 629 632 611 612 630 631 612 633 630 632 634 592 632 652 634 633 612 614 634 635 572 1881 614 613 1881 613 1880 613 1873 1880 616 615 636 616 636 596 616 596 595 596 637 617 661 660 597 661 1885 1886 661 1886 1891 660 662 597 638 578 597 618 639 580 638 618 578 640 1897 1887 518 665 601 518 641 665 619 641 518 639 619 580 642 640 620 620 640 600 602 643 642 602 642 620 665 622 582 665 644 622 667 643 621 693 667 621 621 646 693 605 646 623 587 622 625 624 647 606 648 668 605 648 626 668 605 626 648 606 647 589 589 647 628 647 649 628 626 610 669 649 650 628 650 673 628 631 651 610 631 630 651 630 633 651 629 652 632 629 673 652 653 633 614 652 654 634 635 654 656 634 654 635 1889 679 653 1889 653 1888 1888 653 614 1888 614 1881 635 656 615 679 1889 1890 657 596 636 596 657 658 637 596 659 596 658 659 637 659 617 1882 617 659 1882 659 1883 1892 682 661 1892 661 1891 597 687 638 597 686 687 597 662 686 638 639 618 1897 640 663 1897 663 1901 664 640 642 641 666 665 639 641 619 739 642 643 667 739 643 665 695 644 666 695 665 692 667 693 622 644 645 646 605 693 622 645 625 693 605 668 625 645 624 645 670 647 624 645 647 668 626 697 697 626 669 647 670 649 717 669 610 671 649 670 651 717 672 610 651 672 717 610 672 650 649 673 649 671 673 633 674 651 673 675 652 675 673 701 633 653 674 652 675 654 654 676 677 654 701 676 654 675 701 702 653 655 654 678 656 654 677 678 655 653 679 656 678 615 615 680 636 615 678 680 679 1890 1904 658 657 659 1883 659 681 1883 681 1884 681 1898 1884 1898 681 729 1898 729 1899 729 1900 1899 1893 683 682 1893 682 1892 684 662 685 685 662 660 682 660 661 682 683 660 683 685 660 638 688 639 1902 689 711 1902 711 1903 1901 663 689 1901 689 1902 690 689 640 640 689 663 640 664 690 639 691 641 642 713 690 642 690 664 642 739 713 714 739 667 667 692 714 644 695 645 645 695 694 668 697 693 694 696 645 645 696 670 697 669 715 669 717 715 670 699 671 699 670 718 717 651 698 700 698 674 674 698 651 671 699 673 699 701 673 674 653 700 653 702 700 703 702 655 1905 703 679 1905 679 1904 655 679 703 636 704 705 680 704 636 636 705 657 657 705 706 659 657 681 1894 685 683 1894 683 1893 1896 731 685 1896 685 1894 1895 707 731 1895 731 1896 707 1895 1907 662 710 686 662 732 710 684 732 662 708 684 685 710 687 686 709 638 687 688 638 709 639 688 712 737 690 713 641 738 666 712 691 639 666 738 695 738 740 695 741 739 714 692 693 714 714 693 715 715 693 697 694 716 696 696 716 670 716 718 670 720 699 718 700 719 698 699 720 701 721 700 702 701 722 676 701 720 722 703 723 702 676 722 677 1910 724 703 1910 703 1906 723 703 724 678 677 680 703 1905 1906 680 725 704 706 705 726 706 726 657 726 727 657 657 727 681 681 727 728 681 728 729 729 1912 1900 1908 758 707 1908 707 1907 758 1908 1915 730 708 685 730 685 731 708 732 684 733 687 732 732 687 710 711 1909 1903 733 709 687 735 711 689 690 735 689 736 735 690 690 737 736 691 712 641 734 712 688 765 737 713 713 739 765 641 768 738 740 742 695 714 715 741 695 742 694 742 746 716 694 742 716 715 717 743 741 715 743 744 746 742 743 717 745 716 746 718 717 698 745 698 771 745 698 719 771 718 746 720 720 746 747 749 719 700 776 748 720 721 702 749 700 721 749 720 748 722 722 748 776 750 778 702 750 702 723 722 751 677 750 724 752 723 724 750 677 751 680 680 751 725 753 1911 1920 1911 753 724 1911 724 1910 725 705 704 726 705 755 726 755 727 756 727 755 727 756 728 729 728 757 728 756 757 1912 729 757 1912 757 1913 758 731 707 758 759 731 708 760 732 784 760 708 784 708 838 838 708 730 733 732 785 760 784 732 784 785 732 709 761 688 1909 711 762 1909 762 1917 711 735 762 761 734 688 735 763 762 737 789 735 737 735 736 712 764 641 768 641 766 641 764 766 767 765 739 768 769 740 738 768 740 767 739 792 792 739 741 740 769 742 741 743 792 769 772 742 743 745 792 742 772 744 770 772 769 792 745 771 772 773 746 744 772 746 746 773 747 747 773 720 773 775 720 749 774 719 775 776 720 778 774 702 702 774 749 776 777 722 778 750 779 779 752 724 750 752 779 725 751 797 779 753 834 1921 834 753 1921 753 1920 724 753 779 725 754 705 705 781 755 705 754 781 1913 757 782 1913 782 1914 782 1922 1914 1916 804 758 1916 758 1915 731 783 730 783 731 805 805 731 759 758 805 759 783 838 730 786 785 784 733 785 787 1917 762 763 1917 763 1918 709 811 761 733 811 709 734 761 712 735 789 763 788 712 761 737 813 789 765 813 737 764 790 766 765 767 813 766 790 768 767 792 815 768 790 769 790 793 769 793 790 821 769 793 770 770 793 772 771 719 795 822 771 795 772 793 773 719 822 795 719 774 822 773 793 775 775 793 796 776 796 777 776 775 796 824 774 778 777 797 722 798 778 779 722 797 751 797 799 725 725 799 800 834 1921 1926 780 779 834 725 800 754 754 800 781 781 800 833 781 833 755 833 801 755 755 801 756 756 801 802 756 802 757 802 782 757 1922 782 803 1922 803 1923 803 1927 1923 804 1916 1924 852 805 758 804 852 758 805 806 783 806 838 783 784 838 786 787 809 733 786 787 785 807 1925 1919 1918 763 807 1918 807 1919 733 808 811 733 809 808 763 810 807 761 811 788 789 812 810 789 810 763 712 788 764 813 812 789 814 764 788 815 813 767 764 817 791 790 764 791 816 764 814 817 764 816 791 817 790 790 817 821 821 817 819 820 815 792 820 822 815 822 818 815 792 771 820 771 822 820 821 825 794 793 821 794 825 821 823 794 825 793 822 774 824 793 825 796 827 893 824 796 825 777 777 825 826 827 824 778 777 828 797 827 798 779 778 798 827 797 828 799 827 779 780 799 830 800 800 831 832 800 830 831 834 1926 1930 780 834 827 833 800 832 833 835 801 802 836 782 802 801 836 878 852 804 804 1924 1928 1935 878 804 1935 804 1928 852 806 805 852 880 806 880 838 806 838 839 786 838 853 839 838 840 853 838 837 840 839 787 786 839 853 787 807 1929 1925 1929 807 841 1929 841 1936 808 809 811 811 809 857 812 813 810 788 842 814 813 815 860 814 842 816 816 842 817 860 815 863 863 815 818 842 844 819 817 842 819 844 842 864 818 822 863 863 822 843 819 844 821 821 844 823 845 843 824 824 843 822 823 844 825 825 844 826 826 844 846 827 847 893 824 893 845 777 846 828 777 826 846 847 827 869 869 827 829 848 901 827 829 827 901 831 830 832 832 830 833 1938 848 834 1938 834 1930 827 834 848 835 849 801 836 850 782 803 782 850 1927 803 851 1927 851 1931 851 1932 1931 851 1933 1932 838 880 879 837 838 879 852 881 880 853 840 882 854 1944 1937 787 887 809 787 853 887 1936 841 854 1936 854 1937 807 854 841 855 809 887 810 856 888 810 888 854 810 854 807 811 859 788 811 857 859 855 857 809 813 858 856 813 856 810 788 859 842 858 813 860 842 859 861 861 859 862 842 861 864 863 843 892 845 893 892 843 845 892 866 867 844 864 866 844 844 867 846 847 868 893 846 867 828 828 920 897 868 869 899 868 847 869 828 897 799 799 897 830 830 897 871 829 901 869 833 830 871 872 833 871 833 872 835 848 1938 1939 835 873 849 849 836 801 874 850 836 803 875 876 803 850 875 876 875 851 876 851 803 1933 851 877 1933 877 1934 877 1947 1934 878 881 852 878 1935 1940 840 906 882 887 853 883 853 884 883 882 884 853 854 886 885 854 888 886 889 857 855 890 856 858 858 860 890 859 857 862 891 857 889 862 857 891 890 860 892 892 860 863 862 914 861 866 864 861 865 894 866 868 895 893 866 894 867 868 898 895 867 894 828 828 896 920 828 894 896 898 868 899 871 897 920 899 869 870 872 900 835 1946 901 848 1946 848 1939 870 869 901 835 900 873 873 902 849 849 902 836 836 902 874 850 874 875 875 903 851 877 851 903 1947 877 904 1947 904 1951 1942 930 878 1942 878 1940 1941 928 930 1941 930 1942 928 1941 1943 928 1943 1948 930 881 878 837 879 905 931 880 881 840 905 906 840 837 905 879 953 905 907 1958 1949 907 1949 1945 1944 854 907 1944 907 1945 882 908 884 854 885 907 909 885 886 888 910 909 888 909 886 884 887 883 856 911 910 856 910 888 912 855 887 911 856 890 889 855 891 940 855 912 891 855 940 862 891 914 939 890 913 890 892 913 914 915 861 913 892 939 861 915 866 892 893 916 939 892 916 866 915 865 893 895 916 865 917 894 895 941 916 894 917 896 919 895 898 896 917 920 920 917 918 919 898 899 871 947 872 871 965 947 871 920 965 919 899 870 901 1946 1950 1960 951 901 1960 901 1950 951 950 901 919 901 950 870 901 919 873 900 902 874 902 922 923 874 922 874 924 875 874 923 924 925 903 875 877 903 926 904 877 926 904 1952 1951 930 928 927 928 1948 1955 928 1955 1963 881 929 931 929 881 930 880 953 879 953 880 979 979 880 931 954 905 953 882 932 908 906 932 882 885 933 907 885 909 933 908 934 884 935 909 910 887 936 937 884 936 887 887 937 912 959 910 911 912 937 940 940 937 938 939 911 890 940 865 914 891 940 914 865 940 944 940 942 944 939 916 941 914 865 915 944 943 917 865 944 917 917 943 918 946 943 944 919 948 945 895 919 945 918 943 920 920 946 965 920 943 946 948 919 921 947 949 872 950 921 919 900 872 949 951 1960 1964 900 922 902 924 923 875 875 923 925 903 925 926 904 926 952 1952 904 952 1952 952 1953 978 928 976 1975 976 928 1975 928 1963 982 929 977 977 929 930 927 977 930 928 977 927 982 931 929 982 979 931 953 979 954 907 1959 1956 907 1956 1958 909 955 933 935 955 909 884 956 936 934 956 884 910 955 935 957 910 959 936 942 938 937 936 938 942 936 958 911 939 959 938 942 940 939 941 959 942 962 944 962 942 992 992 942 960 959 941 961 944 962 963 941 895 991 961 941 991 895 945 991 944 963 946 946 963 965 948 964 945 947 965 966 964 967 1019 964 921 967 964 948 921 947 968 949 947 966 968 950 970 921 967 921 970 949 968 900 922 971 973 900 971 922 900 969 971 900 968 969 1965 972 951 1965 951 1964 970 950 951 972 970 951 922 973 923 923 973 974 923 974 925 998 926 925 1953 952 975 1953 975 1954 952 926 975 975 1967 1954 1000 1961 1968 976 1975 1974 1034 977 928 978 1034 928 1976 978 976 1976 976 1974 979 982 980 981 980 982 981 982 1002 979 1005 954 979 981 1005 980 981 979 983 1979 1957 983 1957 1972 905 984 906 954 984 905 985 986 907 985 907 933 932 934 908 933 955 985 910 1010 955 1010 910 957 934 988 936 956 934 936 988 934 987 989 1010 957 936 988 958 989 957 1013 1013 957 959 988 990 942 958 988 942 990 988 1012 959 961 1013 942 990 960 1013 961 991 960 990 992 992 990 1014 992 966 963 962 992 963 966 992 993 964 995 945 963 966 965 964 994 995 994 964 1019 1019 967 970 1966 1027 972 1966 972 1965 970 972 1027 996 973 971 997 1028 974 974 1028 925 925 1028 998 999 926 998 975 926 1030 1967 975 1030 1967 1030 1969 1969 1030 1000 1969 1000 1968 1961 1000 1001 1961 1001 1962 1001 1970 1962 1031 1987 1971 1034 1004 977 1057 1034 978 1003 1002 982 977 1003 982 1004 1003 977 1005 981 1002 954 1005 1006 984 954 1006 1959 907 1007 1959 1007 1973 1007 907 986 906 1042 932 906 1008 1042 984 1008 906 1009 986 955 955 986 985 932 1042 934 1010 1041 1009 1010 1009 955 987 1011 988 1043 1010 989 988 1011 1012 1095 989 1013 990 1012 1014 1014 1012 1049 1048 1013 945 945 1013 991 945 995 1015 1048 945 1015 1014 1016 993 992 1014 993 1016 1014 1017 995 1048 1015 995 994 1048 993 1016 966 966 1018 1020 966 1017 1018 966 1016 1017 966 1020 968 968 1020 969 970 1024 1025 1021 970 1025 1019 970 1021 969 1022 971 1023 971 1022 971 1023 996 1027 1966 1985 1024 970 1027 996 1026 973 973 1026 974 974 1026 997 998 1028 999 999 1029 926 1030 926 1029 1000 1030 1001 1970 1001 1031 1970 1031 1971 1032 1982 1977 1034 1057 1033 978 1976 1978 1058 1981 1984 1032 1983 1982 1983 1032 1058 1983 1058 1984 1032 1977 1990 1034 1003 1004 1002 1036 1035 1059 1002 1003 1060 1002 1059 983 1980 1979 1980 983 1037 1980 1037 1997 1005 1038 1006 1005 1035 1038 1005 1002 1035 1039 1063 983 1039 983 1007 1973 1007 983 1973 983 1972 984 1006 1040 986 1039 1007 1008 984 1042 1009 1041 986 1093 1041 1010 934 1044 987 934 1042 1044 1040 1042 984 1043 1093 1010 987 1044 1011 1095 1043 989 1044 1045 1011 1011 1045 1012 1046 1095 1013 1046 1048 1095 1012 1045 1049 1049 1045 1047 1013 1048 1046 1014 1049 1017 994 1050 1048 1019 1072 1050 1019 1051 1072 994 1019 1050 1051 1019 1021 1052 1051 1021 1020 1018 969 1022 969 1018 1052 1025 1024 1021 1025 1052 1023 1053 996 996 1053 1026 1999 1077 1027 1999 1027 1986 1027 1985 1986 1027 1077 1075 1052 1027 1075 1024 1027 1052 997 1076 1028 997 1107 1076 1111 999 1028 1030 1029 1054 1001 1030 1054 1001 1079 1031 1987 1031 1055 1987 1055 1988 1988 1055 1056 1988 1056 1989 1056 2003 1989 1057 978 1082 1082 978 1058 1981 1058 978 1981 978 1978 1991 1120 1032 1991 1032 1990 1992 1121 1120 1992 1120 1991 1121 1992 1993 1059 1003 1086 1086 1003 1034 1033 1086 1034 1057 1086 1033 1088 1057 1082 1060 1036 1002 1061 1035 1036 1060 1061 1036 1063 1062 983 983 1062 1037 1038 1064 1006 1038 1035 1064 1006 1067 1040 1064 1065 1006 986 1066 1039 1041 1066 986 1041 1093 1066 1042 1040 1067 1067 1045 1044 1042 1067 1044 1095 1093 1043 1069 1045 1098 1095 1048 1097 1045 1069 1047 1069 1070 1049 1047 1069 1049 1050 1097 1048 1049 1070 1017 1017 1070 1018 1018 1070 1071 1022 1071 1070 1018 1071 1022 1022 1101 1073 1072 1052 1074 1051 1052 1072 1022 1073 1023 1023 1073 1053 997 1026 1107 1028 1076 1111 1112 2002 2000 1112 2000 2017 2002 1112 1077 2002 1077 2001 1077 1999 2001 1111 1029 999 1054 1029 1114 1001 1054 1114 1079 1001 1114 1080 1031 1079 1055 1031 1115 1055 1115 1056 2003 1056 1081 2003 1081 2006 1084 1083 1058 1084 1058 1085 1085 1058 1032 1120 1119 1032 1994 1122 1121 1994 1121 1993 1148 1995 1996 1087 1086 1057 1057 1088 1087 1083 1082 1058 1060 1059 1089 1089 1059 1125 1086 1125 1059 2004 1090 1127 2004 1127 2005 1090 2004 1998 1997 1037 1090 1997 1090 1998 1060 1089 1061 1037 1062 1090 1091 1035 1061 1039 1092 1063 1065 1094 1006 1066 1133 1039 1006 1094 1067 1093 1133 1066 1067 1094 1068 1135 1093 1095 1067 1068 1045 1097 1135 1095 1045 1068 1098 1098 1068 1096 1098 1070 1069 1070 1098 1099 1050 1100 1135 1097 1050 1135 1070 1099 1101 1102 1100 1072 1072 1100 1050 1070 1101 1022 1101 1103 1073 1102 1074 1052 1072 1074 1102 1073 1103 1053 1053 1105 1106 1053 1103 1105 1108 1104 1075 1102 1075 1104 1052 1075 1102 1053 1106 1026 1107 1026 1106 1076 1109 1110 1107 1109 1076 1108 1077 1112 1075 1077 1108 1111 1076 1110 1111 1113 1029 1029 1113 1078 1078 1144 1029 1114 1029 1144 1079 1114 1080 1080 1115 1031 1116 1056 1115 1116 1081 1056 2006 1081 1117 2006 1117 2007 1085 1032 1118 1118 1032 1119 1119 1120 1123 1995 1148 1122 1995 1122 1994 1148 1996 2043 1082 1083 1088 1088 1083 1087 1085 1083 1084 1118 1083 1085 1119 1083 1118 1121 1123 1120 1124 1121 1122 1126 1125 1086 1087 1126 1086 1149 1126 1087 1127 2032 2005 1128 1061 1089 1128 1089 1129 1125 1129 1089 1035 1091 1130 1064 1035 1130 1061 1128 1091 1131 1062 1063 1131 1063 1092 1159 1064 1130 1092 1039 1133 1065 1064 1094 1132 1094 1064 1093 1135 1133 1094 1134 1096 1068 1094 1096 1166 1134 1094 1134 1138 1098 1096 1134 1098 1098 1138 1099 1169 1138 1134 1100 1137 1135 1099 1138 1101 1101 1138 1139 1102 1136 1137 1102 1140 1136 1100 1102 1137 1139 1141 1101 1140 1102 1142 1101 1141 1103 1142 1102 1104 1103 1141 1105 1106 1105 1141 1106 1141 1107 1110 1109 1111 2034 1143 1112 2034 1112 2017 1112 1143 1175 1104 1108 1112 1175 1104 1112 1078 1113 1144 1080 1114 1144 1080 1178 1115 1116 1145 1081 1146 1117 1081 2007 1117 1146 2007 1146 2008 1146 2009 2008 2009 1146 1147 2009 1147 2010 1182 2013 2012 1183 2041 2014 1258 2045 2016 1087 1083 1150 1149 1087 1150 1119 1185 1083 1121 1151 1123 1124 1151 1121 1151 1124 1122 1148 1151 1122 2015 1152 1258 2015 1258 2016 1152 2015 2019 1152 2019 2020 2021 1153 1152 2021 1152 2020 1154 2022 2023 2022 1154 1153 2022 1153 2021 1222 2026 2063 1192 1155 1126 1149 1192 1126 1155 1125 1126 1192 1125 1155 1090 1062 1127 1128 1125 1091 1128 1129 1125 1131 1160 1062 1091 1159 1130 1092 1161 1160 1092 1160 1131 1064 1163 1132 1064 1196 1163 1159 1196 1064 1133 1162 1161 1133 1161 1092 1132 1163 1094 1199 1162 1133 1094 1163 1166 1166 1163 1164 1165 1133 1135 1165 1167 1133 1167 1199 1133 1166 1168 1134 1135 1137 1167 1165 1135 1167 1134 1168 1169 1136 1140 1137 1139 1169 1168 1138 1169 1139 1170 1140 1142 1139 1171 1141 1141 1171 1174 1170 1173 1208 1170 1104 1173 1170 1142 1104 1141 1174 1107 1107 1174 1109 1173 1104 1175 1111 1109 1174 1242 1111 1174 1111 1242 1176 1210 1175 1143 1111 1176 1113 1144 1113 1176 1080 1144 1177 1143 2034 2035 1178 1080 1177 1179 1115 1178 1081 1145 1180 1146 1081 1180 1146 1180 1147 1184 2036 2018 2036 1184 1254 2036 1254 2037 1254 2038 2037 2010 1147 1181 2010 1181 2011 2011 1181 1182 2011 1182 2012 2013 1182 1183 2013 1183 2014 2041 1183 1184 2041 1184 2042 1184 2018 2042 1186 1185 1216 1216 1185 1119 1123 1216 1119 1151 1217 1123 1148 1219 1151 2045 1258 1187 2045 1187 2044 1154 1220 1153 2024 1220 1154 2024 1154 2023 1188 1192 1149 1150 1189 1149 1185 1150 1083 1185 1189 1150 1186 1189 1185 2030 1193 1229 2030 1229 2031 1193 2030 2055 1127 2033 2032 1125 1192 1190 1192 1191 1190 2033 1127 1193 2033 1193 2055 1127 1156 1193 1062 1156 1127 1062 1157 1156 1125 1196 1091 1125 1158 1198 1196 1125 1198 1125 1191 1158 1190 1191 1125 1194 1062 1160 1091 1196 1159 1160 1195 1194 1195 1160 1161 1236 1161 1162 1196 1198 1197 1199 1236 1162 1163 1196 1164 1164 1196 1197 1202 1199 1167 1167 1137 1202 1164 1201 1168 1166 1164 1168 1201 1164 1200 1140 1202 1137 1201 1171 1139 1168 1201 1139 1203 1171 1201 1140 1170 1202 1205 1170 1172 1174 1171 1206 1206 1171 1203 1207 1203 1204 1207 1206 1203 1172 1170 1208 1174 1207 1242 1174 1206 1207 1210 1246 1175 1246 1211 1175 1208 1175 1211 1173 1175 1208 1242 1209 1176 1244 1176 1209 1212 1246 1143 1246 1210 1143 1176 1245 1144 1177 1144 1245 1177 1247 1178 1257 2057 2046 2047 1298 1257 2047 1257 2046 1212 2048 2056 2048 1212 1143 2048 1143 2035 1179 1297 1115 1116 1115 1297 1213 1145 1116 1147 1180 1250 1147 1250 1181 1183 1182 1215 1184 1183 1215 1184 1252 1254 1255 2061 2039 1214 2040 2059 1214 2058 2040 1216 1123 1218 1218 1123 1217 1217 1151 1218 1151 1219 1262 1218 1151 1262 2044 1187 1148 2044 1148 2043 1152 1259 1258 1152 1153 1259 1221 1153 1220 2025 1221 1220 2025 1220 2024 2026 1222 1221 2026 1221 2025 2064 1223 1222 2064 1222 2063 1149 1228 1188 1149 1189 1269 1228 1149 1269 1186 1224 1189 1216 1224 1186 1218 1224 1216 1223 1221 1222 2065 1225 1223 2065 1223 2064 1225 2065 2066 1225 2066 2049 1225 2049 2050 1267 2051 2054 1267 2054 2028 1229 2027 2031 1192 1226 1191 1192 1188 1227 1226 1192 1227 1188 1228 1227 1193 1273 1229 1230 1193 1156 1227 1191 1226 1156 1157 1230 1157 1231 1230 1062 1231 1157 1062 1194 1231 1158 1191 1276 1195 1232 1194 1233 1198 1158 1279 1198 1233 1161 1235 1234 1161 1234 1232 1161 1232 1195 1161 1236 1235 1197 1198 1237 1237 1198 1279 1282 1236 1199 1199 1202 1282 1164 1197 1200 1237 1200 1197 1237 1239 1200 1282 1202 1238 1200 1203 1201 1239 1203 1200 1204 1203 1239 1240 1204 1239 1241 1286 1170 1241 1170 1205 1241 1205 1172 1204 1240 1207 1243 1292 1208 1172 1208 1292 1243 1211 1246 1208 1211 1243 1245 1176 1244 1245 1293 1177 2057 1257 1212 2057 1212 2056 1257 1248 1212 1246 1212 1300 1212 1248 1300 1247 1177 1293 1330 1178 1247 1179 1178 1297 1116 1297 1213 1214 2060 2058 1298 2047 2067 1213 1333 1145 1249 1180 1145 1250 1180 1249 1182 1181 1301 1182 1301 1215 1184 1215 1303 1303 1252 1184 1253 1254 1252 2038 1254 1255 2038 1255 2039 2061 1255 1256 2061 1256 2062 2062 1256 1214 2062 1214 2059 1263 1148 1187 1189 1224 1260 1260 1224 1261 1218 1347 1224 1218 1262 1347 1219 1263 1262 1148 1263 1219 1264 1263 1187 1258 1264 1187 1259 1264 1258 1153 1264 1259 1221 1264 1153 1221 1265 1264 1221 1266 1265 1223 1266 1221 2052 1308 1225 2052 1225 2050 2051 1267 1312 2051 1312 2053 2029 1268 1267 2029 1267 2028 2027 1229 1268 2027 1268 2029 1189 1270 1269 1260 1270 1189 1268 1271 1267 1229 1271 1268 1229 1272 1271 1273 1272 1229 1193 1230 1273 1191 1227 1274 1276 1191 1274 1227 1269 1274 1227 1228 1269 1230 1231 1315 1274 1278 1276 1194 1232 1231 1158 1276 1233 1276 1278 1277 1233 1276 1279 1280 1276 1277 1279 1276 1280 1236 1281 1234 1236 1234 1235 1237 1279 1322 1322 1279 1283 1284 1282 1238 1322 1285 1237 1287 1284 1202 1202 1284 1238 1237 1285 1239 1202 1170 1286 1287 1202 1286 1239 1285 1240 1286 1241 1287 1289 1242 1285 1242 1240 1285 1287 1292 1325 1287 1172 1292 1241 1172 1287 1242 1207 1240 1242 1289 1209 1209 1290 1244 1291 1244 1290 1244 1291 1245 1294 1331 1246 1331 1369 1246 1246 1369 1295 1295 1243 1246 1245 1329 1293 1299 1248 1257 1299 1298 1248 1248 1336 1300 1246 1300 1294 1330 1296 1178 1297 1178 1296 1213 1297 1333 1249 1145 1251 1145 1333 1251 1250 1249 1251 1181 1250 1251 1303 1304 1252 1253 1252 1305 1252 1304 1305 1254 1253 1305 1255 1254 1306 1254 1305 1306 1255 1306 1256 1214 1256 1378 1299 1257 1298 1251 1301 1181 1302 1215 1301 1304 1303 1215 1310 1224 1347 1263 1307 1262 1263 1339 1307 1264 1341 1263 1223 1342 1266 1225 1308 1223 2053 1312 1308 2053 1308 2052 1269 1270 1309 1309 1270 1260 1260 1345 1309 1261 1310 1260 1310 1345 1260 1224 1310 1261 1311 1310 1347 1267 1349 1312 1267 1271 1349 1272 1273 1314 1269 1275 1313 1274 1269 1313 1269 1309 1275 1273 1230 1314 1230 1315 1314 1315 1231 1316 1275 1274 1313 1232 1317 1316 1232 1316 1231 1277 1278 1320 1320 1278 1358 1232 1234 1317 1234 1354 1317 1357 1354 1234 1318 1234 1281 1318 1359 1234 1359 1357 1234 1281 1236 1318 1280 1319 1279 1280 1277 1319 1319 1277 1321 1321 1277 1320 1279 1319 1283 1282 1284 1236 1283 1319 1322 1321 1322 1319 1287 1318 1236 1287 1323 1318 1284 1287 1236 1285 1322 1289 1289 1322 1321 1324 1289 1321 1287 1325 1288 1287 1288 1323 1326 1289 1324 1290 1326 1324 1327 1325 1292 1289 1326 1209 1290 1209 1326 1327 1292 1243 1291 1328 1245 1329 1245 1328 1327 1295 1369 1243 1295 1327 1293 1368 1247 1330 1247 1368 1297 1370 1332 1297 1296 1370 2068 1335 1298 2068 1298 2067 1298 1335 1412 1248 1298 1336 1298 1412 1336 1331 1300 1336 1294 1300 1331 1333 1297 1332 1411 1251 1333 1251 1372 1373 1251 1373 1301 1215 1302 1375 1215 1375 1304 1304 1376 1305 1256 1306 1378 1214 1378 1334 1335 1214 1334 2060 1214 1335 2060 1335 2068 1347 1262 1337 1262 1307 1338 1337 1262 1338 1339 1263 1340 1340 1263 1341 1381 1341 1264 1264 1265 1348 1381 1264 1348 1348 1265 1266 1343 1266 1342 1342 1223 1343 1223 1308 1344 1343 1223 1344 1345 1310 1385 1346 1385 1310 1310 1311 1346 1338 1347 1337 1340 1307 1339 1341 1307 1340 1381 1307 1341 1343 1348 1266 1308 1343 1344 1312 1349 1308 1271 1272 1350 1275 1309 1353 1385 1309 1345 1350 1351 1271 1272 1351 1350 1272 1314 1351 1315 1351 1314 1274 1355 1278 1274 1275 1356 1355 1274 1356 1316 1317 1352 1278 1355 1358 1275 1353 1356 1361 1320 1358 1361 1360 1321 1320 1361 1321 1362 1359 1318 1361 1364 1360 1318 1323 1362 1321 1360 1324 1324 1360 1364 1363 1364 1361 1328 1324 1364 1365 1288 1325 1366 1404 1327 1404 1405 1327 1365 1327 1405 1325 1327 1365 1290 1324 1291 1328 1291 1324 1328 1402 1329 1327 1369 1366 1329 1367 1293 1368 1293 1367 1371 1331 1336 1409 1369 1331 1330 1407 1296 1408 1296 1407 1370 1296 1408 1333 1332 1410 1332 1370 1410 1333 1410 1411 1335 1334 1415 1335 1415 1412 1371 1336 1412 1411 1372 1251 1374 1301 1373 1302 1301 1374 1376 1304 1375 1377 1305 1376 1311 1347 1424 1379 1424 1347 1379 1347 1380 1380 1347 1338 1307 1380 1338 1307 1381 1380 1348 1419 1381 1343 1382 1348 1343 1383 1382 1343 1426 1383 1308 1426 1343 1349 1420 1308 1349 1271 1384 1353 1309 1385 1385 1386 1391 1346 1386 1385 1311 1424 1346 1349 1387 1421 1384 1387 1349 1271 1387 1384 1271 1351 1387 1385 1391 1353 1351 1388 1429 1351 1315 1388 1389 1315 1316 1316 1352 1389 1353 1390 1356 1390 1353 1391 1352 1317 1389 1317 1354 1389 1395 1390 1391 1357 1437 1392 1357 1392 1354 1356 1393 1358 1355 1356 1358 1390 1393 1356 1394 1390 1395 1394 1393 1390 1437 1357 1359 1358 1393 1361 1396 1393 1394 1359 1362 1437 1393 1398 1361 1397 1393 1396 1398 1393 1397 1323 1400 1437 1437 1362 1323 1361 1398 1363 1399 1400 1323 1323 1288 1399 1363 1398 1364 1364 1398 1402 1401 1402 1398 1399 1365 1400 1288 1365 1399 1364 1402 1328 1403 1402 1401 1367 1329 1402 1367 1403 1368 1367 1402 1403 1409 1366 1369 1409 1480 1366 1404 1366 1480 1368 1406 1330 1407 1330 1406 1408 1446 1370 1413 1371 1412 1331 1371 1414 1414 1409 1331 1447 1370 1446 1410 1370 1447 1373 1372 1450 1372 1449 1450 1373 1450 1374 1302 1374 1451 1302 1451 1375 1376 1375 1377 1305 1377 1488 1306 1305 1452 1305 1488 1452 1378 1306 1452 1378 1452 1454 1378 1454 1415 1334 1378 1415 1380 1381 1417 1416 1380 1417 1417 1381 1425 1381 1419 1418 1425 1381 1418 1382 1383 1348 1426 1308 1420 1420 1349 1421 1346 1422 1386 1346 1424 1423 1422 1346 1423 1416 1424 1379 1380 1416 1379 1387 1427 1421 1351 1428 1387 1387 1428 1427 1428 1351 1429 1391 1386 1431 1433 1391 1431 1386 1422 1423 1388 1430 1429 1315 1430 1388 1315 1389 1430 1395 1391 1436 1433 1436 1391 1354 1432 1389 1354 1392 1432 1392 1434 1432 1436 1435 1395 1438 1392 1437 1394 1395 1396 1435 1439 1395 1439 1396 1395 1440 1439 1436 1439 1435 1436 1437 1400 1438 1397 1396 1398 1398 1396 1403 1403 1396 1439 1441 1439 1440 1443 1400 1442 1398 1403 1401 1444 1439 1441 1444 1403 1439 1442 1400 1365 1480 1405 1404 1480 1474 1405 1442 1405 1474 1365 1405 1442 1403 1444 1368 1406 1368 1444 1407 1406 1444 1445 1407 1444 1407 1445 1408 1514 1480 1409 1408 1478 1446 1410 1447 1411 1455 1413 1412 1371 1413 1456 1514 1414 1371 1409 1414 1514 1411 1448 1372 1449 1372 1448 1485 1375 1451 1377 1375 1457 1377 1457 1488 1454 1452 1453 1455 1415 1454 1412 1415 1455 1458 1419 1348 1348 1383 1459 1461 1348 1459 1424 1416 1496 1460 1496 1416 1460 1416 1492 1417 1492 1416 1425 1492 1417 1425 1490 1492 1419 1425 1418 1419 1490 1425 1523 1419 1458 1348 1523 1458 1461 1523 1348 1383 1461 1459 1383 1426 1461 1426 1462 1461 1420 1462 1426 1421 1491 1420 1421 1427 1491 1463 1427 1428 1423 1466 1386 1466 1423 1467 1423 1464 1467 1424 1464 1423 1429 1465 1428 1430 1465 1429 1386 1466 1431 1434 1389 1432 1431 1436 1433 1431 1466 1436 1436 1466 1468 1434 1392 1469 1468 1471 1436 1392 1438 1469 1440 1436 1470 1471 1503 1436 1503 1470 1436 1438 1400 1472 1469 1438 1472 1503 1440 1470 1440 1503 1441 1477 1503 1473 1400 1443 1507 1472 1400 1507 1441 1503 1444 1444 1503 1477 1507 1442 1474 1443 1442 1507 1444 1477 1445 1478 1477 1475 1476 1474 1480 1445 1477 1408 1478 1408 1477 1447 1479 1512 1446 1479 1447 1446 1478 1479 1482 1514 1371 1483 1480 1514 1411 1447 1512 1481 1411 1512 1448 1411 1481 1448 1481 1449 1450 1449 1484 1449 1481 1484 1374 1450 1485 1450 1484 1485 1451 1374 1485 1488 1487 1452 1487 1522 1452 1453 1452 1489 1452 1522 1489 1455 1454 1519 1454 1453 1519 1455 1456 1413 1371 1456 1482 1485 1457 1375 1487 1488 1457 1492 1490 1529 1493 1492 1529 1523 1490 1419 1462 1526 1461 1420 1556 1462 1491 1527 1420 1424 1495 1464 1495 1424 1496 1463 1491 1427 1463 1428 1491 1428 1494 1491 1465 1494 1428 1466 1467 1495 1467 1464 1495 1465 1497 1494 1430 1497 1465 1430 1389 1498 1389 1434 1498 1495 1499 1466 1500 1430 1501 1430 1498 1501 1498 1434 1501 1499 1468 1466 1501 1434 1502 1469 1472 1502 1434 1469 1502 1468 1503 1471 1499 1506 1468 1504 1499 1535 1506 1499 1504 1502 1472 1508 1468 1505 1503 1506 1509 1468 1509 1505 1468 1508 1472 1507 1503 1475 1473 1505 1509 1503 1509 1475 1503 1508 1507 1540 1473 1475 1477 1510 1512 1509 1512 1475 1509 1540 1476 1511 1507 1476 1540 1474 1476 1507 1479 1478 1475 1479 1475 1512 1511 1480 1548 1511 1476 1480 1513 1481 1512 1481 1515 1516 1481 1513 1515 1553 1482 1456 1554 1514 1482 1548 1483 1514 1480 1483 1548 1484 1481 1516 1517 1484 1516 1485 1484 1517 1518 1485 1517 1457 1485 1521 1485 1520 1521 1457 1521 1486 1457 1486 1487 1453 1489 1519 1553 1455 1519 1456 1455 1553 1529 1490 1530 1530 1490 1523 1524 1523 1526 1523 1461 1525 1526 1523 1525 1525 1461 1526 1556 1420 1527 1492 1532 1460 1532 1492 1528 1492 1493 1533 1528 1492 1533 1524 1530 1523 1462 1556 1526 1491 1557 1527 1491 1494 1557 1535 1496 1532 1496 1460 1532 1494 1534 1531 1494 1497 1534 1497 1430 1534 1495 1535 1499 1495 1496 1535 1528 1535 1532 1500 1534 1430 1573 1504 1535 1528 1538 1535 1538 1528 1536 1502 1537 1500 1502 1500 1501 1573 1535 1538 1573 1539 1504 1542 1539 1573 1502 1508 1540 1506 1504 1509 1509 1504 1510 1510 1504 1513 1513 1504 1539 1542 1544 1539 1544 1513 1539 1545 1544 1542 1541 1511 1543 1540 1511 1541 1510 1513 1512 1545 1513 1544 1547 1516 1545 1543 1548 1546 1511 1548 1543 1513 1545 1515 1516 1515 1545 1547 1517 1516 1482 1553 1554 1553 1590 1554 1514 1554 1548 1518 1520 1485 1521 1520 1549 1486 1521 1549 1487 1486 1549 1550 1487 1549 1522 1487 1550 1551 1522 1550 1552 1489 1522 1553 1519 1489 1529 1530 1561 1530 1524 1559 1526 1556 1555 1599 1556 1527 1527 1595 1599 1527 1557 1595 1557 1494 1558 1494 1531 1558 1493 1561 1533 1493 1529 1561 1526 1555 1524 1558 1560 1557 1534 1560 1558 1534 1558 1531 1528 1561 1536 1528 1533 1561 1566 1569 1561 1562 1566 1561 1530 1563 1561 1563 1562 1561 1559 1563 1530 1524 1564 1559 1564 1524 1555 1534 1567 1571 1534 1500 1565 1534 1565 1567 1569 1568 1561 1568 1536 1561 1564 1570 1559 1570 1563 1559 1500 1537 1567 1500 1567 1565 1537 1502 1567 1536 1573 1538 1573 1536 1568 1562 1575 1566 1575 1569 1566 1563 1575 1562 1570 1575 1563 1601 1570 1564 1572 1571 1567 1502 1540 1572 1567 1502 1572 1576 1573 1568 1574 1576 1568 1569 1574 1568 1575 1574 1569 1575 1570 1601 1571 1543 1580 1540 1541 1572 1573 1582 1542 1576 1577 1573 1577 1582 1573 1577 1576 1574 1578 1577 1574 1575 1578 1574 1579 1575 1601 1579 1586 1575 1586 1585 1575 1572 1543 1571 1541 1543 1572 1542 1582 1545 1575 1583 1578 1584 1583 1575 1585 1584 1575 1580 1546 1581 1543 1546 1580 1545 1582 1547 1577 1547 1582 1517 1547 1577 1517 1577 1583 1578 1583 1577 1588 1585 1586 1581 1548 1591 1581 1546 1548 1517 1583 1518 1520 1518 1583 1549 1520 1583 1584 1549 1583 1585 1549 1584 1550 1549 1585 1588 1550 1585 1551 1550 1588 1522 1551 1588 1589 1522 1588 1589 1588 1552 1589 1552 1522 1489 1552 1590 1553 1489 1590 1591 1554 1590 1548 1554 1591 1595 1557 1593 1597 1555 1592 1555 1556 1599 1555 1599 1592 1557 1594 1593 1557 1560 1594 1560 1534 1594 1555 1597 1564 1534 1596 1594 1534 1571 1596 1592 1598 1597 1598 1601 1597 1599 1613 1592 1571 1580 1596 1564 1597 1601 1613 1603 1592 1603 1598 1592 1596 1580 1600 1602 1579 1601 1598 1602 1601 1603 1602 1598 1600 1580 1605 1603 1607 1602 1580 1581 1605 1586 1579 1606 1606 1579 1602 1607 1608 1602 1608 1606 1602 1605 1587 1604 1581 1587 1605 1586 1606 1588 1608 1588 1606 1609 1608 1607 1609 1591 1590 1581 1591 1587 1588 1608 1552 1590 1552 1608 1609 1590 1608 1593 1594 1610 1593 1611 1595 1611 1593 1612 1610 1612 1593 1594 1596 1610 1595 1611 1599 1596 1600 1610 1599 1611 1613 1612 1613 1611 1610 1600 1612 1612 1614 1613 1604 1614 1600 1600 1614 1612 1605 1604 1600 1613 1607 1603 1614 1607 1613 1604 1587 1614 1587 1591 1607 1614 1587 1607 1591 1609 1607</p>
        </triangles>
      </mesh>
    </geometry>
  </library_geometries>
  <library_visual_scenes>
    <visual_scene id="Scene" name="Scene">
      <node id="tail_tip-node" name="tail_tip">
        <instance_geometry url="#tail_tip-geom">
          <bind_material><technique_common>
            <instance_material symbol="tail_tip-mat" target="#tail_tip-material"/>
          </technique_common></bind_material>
        </instance_geometry>
      </node>
    </visual_scene>
  </library_visual_scenes>
  <scene><instance_visual_scene url="#Scene"/></scene>
</COLLADA>
